{"id":"AD","name":"Andorra","month":"2016-11","access_date":"2016-12-03","data":{"firefox":{"2":null,"3":null,"3.5":null,"3.6":null,"4":null,"5":null,"6":null,"7":null,"8":null,"9":null,"10":null,"11":null,"12":null,"13":null,"14":null,"15":null,"16":null,"17":null,"18":null,"19":null,"20":null,"21":null,"22":null,"23":null,"24":null,"25":null,"26":0.01257,"27":null,"28":null,"29":null,"30":0.01257,"31":null,"32":null,"33":null,"34":null,"35":null,"36":null,"37":0.069135,"38":0.05028,"39":0.01257,"40":null,"41":null,"42":null,"43":0.094275,"44":0.006285,"45":0.131985,"46":0.131985,"47":0.26397,"48":0.659925,"49":6.303855,"50":3.023085,"51":0.02514,"52":null,"53":null},"chrome":{"4":null,"5":null,"6":null,"7":null,"8":null,"9":null,"10":null,"11":0.01257,"12":null,"13":null,"14":null,"15":null,"16":null,"17":null,"18":null,"19":null,"20":null,"21":null,"22":0.144555,"23":null,"24":null,"25":null,"26":null,"27":null,"28":null,"29":null,"30":null,"31":0.043995,"32":0.01257,"33":null,"34":0.01257,"35":0.006285,"36":0.03771,"37":0.006285,"38":0.018855,"39":0.01257,"40":0.05028,"41":0.01257,"42":null,"43":0.069135,"44":0.01257,"45":null,"46":0.05028,"47":0.02514,"48":0.01257,"49":2.268885,"50":0.1257,"51":0.6285,"52":0.08799,"53":0.38967,"54":27.283185,"55":0.018855,"56":0.018855,"57":null},"opera":{"9":null,"9.5-9.6":null,"10.0-10.1":0,"10.5":null,"10.6":null,"11":null,"11.1":null,"11.5":null,"11.6":null,"12":null,"12.1":null,"15":null,"16":null,"17":null,"18":null,"19":null,"20":null,"21":null,"22":null,"23":null,"24":null,"25":null,"26":null,"27":null,"28":null,"29":null,"30":null,"31":null,"32":null,"33":null,"34":null,"35":null,"36":0.018855,"37":null,"38":0.1257,"39":null,"40":null,"41":0.13827,"42":null,"43":null},"safari":{"3.1":null,"3.2":null,"4":0,"5":0.08799,"5.1":0.31425,"6":null,"6.1":0.094275,"7":0.069135,"7.1":null,"8":0.66621,"9":0.41481,"9.1":2.520285,"10":7.975665,"0":null},"ios_saf":{"3.2":0,"4.0-4.1":0,"4.2-4.3":0,"5.0-5.1":0,"6.0-6.1":0,"7.0-7.1":0.305416869728,"8":0,"8.1-8.4":0.394496790066,"9.0-9.2":0.304002902739,"9.3":1.99086552119,"10-10.1":10.5835429163},"android":{"2.1":0,"2.2":0,"2.3":0.00399085940445,"3":0,"4":0.0345874481719,"4.1":0.109748633622,"4.2-4.3":0.313282463249,"4.4":0.738308989823,"4.4.3-4.4.4":0.564706605729,"53":null},"op_mob":{"10":0,"11":0,"11.1":0,"11.5":0,"12":0,"12.1":6.40490567609e-5,"0":0.00230576604339},"ie":{"5.5":null,"6":null,"7":0.01257,"8":0.10056,"9":0.157125,"10":0.232545,"11":3.87156},"edge":{"12":0.03771,"13":0.509085,"14":1.828935},"bb":{"7":0.00743,"10":null},"ie_mob":{"10":0.04707648,"11":0.22040352},"and_ff":{"0":0.026005},"samsung":{"0":2.54106},"and_uc":{"0":0.018575},"op_mini":{"0":0.0310651848998},"and_chr":{"0":19.48238}},"total":99.05463}