{"id":"AE","name":"United Arab Emirates","month":"2016-11","access_date":"2016-12-03","data":{"firefox":{"2":null,"3":0.016564,"3.5":0.004141,"3.6":0.020705,"4":null,"5":null,"6":null,"7":null,"8":null,"9":null,"10":null,"11":0.004141,"12":null,"13":null,"14":null,"15":null,"16":null,"17":null,"18":null,"19":null,"20":null,"21":0.024846,"22":0.008282,"23":0.008282,"24":0.008282,"25":0.008282,"26":null,"27":0.008282,"28":0.008282,"29":0.004141,"30":0.004141,"31":0.008282,"32":0.008282,"33":0.008282,"34":0.004141,"35":0.008282,"36":0.008282,"37":0.028987,"38":0.045551,"39":0.012423,"40":0.012423,"41":0.012423,"42":0.012423,"43":0.053833,"44":0.037269,"45":0.049692,"46":0.049692,"47":0.211191,"48":0.149076,"49":1.660541,"50":1.03525,"51":0.074538,"52":null,"53":null},"chrome":{"4":null,"5":null,"6":null,"7":null,"8":null,"9":null,"10":0.008282,"11":0.008282,"12":0.008282,"13":null,"14":0.008282,"15":null,"16":null,"17":0.004141,"18":0.016564,"19":0.012423,"20":0.008282,"21":0.008282,"22":0.033128,"23":0.008282,"24":null,"25":0.008282,"26":0.020705,"27":0.016564,"28":0.012423,"29":0.028987,"30":0.024846,"31":0.062115,"32":0.020705,"33":0.037269,"34":0.049692,"35":0.020705,"36":0.024846,"37":0.016564,"38":0.04141,"39":0.037269,"40":0.020705,"41":0.057974,"42":0.033128,"43":0.306434,"44":0.103525,"45":0.053833,"46":0.037269,"47":0.314716,"48":0.045551,"49":1.039391,"50":0.095243,"51":0.476215,"52":0.219473,"53":1.006263,"54":23.367663,"55":0.115948,"56":0.128371,"57":null},"opera":{"9":null,"9.5-9.6":null,"10.0-10.1":0,"10.5":null,"10.6":null,"11":null,"11.1":null,"11.5":null,"11.6":null,"12":0.004141,"12.1":0.020705,"15":null,"16":null,"17":null,"18":null,"19":null,"20":null,"21":null,"22":null,"23":null,"24":null,"25":null,"26":0.004141,"27":null,"28":0.037269,"29":null,"30":null,"31":null,"32":null,"33":0.012423,"34":null,"35":null,"36":0.016564,"37":0.024846,"38":0.045551,"39":0.016564,"40":0.016564,"41":0.4141,"42":null,"43":null},"safari":{"3.1":null,"3.2":null,"4":0.004141,"5":0.012423,"5.1":0.045551,"6":0.008282,"6.1":0.033128,"7":0.033128,"7.1":0.016564,"8":0.190486,"9":0.190486,"9.1":0.70397,"10":1.499042,"0":null},"ios_saf":{"3.2":0,"4.0-4.1":0,"4.2-4.3":0,"5.0-5.1":0,"6.0-6.1":0,"7.0-7.1":0.228029240862,"8":0,"8.1-8.4":0.294537769447,"9.0-9.2":0.226973549932,"9.3":1.48641282932,"10-10.1":7.90184661043},"android":{"2.1":0,"2.2":0,"2.3":0.00481081040332,"3":0,"4":0.0416936901621,"4.1":0.132297286091,"4.2-4.3":0.37764861666,"4.4":0.889999924614,"4.4.3-4.4.4":0.680729672069,"53":null},"op_mob":{"10":0,"11":0,"11.1":0,"11.5":0,"12":0,"12.1":0.00680270520135,"0":0.244897387249},"ie":{"5.5":null,"6":null,"7":0.00418937616822,"8":0.268120074766,"9":0.33096071729,"10":0.230415689252,"11":2.75242014252},"edge":{"12":0.062115,"13":0.252601,"14":1.043532},"bb":{"7":0.068855,"10":null},"ie_mob":{"10":0.05569344,"11":0.26074656},"and_ff":{"0":0.0293},"samsung":{"0":3.35778},"and_uc":{"0":18.17186},"op_mini":{"0":3.29945990755},"and_chr":{"0":21.116146}},"total":98.758492}