{"id":"AF","name":"Afghanistan","month":"2016-11","access_date":"2016-12-03","data":{"firefox":{"2":null,"3":0.01926,"3.5":0.00321,"3.6":0.00642,"4":0.01605,"5":0.00642,"6":0.00321,"7":0.00321,"8":0.00642,"9":0.01605,"10":0.00963,"11":0.01926,"12":0.02247,"13":0.00963,"14":0.01605,"15":0.01605,"16":0.01284,"17":0.01926,"18":0.02247,"19":0.00642,"20":0.01605,"21":0.03531,"22":0.02247,"23":0.00642,"24":0.30495,"25":0.02568,"26":0.02889,"27":0.02247,"28":0.00642,"29":0.12198,"30":0.05136,"31":0.03531,"32":0.00963,"33":0.05457,"34":0.05457,"35":0.03531,"36":0.01926,"37":0.04173,"38":0.07704,"39":0.07704,"40":0.04815,"41":0.10272,"42":0.07704,"43":0.34989,"44":0.17013,"45":0.07704,"46":0.10914,"47":0.64842,"48":0.37878,"49":2.568,"50":1.4124,"51":0.11556,"52":null,"53":null},"chrome":{"4":null,"5":null,"6":0.00321,"7":null,"8":0.00963,"9":null,"10":0.00963,"11":0.02568,"12":0.00642,"13":null,"14":0.00321,"15":0.00321,"16":0.01926,"17":0.01605,"18":0.00642,"19":0.01926,"20":0.01605,"21":0.00642,"22":0.01926,"23":0.02247,"24":0.01284,"25":0.01926,"26":0.00963,"27":0.01605,"28":0.02568,"29":0.02247,"30":0.02889,"31":0.03852,"32":0.01284,"33":0.05136,"34":0.0321,"35":0.00963,"36":0.0321,"37":0.05457,"38":0.02568,"39":0.04494,"40":0.04173,"41":0.00963,"42":0.00642,"43":0.29853,"44":0.0321,"45":0.42693,"46":0.0963,"47":0.17976,"48":0.05136,"49":0.34026,"50":0.04815,"51":0.40125,"52":0.14124,"53":0.50076,"54":13.85757,"55":0.07062,"56":0.10272,"57":null},"opera":{"9":null,"9.5-9.6":null,"10.0-10.1":0,"10.5":null,"10.6":null,"11":null,"11.1":null,"11.5":0.00642,"11.6":0.00642,"12":null,"12.1":0.00642,"15":null,"16":0.01926,"17":null,"18":null,"19":null,"20":0.00321,"21":null,"22":0.01605,"23":null,"24":null,"25":null,"26":0.00642,"27":null,"28":0.00642,"29":0.00963,"30":null,"31":0.00642,"32":null,"33":0.00642,"34":0.01605,"35":0.01926,"36":0.01605,"37":0.01926,"38":0.00642,"39":0.01284,"40":0.02889,"41":0.54249,"42":null,"43":null},"safari":{"3.1":null,"3.2":null,"4":0,"5":0.00963,"5.1":0.00963,"6":null,"6.1":0.00642,"7":0.00963,"7.1":null,"8":0.03852,"9":0.04815,"9.1":0.1284,"10":0.68694,"0":null},"ios_saf":{"3.2":0,"4.0-4.1":0,"4.2-4.3":0,"5.0-5.1":0,"6.0-6.1":0,"7.0-7.1":0.136538181818,"8":0,"8.1-8.4":0.176361818182,"9.0-9.2":0.135906060606,"9.3":0.890026666667,"10-10.1":4.73142727273},"android":{"2.1":0,"2.2":0,"2.3":0.0212990501319,"3":0,"4":0.18459176781,"4.1":0.585723878628,"4.2-4.3":1.67197543536,"4.4":3.94032427441,"4.4.3-4.4.4":3.01381559367,"53":null},"op_mob":{"10":0,"11":0,"11.1":0,"11.5":0,"12":0,"12.1":0.0123697722067,"0":0.445311799442},"ie":{"5.5":null,"6":0.0387569420035,"7":0.0290677065026,"8":0.494151010545,"9":0.274528339192,"10":0.239001142355,"11":2.5999448594},"edge":{"12":0.17655,"13":0.14445,"14":0.36594},"bb":{"7":0.0084875,"10":null},"ie_mob":{"10":0.04421648,"11":0.20701352},"and_ff":{"0":0.07469},"samsung":{"0":4.86164},"and_uc":{"0":7.08876},"op_mini":{"0":5.99960842835},"and_chr":{"0":33.5308}},"total":98.3810775}