{"id":"AG","name":"Antigua and Barbuda","month":"2016-11","access_date":"2016-12-03","data":{"firefox":{"2":null,"3":0.009962,"3.5":null,"3.6":0.014943,"4":0.009962,"5":null,"6":0.004981,"7":0.004981,"8":null,"9":null,"10":0.004981,"11":0.009962,"12":null,"13":null,"14":0.04981,"15":0.004981,"16":0.004981,"17":null,"18":null,"19":null,"20":null,"21":0.891599,"22":0.139468,"23":0.144449,"24":0.144449,"25":0.179316,"26":0.014943,"27":0.094639,"28":0.089658,"29":0.104601,"30":null,"31":0.164373,"32":null,"33":0.044829,"34":0.029886,"35":0.004981,"36":0.054791,"37":0.841789,"38":0.004981,"39":0.014943,"40":0.04981,"41":0.368594,"42":0.059772,"43":0.034867,"44":0.014943,"45":0.029886,"46":0.04981,"47":0.169354,"48":0.139468,"49":2.09202,"50":1.180497,"51":0.019924,"52":null,"53":null},"chrome":{"4":null,"5":null,"6":null,"7":null,"8":null,"9":null,"10":null,"11":0.019924,"12":null,"13":null,"14":null,"15":null,"16":null,"17":null,"18":null,"19":null,"20":null,"21":null,"22":0.044829,"23":null,"24":0.009962,"25":null,"26":null,"27":0.318784,"28":0.134487,"29":0.14943,"30":0.069734,"31":0.124525,"32":0.169354,"33":0.104601,"34":0.104601,"35":0.19924,"36":0.209202,"37":0.443309,"38":0.029886,"39":0.019924,"40":0.019924,"41":1.583958,"42":0.079696,"43":0.353651,"44":0.029886,"45":0.079696,"46":0.124525,"47":0.044829,"48":0.019924,"49":0.871675,"50":0.094639,"51":0.318784,"52":0.169354,"53":0.722245,"54":17.861866,"55":0.144449,"56":0.089658,"57":null},"opera":{"9":null,"9.5-9.6":null,"10.0-10.1":0,"10.5":null,"10.6":null,"11":0.009962,"11.1":null,"11.5":0.004981,"11.6":0.094639,"12":0.194259,"12.1":0.219164,"15":0.004981,"16":null,"17":null,"18":null,"19":0.004981,"20":0.004981,"21":null,"22":null,"23":null,"24":null,"25":null,"26":null,"27":0.014943,"28":1.459433,"29":0.119544,"30":null,"31":null,"32":null,"33":0.024905,"34":0.009962,"35":0.009962,"36":0.004981,"37":0.254031,"38":0.024905,"39":null,"40":null,"41":0.328746,"42":null,"43":null},"safari":{"3.1":null,"3.2":null,"4":0.004981,"5":0.14943,"5.1":0.169354,"6":null,"6.1":0.039848,"7":0.074715,"7.1":null,"8":0.074715,"9":0.19924,"9.1":0.527986,"10":1.683578,"0":null},"ios_saf":{"3.2":0,"4.0-4.1":0,"4.2-4.3":0,"5.0-5.1":0,"6.0-6.1":0,"7.0-7.1":0.20647987254,"8":0,"8.1-8.4":0.266703168697,"9.0-9.2":0.205523947204,"9.3":1.34594287285,"10-10.1":7.15510113871},"android":{"2.1":0,"2.2":0,"2.3":0.012906,"3":0,"4":0.111852,"4.1":0.354915,"4.2-4.3":1.013121,"4.4":2.38761,"4.4.3-4.4.4":1.826199,"53":null},"op_mob":{"10":0,"11":0,"11.1":0,"11.5":0,"12":0,"12.1":0.00245170824137,"0":0.0882614966893},"ie":{"5.5":null,"6":null,"7":0.0152507505721,"8":0.406686681922,"9":0.640531524027,"10":0.472773267735,"11":2.90780977574},"edge":{"12":0.164373,"13":0.567834,"14":1.658673},"bb":{"7":0.4241055,"10":null},"ie_mob":{"10":0.435488592,"11":2.038878408},"and_ff":{"0":0.40152},"samsung":{"0":3.859611},"and_uc":{"0":0.587223},"op_mini":{"0":1.18913179507},"and_chr":{"0":28.997064}},"total":97.5099635}