{"id":"AI","name":"Anguilla","month":"2016-11","access_date":"2016-12-03","data":{"firefox":{"2":null,"3":null,"3.5":null,"3.6":null,"4":null,"5":null,"6":null,"7":null,"8":null,"9":null,"10":null,"11":null,"12":null,"13":null,"14":null,"15":null,"16":null,"17":null,"18":null,"19":null,"20":null,"21":null,"22":null,"23":null,"24":null,"25":null,"26":null,"27":null,"28":null,"29":null,"30":null,"31":0.043547,"32":null,"33":null,"34":null,"35":null,"36":null,"37":null,"38":null,"39":0.006221,"40":0.006221,"41":null,"42":0.006221,"43":null,"44":0.006221,"45":0.012442,"46":null,"47":0.360818,"48":0.479017,"49":2.451074,"50":1.455714,"51":0.018663,"52":null,"53":null},"chrome":{"4":null,"5":null,"6":null,"7":null,"8":null,"9":null,"10":null,"11":0.018663,"12":null,"13":null,"14":null,"15":null,"16":null,"17":null,"18":0.012442,"19":null,"20":null,"21":null,"22":0.006221,"23":null,"24":null,"25":0.006221,"26":null,"27":null,"28":null,"29":0.012442,"30":null,"31":null,"32":0.018663,"33":0.074652,"34":0.012442,"35":null,"36":0.031105,"37":0.018663,"38":0.690531,"39":0.024884,"40":0.012442,"41":0.018663,"42":null,"43":0.037326,"44":0.012442,"45":null,"46":0.024884,"47":0.049768,"48":0.012442,"49":1.374841,"50":0.049768,"51":0.273724,"52":0.055989,"53":0.852277,"54":34.532771,"55":0.087094,"56":0.074652,"57":0.006221},"opera":{"9":null,"9.5-9.6":null,"10.0-10.1":0,"10.5":null,"10.6":null,"11":null,"11.1":null,"11.5":null,"11.6":null,"12":null,"12.1":0.006221,"15":null,"16":null,"17":null,"18":null,"19":null,"20":null,"21":null,"22":null,"23":null,"24":null,"25":null,"26":null,"27":null,"28":null,"29":0.031105,"30":null,"31":null,"32":null,"33":0.006221,"34":null,"35":null,"36":null,"37":0.049768,"38":null,"39":null,"40":null,"41":0.155525,"42":null,"43":null},"safari":{"3.1":null,"3.2":null,"4":0.018663,"5":0.012442,"5.1":0.143083,"6":null,"6.1":0.105757,"7":0.018663,"7.1":0.06221,"8":0.205293,"9":0.161746,"9.1":0.6221,"10":2.575494,"0":null},"ios_saf":{"3.2":0,"4.0-4.1":0,"4.2-4.3":0,"5.0-5.1":0,"6.0-6.1":0,"7.0-7.1":0.262397893158,"8":0,"8.1-8.4":0.338930611996,"9.0-9.2":0.261183088097,"9.3":1.71044552577,"10-10.1":9.09281588097},"android":{"2.1":0,"2.2":0,"2.3":0.0057774685262,"3":0,"4":0.0500713938937,"4.1":0.15888038447,"4.2-4.3":0.453531279306,"4.4":1.06883167735,"4.4.3-4.4.4":0.817511796457,"53":null},"op_mob":{"10":0,"11":0,"11.1":0,"11.5":0,"12":0,"12.1":0.000238892349977,"0":0.00860012459918},"ie":{"5.5":null,"6":null,"7":null,"8":0.143083,"9":0.634542,"10":0.304829,"11":4.29249},"edge":{"12":0.111978,"13":0.6221,"14":4.628424},"bb":{"7":0.090696,"10":null},"ie_mob":{"10":0.027934368,"11":0.130783632},"and_ff":{"0":0.034011},"samsung":{"0":4.693518},"and_uc":{"0":0.374121},"op_mini":{"0":0.115867983051},"and_chr":{"0":20.660695}},"total":98.516972}