{"id":"AL","name":"Albania","month":"2016-11","access_date":"2016-12-03","data":{"firefox":{"2":null,"3":0.0441,"3.5":null,"3.6":0.01323,"4":0.01323,"5":null,"6":null,"7":null,"8":null,"9":null,"10":0.01323,"11":0.00882,"12":null,"13":null,"14":0.01764,"15":null,"16":null,"17":null,"18":null,"19":null,"20":null,"21":0.01323,"22":0.00882,"23":null,"24":0.02205,"25":null,"26":null,"27":0.00441,"28":0.00882,"29":0.01323,"30":0.01323,"31":0.01764,"32":0.01323,"33":0.01764,"34":0.00882,"35":0.01323,"36":0.07938,"37":0.03087,"38":0.04851,"39":0.03087,"40":0.03528,"41":0.03528,"42":0.02205,"43":0.18081,"44":0.06615,"45":0.07938,"46":0.11025,"47":0.51156,"48":0.21609,"49":2.09475,"50":1.15983,"51":0.03969,"52":null,"53":null},"chrome":{"4":null,"5":0.00441,"6":null,"7":null,"8":null,"9":null,"10":0.00882,"11":0.02205,"12":0.00882,"13":null,"14":0.00441,"15":0.00441,"16":0.00441,"17":null,"18":0.01764,"19":null,"20":null,"21":0.00441,"22":0.0441,"23":0.00441,"24":null,"25":0.00441,"26":0.01323,"27":0.07938,"28":0.01323,"29":0.03528,"30":0.01764,"31":0.01764,"32":0.00882,"33":0.03528,"34":0.03528,"35":0.02205,"36":0.02646,"37":0.02205,"38":0.02646,"39":0.13671,"40":0.0441,"41":0.05733,"42":0.01764,"43":0.18081,"44":0.07497,"45":0.03969,"46":0.07497,"47":0.11025,"48":0.10584,"49":4.29975,"50":0.18522,"51":0.98784,"52":0.26019,"53":0.5292,"54":25.578,"55":0.10584,"56":0.07056,"57":null},"opera":{"9":null,"9.5-9.6":null,"10.0-10.1":0,"10.5":null,"10.6":null,"11":null,"11.1":null,"11.5":null,"11.6":null,"12":null,"12.1":0.01764,"15":null,"16":null,"17":null,"18":null,"19":null,"20":null,"21":null,"22":null,"23":null,"24":null,"25":null,"26":null,"27":null,"28":0.02205,"29":null,"30":null,"31":null,"32":null,"33":null,"34":null,"35":null,"36":0.05292,"37":0.02646,"38":0.15435,"39":0.01764,"40":0.02205,"41":0.43218,"42":null,"43":null},"safari":{"3.1":null,"3.2":null,"4":0.01323,"5":0.00882,"5.1":0.02205,"6":null,"6.1":0.00882,"7":0.00441,"7.1":0.00441,"8":0.02205,"9":0.03528,"9.1":0.10143,"10":0.20727,"0":null},"ios_saf":{"3.2":0,"4.0-4.1":0,"4.2-4.3":0,"5.0-5.1":0,"6.0-6.1":0,"7.0-7.1":0.320934927835,"8":0,"8.1-8.4":0.414540948454,"9.0-9.2":0.319449117984,"9.3":2.09202027033,"10-10.1":11.1212867354},"android":{"2.1":0,"2.2":0,"2.3":0.014869994723,"3":0,"4":0.128873287599,"4.1":0.408924854881,"4.2-4.3":1.16729458575,"4.4":2.75094902375,"4.4.3-4.4.4":2.1041042533,"53":null},"op_mob":{"10":0,"11":0,"11.1":0,"11.5":0,"12":0,"12.1":0.00311669204181,"0":0.112200913505},"ie":{"5.5":null,"6":0.042369075,"7":0.023538375,"8":0.6214131,"9":0.127107225,"10":0.1129842,"11":0.95095035},"edge":{"12":0.02205,"13":0.10143,"14":0.30429},"bb":{"7":0.05591,"10":null},"ie_mob":{"10":0.214515488,"11":1.004322512},"and_ff":{"0":0.022364},"samsung":{"0":3.421692},"and_uc":{"0":0.251595},"op_mini":{"0":1.51166339445},"and_chr":{"0":29.164057}},"total":98.433237325}