{"id":"as","name":"Asia","month":"2016-11","access_date":"2016-12-03","data":{"firefox":{"2":null,"3":0.047614,"3.5":0.006802,"3.6":0.023807,"4":0.006802,"5":0.003401,"6":0.003401,"7":null,"8":0.023807,"9":0.003401,"10":0.006802,"11":0.006802,"12":0.013604,"13":0.006802,"14":0.006802,"15":0.006802,"16":0.006802,"17":0.006802,"18":0.006802,"19":0.006802,"20":0.006802,"21":0.020406,"22":0.006802,"23":0.010203,"24":0.006802,"25":0.010203,"26":0.006802,"27":0.006802,"28":0.010203,"29":0.017005,"30":0.013604,"31":0.027208,"32":0.010203,"33":0.013604,"34":0.017005,"35":0.020406,"36":0.020406,"37":0.030609,"38":0.044213,"39":0.027208,"40":0.023807,"41":0.027208,"42":0.023807,"43":0.129238,"44":0.088426,"45":0.071421,"46":0.061218,"47":0.278882,"48":0.149644,"49":1.578064,"50":0.935275,"51":0.085025,"52":null,"53":null},"chrome":{"4":0.003401,"5":null,"6":0.003401,"7":null,"8":0.003401,"9":null,"10":0.006802,"11":0.030609,"12":0.010203,"13":0.003401,"14":0.006802,"15":0.006802,"16":0.006802,"17":0.010203,"18":0.010203,"19":0.010203,"20":0.010203,"21":0.013604,"22":0.057817,"23":0.013604,"24":0.013604,"25":0.017005,"26":0.027208,"27":0.020406,"28":0.023807,"29":0.023807,"30":0.020406,"31":0.13604,"32":0.020406,"33":0.047614,"34":0.03401,"35":0.023807,"36":0.017005,"37":0.017005,"38":0.03401,"39":0.047614,"40":0.027208,"41":0.040812,"42":0.064619,"43":0.268679,"44":0.057817,"45":0.561165,"46":0.085025,"47":0.153045,"48":0.112233,"49":1.3604,"50":0.221065,"51":0.455734,"52":0.278882,"53":0.629185,"54":17.586571,"55":0.085025,"56":0.078223,"57":null},"opera":{"9":null,"9.5-9.6":null,"10.0-10.1":0,"10.5":null,"10.6":null,"11":null,"11.1":null,"11.5":null,"11.6":0.006802,"12":0.010203,"12.1":0.030609,"15":null,"16":null,"17":null,"18":null,"19":null,"20":null,"21":null,"22":null,"23":null,"24":null,"25":null,"26":null,"27":null,"28":0.020406,"29":null,"30":null,"31":null,"32":null,"33":null,"34":null,"35":null,"36":0.013604,"37":0.023807,"38":0.037411,"39":0.003401,"40":0.010203,"41":0.261877,"42":null,"43":null},"safari":{"3.1":null,"3.2":null,"4":0.006802,"5":0.013604,"5.1":0.023807,"6":0.006802,"6.1":0.013604,"7":0.013604,"7.1":0.003401,"8":0.047614,"9":0.047614,"9.1":0.163248,"10":0.3401,"0":null},"ios_saf":{"3.2":0,"4.0-4.1":0,"4.2-4.3":0,"5.0-5.1":0,"6.0-6.1":0,"7.0-7.1":0.152884048735,"8":0,"8.1-8.4":0.197475229616,"9.0-9.2":0.152176252213,"9.3":0.996577502864,"10-10.1":5.29785696657},"android":{"2.1":0,"2.2":0,"2.3":0.00829787561251,"3":0,"4":0.0719149219751,"4.1":0.228191579344,"4.2-4.3":0.651383235582,"4.4":1.53510698832,"4.4.3-4.4.4":1.17414939917,"53":null},"op_mob":{"10":0,"11":0,"11.1":0,"11.5":0,"12":0,"12.1":0.00987280531379,"0":0.355420991296},"ie":{"5.5":null,"6":0.0253158943662,"7":0.0216993380282,"8":0.441219873239,"9":0.245925830986,"10":0.206143711268,"11":2.14100135211},"edge":{"12":0.040812,"13":0.122436,"14":0.411521},"bb":{"7":0.052792,"10":null},"ie_mob":{"10":0.078976832,"11":0.369755168},"and_ff":{"0":0.026396},"samsung":{"0":3.900009},"and_uc":{"0":17.843696},"op_mini":{"0":4.78852520339},"and_chr":{"0":28.306453}},"total":97.72178}