{"id":"af","name":"Africa","month":"2016-11","access_date":"2016-12-03","data":{"firefox":{"2":0.153252,"3":0.038313,"3.5":0.006966,"3.6":0.052245,"4":0.020898,"5":0.017415,"6":0.003483,"7":0.010449,"8":0.013932,"9":0.013932,"10":0.017415,"11":0.027864,"12":0.031347,"13":0.027864,"14":0.017415,"15":0.181116,"16":0.027864,"17":0.017415,"18":0.170667,"19":0.031347,"20":0.027864,"21":0.177633,"22":0.024381,"23":0.17415,"24":0.031347,"25":0.330885,"26":0.045279,"27":0.045279,"28":0.052245,"29":0.06966,"30":0.066177,"31":0.076626,"32":0.045279,"33":0.027864,"34":0.038313,"35":0.048762,"36":0.052245,"37":0.062694,"38":0.087075,"39":0.066177,"40":0.080109,"41":0.055728,"42":0.038313,"43":0.226395,"44":0.118422,"45":0.090558,"46":0.083592,"47":0.449307,"48":0.250776,"49":2.455515,"50":1.379268,"51":0.101007,"52":null,"53":null},"chrome":{"4":0.010449,"5":0.013932,"6":0.006966,"7":null,"8":0.010449,"9":0.013932,"10":0.006966,"11":0.048762,"12":0.017415,"13":0.003483,"14":0.003483,"15":0.010449,"16":0.020898,"17":0.027864,"18":0.020898,"19":0.160218,"20":0.031347,"21":0.020898,"22":0.020898,"23":0.027864,"24":0.45279,"25":0.038313,"26":0.062694,"27":0.03483,"28":0.048762,"29":0.052245,"30":0.195048,"31":0.10449,"32":0.097524,"33":0.215946,"34":0.114939,"35":0.372681,"36":0.094041,"37":0.097524,"38":0.06966,"39":0.094041,"40":0.111456,"41":0.125388,"42":0.132354,"43":0.97524,"44":0.289089,"45":0.163701,"46":0.094041,"47":0.076626,"48":0.080109,"49":1.271295,"50":0.090558,"51":0.414477,"52":0.226395,"53":0.421443,"54":12.218364,"55":0.062694,"56":0.041796,"57":null},"opera":{"9":null,"9.5-9.6":null,"10.0-10.1":0.149769,"10.5":null,"10.6":null,"11":0.006966,"11.1":null,"11.5":null,"11.6":0.017415,"12":0.006966,"12.1":0.080109,"15":0.006966,"16":null,"17":0.006966,"18":0.006966,"19":0.017415,"20":0.024381,"21":0.020898,"22":0.017415,"23":0.013932,"24":null,"25":null,"26":null,"27":null,"28":0.017415,"29":0.013932,"30":0.020898,"31":0.010449,"32":null,"33":0.003483,"34":0.006966,"35":0.010449,"36":0.045279,"37":0.097524,"38":0.031347,"39":0.013932,"40":0.024381,"41":0.480654,"42":0.003483,"43":null},"safari":{"3.1":null,"3.2":null,"4":0.006966,"5":0.153252,"5.1":0.020898,"6":0.010449,"6.1":0.010449,"7":0.020898,"7.1":0.017415,"8":0.059211,"9":0.048762,"9.1":0.135837,"10":0.264708,"0":null},"ios_saf":{"3.2":0,"4.0-4.1":0,"4.2-4.3":0,"5.0-5.1":0,"6.0-6.1":0,"7.0-7.1":0.0491065417057,"8":0,"8.1-8.4":0.0634292830366,"9.0-9.2":0.0488791966052,"9.3":0.320101901489,"10-10.1":1.70167807716},"android":{"2.1":0,"2.2":0,"2.3":0.00927069656992,"3":0,"4":0.0803460369393,"4.1":0.254944155673,"4.2-4.3":0.727749680739,"4.4":1.71507886544,"4.4.3-4.4.4":1.31180356464,"53":null},"op_mob":{"10":0,"11":0,"11.1":0,"11.5":0,"12":0,"12.1":0.0665904796569,"0":2.39725726765},"ie":{"5.5":null,"6":0.0106632738239,"7":0.0248809722557,"8":0.664677401689,"9":0.458520774427,"10":0.447857500603,"11":1.3400180772},"edge":{"12":0.066177,"13":0.132354,"14":0.285606},"bb":{"7":0.2639385,"10":null},"ie_mob":{"10":0.162872864,"11":0.762541136},"and_ff":{"0":0.06517},"samsung":{"0":2.847929},"and_uc":{"0":3.414908},"op_mini":{"0":32.2978302527},"and_chr":{"0":16.452082}},"total":97.5273125}