{"id":"eu","name":"Europe","month":"2016-11","access_date":"2016-12-03","data":{"firefox":{"2":0.012706,"3":0.031765,"3.5":0.044471,"3.6":0.095295,"4":0.012706,"5":0.006353,"6":0.006353,"7":null,"8":null,"9":null,"10":0.012706,"11":0.006353,"12":0.019059,"13":null,"14":null,"15":0.006353,"16":0.019059,"17":0.006353,"18":null,"19":null,"20":0.012706,"21":0.012706,"22":0.006353,"23":0.006353,"24":0.025412,"25":0.012706,"26":0.012706,"27":0.006353,"28":0.012706,"29":0.012706,"30":0.012706,"31":0.031765,"32":0.012706,"33":0.019059,"34":0.031765,"35":0.031765,"36":0.031765,"37":0.038118,"38":0.158825,"39":0.044471,"40":0.038118,"41":0.044471,"42":0.069883,"43":0.152472,"44":0.120707,"45":0.304944,"46":0.311297,"47":0.57177,"48":0.44471,"49":6.429236,"50":3.602151,"51":0.038118,"52":null,"53":null},"chrome":{"4":0.012706,"5":0.006353,"6":null,"7":null,"8":null,"9":null,"10":null,"11":0.031765,"12":0.006353,"13":null,"14":0.006353,"15":0.006353,"16":0.012706,"17":0.012706,"18":0.019059,"19":0.006353,"20":0.006353,"21":0.019059,"22":0.044471,"23":0.012706,"24":0.012706,"25":0.012706,"26":0.025412,"27":0.019059,"28":0.012706,"29":0.019059,"30":0.012706,"31":0.038118,"32":0.012706,"33":0.019059,"34":0.038118,"35":0.031765,"36":0.025412,"37":0.050824,"38":0.050824,"39":0.076236,"40":0.050824,"41":0.057177,"42":0.050824,"43":0.171531,"44":0.057177,"45":0.06353,"46":0.06353,"47":0.076236,"48":0.12706,"49":2.134608,"50":0.279532,"51":0.730595,"52":0.285885,"53":1.010127,"54":26.917661,"55":0.088942,"56":0.050824,"57":null},"opera":{"9":null,"9.5-9.6":null,"10.0-10.1":0,"10.5":0.006353,"10.6":0.019059,"11":null,"11.1":0.006353,"11.5":0.012706,"11.6":0.044471,"12":0.06353,"12.1":0.425651,"15":null,"16":null,"17":null,"18":null,"19":null,"20":null,"21":null,"22":null,"23":null,"24":null,"25":null,"26":null,"27":0.019059,"28":0.019059,"29":null,"30":null,"31":null,"32":null,"33":null,"34":null,"35":0.006353,"36":0.101648,"37":0.025412,"38":0.095295,"39":0.012706,"40":0.044471,"41":1.073657,"42":0.006353,"43":null},"safari":{"3.1":null,"3.2":null,"4":0.038118,"5":0.076236,"5.1":0.139766,"6":0.012706,"6.1":0.076236,"7":0.038118,"7.1":0.012706,"8":0.177884,"9":0.228708,"9.1":0.921185,"10":2.166373,"0":null},"ios_saf":{"3.2":0,"4.0-4.1":0,"4.2-4.3":0,"5.0-5.1":0,"6.0-6.1":0,"7.0-7.1":0.211396116214,"8":0,"8.1-8.4":0.273053316776,"9.0-9.2":0.21041743049,"9.3":1.37798949828,"10-10.1":7.32546263824},"android":{"2.1":0,"2.2":0,"2.3":0.00469312401055,"3":0,"4":0.0406737414248,"4.1":0.12906091029,"4.2-4.3":0.368410234828,"4.4":0.868227941953,"4.4.3-4.4.4":0.664077047493,"53":null},"op_mob":{"10":0,"11":0,"11.1":0,"11.5":0,"12":0,"12.1":0.00105493116229,"0":0.0379775218423},"ie":{"5.5":null,"6":0.0193178996865,"7":0.025757199582,"8":0.360600794148,"9":0.270450595611,"10":0.251132695925,"11":5.23515081505},"edge":{"12":0.082589,"13":0.368474,"14":2.121902},"bb":{"7":0.03373475,"10":null},"ie_mob":{"10":0.137360608,"11":0.643097392},"and_ff":{"0":0.043764},"samsung":{"0":3.628765},"and_uc":{"0":0.313642},"op_mini":{"0":0.511664546995},"and_chr":{"0":19.974639}},"total":97.22254475}