{"id":"na","name":"North America","month":"2016-11","access_date":"2016-12-03","data":{"firefox":{"2":null,"3":0.016671,"3.5":null,"3.6":0.016671,"4":null,"5":null,"6":null,"7":null,"8":null,"9":null,"10":null,"11":0.011114,"12":0.005557,"13":null,"14":null,"15":null,"16":0.011114,"17":null,"18":null,"19":null,"20":null,"21":0.011114,"22":null,"23":null,"24":0.011114,"25":0.005557,"26":null,"27":0.005557,"28":0.011114,"29":0.011114,"30":0.005557,"31":0.027785,"32":0.005557,"33":0.016671,"34":0.011114,"35":0.016671,"36":0.027785,"37":0.022228,"38":0.077798,"39":0.044456,"40":0.044456,"41":0.05557,"42":0.050013,"43":0.11114,"44":0.038899,"45":0.216723,"46":0.105583,"47":0.355648,"48":0.350091,"49":3.361985,"50":1.883823,"51":0.022228,"52":null,"53":null},"chrome":{"4":null,"5":null,"6":null,"7":null,"8":null,"9":null,"10":null,"11":0.016671,"12":null,"13":null,"14":null,"15":null,"16":null,"17":null,"18":0.011114,"19":null,"20":null,"21":0.011114,"22":0.016671,"23":0.005557,"24":null,"25":0.005557,"26":0.005557,"27":0.011114,"28":null,"29":0.011114,"30":null,"31":0.027785,"32":0.016671,"33":0.016671,"34":0.033342,"35":0.022228,"36":0.022228,"37":0.033342,"38":0.038899,"39":0.044456,"40":0.050013,"41":0.100026,"42":0.050013,"43":0.22228,"44":0.144482,"45":0.088912,"46":0.072241,"47":0.066684,"48":0.16671,"49":1.294781,"50":0.194495,"51":0.727967,"52":0.572371,"53":1.856038,"54":24.867575,"55":0.100026,"56":0.050013,"57":0.011114},"opera":{"9":null,"9.5-9.6":null,"10.0-10.1":0,"10.5":null,"10.6":null,"11":null,"11.1":null,"11.5":null,"11.6":null,"12":null,"12.1":0.022228,"15":null,"16":null,"17":null,"18":null,"19":null,"20":null,"21":null,"22":null,"23":null,"24":null,"25":null,"26":null,"27":null,"28":0.011114,"29":null,"30":null,"31":null,"32":null,"33":null,"34":null,"35":null,"36":0.011114,"37":0.016671,"38":0.072241,"39":null,"40":0.011114,"41":0.205609,"42":null,"43":null},"safari":{"3.1":null,"3.2":null,"4":0.022228,"5":0.050013,"5.1":0.127811,"6":0.016671,"6.1":0.11114,"7":0.05557,"7.1":0.022228,"8":0.233394,"9":0.283407,"9.1":1.417035,"10":2.639575,"0":null},"ios_saf":{"3.2":0,"4.0-4.1":0,"4.2-4.3":0,"5.0-5.1":0,"6.0-6.1":0,"7.0-7.1":0.445815700094,"8":0,"8.1-8.4":0.575845279288,"9.0-9.2":0.443751738519,"9.3":2.90605789691,"10-10.1":15.4487523852},"android":{"2.1":0,"2.2":0,"2.3":0.00308481191104,"3":0,"4":0.0267350365624,"4.1":0.0848323275537,"4.2-4.3":0.242157735017,"4.4":0.570690203543,"4.4.3-4.4.4":0.436500885413,"53":null},"op_mob":{"10":0,"11":0,"11.1":0,"11.5":0,"12":0,"12.1":0.000919203098322,"0":0.0330913115396},"ie":{"5.5":null,"6":0.0280557683658,"7":0.0392780757121,"8":0.308613452024,"9":0.31983575937,"10":0.331058066717,"11":6.45282672414},"edge":{"12":0.066684,"13":0.327863,"14":2.433966},"bb":{"7":0.05664825,"10":null},"ie_mob":{"10":0.05473776,"11":0.25627224},"and_ff":{"0":0.057759},"samsung":{"0":2.879064},"and_uc":{"0":0.386541},"op_mini":{"0":0.445833485362},"and_chr":{"0":19.775303}},"total":98.7220470963}