{"id":"ww","name":"Worldwide","month":"2016-11","access_date":"2016-12-03","data":{"firefox":{"2":0.014118,"3":0.037648,"3.5":0.014118,"3.6":0.037648,"4":0.009412,"5":null,"6":null,"7":null,"8":0.014118,"9":null,"10":0.004706,"11":0.009412,"12":0.014118,"13":0.004706,"14":0.004706,"15":0.014118,"16":0.009412,"17":0.004706,"18":0.014118,"19":0.004706,"20":0.009412,"21":0.02353,"22":0.009412,"23":0.014118,"24":0.014118,"25":0.02353,"26":0.009412,"27":0.009412,"28":0.014118,"29":0.018824,"30":0.014118,"31":0.028236,"32":0.009412,"33":0.018824,"34":0.018824,"35":0.02353,"36":0.02353,"37":0.032942,"38":0.080002,"39":0.037648,"40":0.032942,"41":0.037648,"42":0.037648,"43":0.131768,"44":0.080002,"45":0.160004,"46":0.127062,"47":0.367068,"48":0.268242,"49":3.124784,"50":1.821222,"51":0.056472,"52":null,"53":null},"chrome":{"4":0.004706,"5":null,"6":null,"7":null,"8":null,"9":null,"10":0.004706,"11":0.028236,"12":0.009412,"13":null,"14":0.004706,"15":0.004706,"16":0.009412,"17":0.009412,"18":0.014118,"19":0.014118,"20":0.009412,"21":0.014118,"22":0.042354,"23":0.014118,"24":0.032942,"25":0.014118,"26":0.02353,"27":0.018824,"28":0.014118,"29":0.02353,"30":0.02353,"31":0.084708,"32":0.02353,"33":0.042354,"34":0.037648,"35":0.042354,"36":0.028236,"37":0.032942,"38":0.042354,"39":0.056472,"40":0.042354,"41":0.061178,"42":0.061178,"43":0.263536,"44":0.084708,"45":0.301184,"46":0.080002,"47":0.112944,"48":0.127062,"49":1.60004,"50":0.221182,"51":0.592956,"52":0.348244,"53":0.983554,"54":22.551152,"55":0.09412,"56":0.065884,"57":0.004706},"opera":{"9":null,"9.5-9.6":null,"10.0-10.1":0.009412,"10.5":null,"10.6":0.004706,"11":null,"11.1":null,"11.5":null,"11.6":0.014118,"12":0.018824,"12.1":0.131768,"15":null,"16":null,"17":null,"18":null,"19":null,"20":null,"21":null,"22":null,"23":null,"24":null,"25":null,"26":null,"27":0.004706,"28":0.018824,"29":null,"30":null,"31":null,"32":null,"33":null,"34":null,"35":null,"36":0.032942,"37":0.028236,"38":0.056472,"39":0.004706,"40":0.018824,"41":0.44707,"42":null,"43":null},"safari":{"3.1":null,"3.2":null,"4":0.014118,"5":0.042354,"5.1":0.07059,"6":0.009412,"6.1":0.04706,"7":0.028236,"7.1":0.009412,"8":0.122356,"9":0.145886,"9.1":0.61178,"10":1.261208,"0":null},"ios_saf":{"3.2":0,"4.0-4.1":0,"4.2-4.3":0,"5.0-5.1":0,"6.0-6.1":0,"7.0-7.1":0.207552584817,"8":0,"8.1-8.4":0.268088755389,"9.0-9.2":0.206591693221,"9.3":1.3529353677,"10-10.1":7.19227359888},"android":{"2.1":0,"2.2":0,"2.3":0.00632167056163,"3":0,"4":0.0547878115341,"4.1":0.173845940445,"4.2-4.3":0.496251139088,"4.4":1.1695090539,"4.4.3-4.4.4":0.89451638447,"53":null},"op_mob":{"10":0,"11":0,"11.1":0,"11.5":0,"12":0,"12.1":0.00848830166993,"0":0.305578860117},"ie":{"5.5":null,"6":0.0193528740895,"7":0.0241910926119,"8":0.391895700312,"9":0.270940237253,"10":0.251587363163,"11":3.69156073257},"edge":{"12":0.056472,"13":0.225888,"14":1.232972},"bb":{"7":0.0569105,"10":null},"ie_mob":{"10":0.095969632,"11":0.449312368},"and_ff":{"0":0.037058},"samsung":{"0":3.382866},"and_uc":{"0":8.862156},"op_mini":{"0":4.11701083821},"and_chr":{"0":24.008932}},"total":97.8751285}