{"id":"an","name":"Antarctica","month":"2016-11","access_date":"2016-12-03","data":{"firefox":{"2":null,"3":null,"3.5":null,"3.6":null,"4":null,"5":null,"6":null,"7":null,"8":null,"9":null,"10":null,"11":null,"12":null,"13":null,"14":null,"15":null,"16":null,"17":null,"18":null,"19":null,"20":null,"21":null,"22":null,"23":null,"24":null,"25":null,"26":null,"27":null,"28":null,"29":null,"30":null,"31":null,"32":null,"33":null,"34":null,"35":null,"36":null,"37":null,"38":null,"39":null,"40":null,"41":null,"42":0.07919,"43":null,"44":null,"45":0.728548,"46":null,"47":0.166299,"48":0.324679,"49":0.894847,"50":3.658578,"51":null,"52":null,"53":null},"chrome":{"4":null,"5":null,"6":null,"7":null,"8":null,"9":null,"10":null,"11":null,"12":null,"13":null,"14":null,"15":null,"16":null,"17":null,"18":null,"19":null,"20":null,"21":null,"22":null,"23":null,"24":null,"25":null,"26":null,"27":null,"28":null,"29":null,"30":null,"31":null,"32":null,"33":null,"34":null,"35":null,"36":null,"37":null,"38":null,"39":null,"40":null,"41":null,"42":null,"43":null,"44":null,"45":null,"46":null,"47":null,"48":0.166299,"49":0.07919,"50":null,"51":0.324679,"52":0.166299,"53":0.07919,"54":43.008089,"55":null,"56":null,"57":null},"opera":{"9":null,"9.5-9.6":null,"10.0-10.1":0,"10.5":null,"10.6":null,"11":null,"11.1":null,"11.5":null,"11.6":null,"12":null,"12.1":null,"15":null,"16":null,"17":null,"18":null,"19":null,"20":null,"21":null,"22":null,"23":null,"24":null,"25":null,"26":null,"27":null,"28":null,"29":null,"30":null,"31":null,"32":null,"33":null,"34":null,"35":null,"36":null,"37":null,"38":null,"39":null,"40":0.07919,"41":null,"42":null,"43":null},"safari":{"3.1":null,"3.2":null,"4":0,"5":null,"5.1":0.815657,"6":null,"6.1":null,"7":null,"7.1":0.403869,"8":0.166299,"9":0.649358,"9.1":6.667798,"10":1.465015,"0":null},"ios_saf":{"3.2":0,"4.0-4.1":0,"4.2-4.3":0,"5.0-5.1":0,"6.0-6.1":0,"7.0-7.1":0.0951604048735,"8":0,"8.1-8.4":0.122915522962,"9.0-9.2":0.0947198474435,"9.3":0.620304861397,"10-10.1":3.29757236332},"android":{"2.1":0,"2.2":0,"2.3":0.000767138333962,"3":0,"4":0.00664853222767,"4.1":0.0210963041839,"4.2-4.3":0.060220359216,"4.4":0.141920591783,"4.4.3-4.4.4":0.108550074256,"53":null},"op_mob":{"10":0,"11":0,"11.1":0,"11.5":0,"12":0,"12.1":0.000163443384833,"0":0.005883961854},"ie":{"5.5":null,"6":null,"7":null,"8":null,"9":null,"10":6.422309,"11":4.553425},"edge":{"12":null,"13":0.490978,"14":3.1676},"bb":{"7":0,"10":null},"ie_mob":{"10":0,"11":0},"and_ff":{"0":0.930207},"samsung":{"0":2.031056},"and_uc":{"0":null},"op_mini":{"0":0.0792735947612},"and_chr":{"0":12.689938}},"total":94.863783}