{"id":"sa","name":"South America","month":"2016-11","access_date":"2016-12-03","data":{"firefox":{"2":0.006386,"3":0.019158,"3.5":null,"3.6":0.025544,"4":null,"5":null,"6":null,"7":null,"8":0.03193,"9":null,"10":null,"11":null,"12":0.012772,"13":null,"14":null,"15":0.006386,"16":0.006386,"17":null,"18":null,"19":null,"20":0.006386,"21":0.019158,"22":0.006386,"23":0.012772,"24":0.006386,"25":0.012772,"26":0.006386,"27":0.03193,"28":0.006386,"29":0.012772,"30":0.012772,"31":0.025544,"32":0.006386,"33":0.025544,"34":0.012772,"35":0.012772,"36":0.012772,"37":0.03193,"38":0.051088,"39":0.025544,"40":0.03193,"41":0.03193,"42":0.025544,"43":0.12772,"44":0.03193,"45":0.121334,"46":0.06386,"47":0.357616,"48":0.229896,"49":3.00142,"50":1.800852,"51":0.025544,"52":null,"53":null},"chrome":{"4":null,"5":null,"6":null,"7":null,"8":null,"9":null,"10":null,"11":0.012772,"12":null,"13":null,"14":null,"15":null,"16":null,"17":null,"18":0.012772,"19":null,"20":0.006386,"21":0.006386,"22":0.044702,"23":0.006386,"24":0.006386,"25":0.012772,"26":0.03193,"27":0.019158,"28":0.006386,"29":0.019158,"30":0.012772,"31":0.03193,"32":0.019158,"33":0.019158,"34":0.044702,"35":0.038316,"36":0.102176,"37":0.038316,"38":0.051088,"39":0.06386,"40":0.038316,"41":0.06386,"42":0.038316,"43":0.204352,"44":0.089404,"45":0.06386,"46":0.12772,"47":0.12772,"48":0.15965,"49":2.80984,"50":0.197966,"51":0.836566,"52":0.434248,"53":1.047304,"54":42.652094,"55":0.166036,"56":0.06386,"57":null},"opera":{"9":null,"9.5-9.6":null,"10.0-10.1":0,"10.5":null,"10.6":null,"11":null,"11.1":null,"11.5":null,"11.6":null,"12":null,"12.1":0.012772,"15":null,"16":null,"17":null,"18":null,"19":null,"20":null,"21":null,"22":null,"23":null,"24":null,"25":null,"26":null,"27":null,"28":0.025544,"29":null,"30":null,"31":null,"32":null,"33":null,"34":null,"35":null,"36":0.019158,"37":0.019158,"38":0.057474,"39":0.006386,"40":0.012772,"41":0.427862,"42":null,"43":null},"safari":{"3.1":null,"3.2":null,"4":0.006386,"5":0.012772,"5.1":0.025544,"6":null,"6.1":0.019158,"7":0.019158,"7.1":null,"8":0.089404,"9":0.089404,"9.1":0.332072,"10":0.715232,"0":null},"ios_saf":{"3.2":0,"4.0-4.1":0,"4.2-4.3":0,"5.0-5.1":0,"6.0-6.1":0,"7.0-7.1":0.0605439925023,"8":0,"8.1-8.4":0.0782026569822,"9.0-9.2":0.0602636962408,"9.3":0.394657136312,"10-10.1":2.09801751796},"android":{"2.1":0,"2.2":0,"2.3":0.00621822766679,"3":0,"4":0.0538913064455,"4.1":0.171001260837,"4.2-4.3":0.488130871843,"4.4":1.15037211836,"4.4.3-4.4.4":0.879879214851,"53":null},"op_mob":{"10":0,"11":0,"11.1":0,"11.5":0,"12":0,"12.1":0.00222169483197,"0":0.0799810139508},"ie":{"5.5":null,"6":0.0197038119658,"7":0.0197038119658,"8":0.361236552707,"9":0.197038119658,"10":0.17076637037,"11":1.53689733333},"edge":{"12":0.057474,"13":0.15965,"14":0.613056},"bb":{"7":0.03522675,"10":null},"ie_mob":{"10":0.192038176,"11":0.899087824},"and_ff":{"0":0.021678},"samsung":{"0":1.66198},"and_uc":{"0":0.393817},"op_mini":{"0":1.07757029122},"and_chr":{"0":27.685305}},"total":98.54024375}