{"id":"oc","name":"Oceania","month":"2016-11","access_date":"2016-12-03","data":{"firefox":{"2":null,"3":0.01108,"3.5":null,"3.6":0.01108,"4":null,"5":null,"6":null,"7":null,"8":null,"9":null,"10":null,"11":null,"12":null,"13":null,"14":null,"15":null,"16":0.00554,"17":null,"18":null,"19":null,"20":null,"21":null,"22":null,"23":null,"24":0.00554,"25":null,"26":null,"27":null,"28":0.00554,"29":0.01108,"30":0.00554,"31":0.01108,"32":0.00554,"33":0.00554,"34":0.01662,"35":0.01108,"36":0.01108,"37":0.0277,"38":0.0831,"39":0.02216,"40":0.0277,"41":0.0277,"42":0.0277,"43":0.06094,"44":0.03324,"45":0.17174,"46":0.04986,"47":0.23268,"48":0.26592,"49":3.45142,"50":1.86698,"51":0.0277,"52":null,"53":null},"chrome":{"4":null,"5":null,"6":null,"7":null,"8":null,"9":null,"10":null,"11":0.01108,"12":null,"13":null,"14":null,"15":null,"16":null,"17":null,"18":null,"19":null,"20":null,"21":null,"22":0.01662,"23":null,"24":null,"25":null,"26":0.0277,"27":null,"28":null,"29":0.00554,"30":0.01108,"31":0.02216,"32":0.01108,"33":0.01662,"34":0.03878,"35":0.02216,"36":0.01662,"37":0.02216,"38":0.04986,"39":0.0554,"40":0.03324,"41":0.04986,"42":0.0554,"43":0.09418,"44":0.0831,"45":0.25484,"46":0.0831,"47":0.1385,"48":0.10526,"49":1.20218,"50":0.21606,"51":0.40996,"52":0.47644,"53":1.47364,"54":26.27622,"55":0.08864,"56":0.0554,"57":0.00554},"opera":{"9":null,"9.5-9.6":null,"10.0-10.1":0,"10.5":null,"10.6":null,"11":null,"11.1":null,"11.5":null,"11.6":null,"12":null,"12.1":0.02216,"15":null,"16":null,"17":null,"18":null,"19":null,"20":null,"21":null,"22":null,"23":null,"24":null,"25":null,"26":null,"27":null,"28":0.01108,"29":null,"30":null,"31":null,"32":null,"33":null,"34":null,"35":null,"36":0.01108,"37":0.01108,"38":0.01108,"39":null,"40":null,"41":0.1662,"42":null,"43":null},"safari":{"3.1":null,"3.2":null,"4":0.00554,"5":0.03878,"5.1":0.13296,"6":0.01662,"6.1":0.09972,"7":0.06094,"7.1":0.01662,"8":0.34348,"9":0.554,"9.1":1.51242,"10":2.84756,"0":null},"ios_saf":{"3.2":0,"4.0-4.1":0,"4.2-4.3":0,"5.0-5.1":0,"6.0-6.1":0,"7.0-7.1":0.511739831303,"8":0,"8.1-8.4":0.660997282099,"9.0-9.2":0.509370665417,"9.3":3.33578556701,"10-10.1":17.7332066542},"android":{"2.1":0,"2.2":0,"2.3":0.00281481869582,"3":0,"4":0.0243950953637,"4.1":0.0774075141349,"4.2-4.3":0.220963267622,"4.4":0.520741458726,"4.4.3-4.4.4":0.398296845458,"53":null},"op_mob":{"10":0,"11":0,"11.1":0,"11.5":0,"12":0,"12.1":0.00205949469038,"0":0.0741418088535},"ie":{"5.5":null,"6":0.00562557723577,"7":0.0112511544715,"8":0.225023089431,"9":0.25315097561,"10":0.230648666667,"11":6.18813495935},"edge":{"12":0.08864,"13":0.43212,"14":2.47084},"bb":{"7":0.00780675,"10":null},"ie_mob":{"10":0.060455472,"11":0.283041528},"and_ff":{"0":0.049071},"samsung":{"0":3.97029},"and_uc":{"0":1.302612},"op_mini":{"0":0.998899696456},"and_chr":{"0":14.463381}},"total":98.8955321728}