{"id":"AM","name":"Armenia","month":"2016-11","access_date":"2016-12-03","data":{"firefox":{"2":0.024987,"3":0.299844,"3.5":0.433108,"3.6":1.24935,"4":0.058303,"5":0.008329,"6":0.049974,"7":null,"8":0.024987,"9":0.033316,"10":0.041645,"11":0.033316,"12":0.024987,"13":0.016658,"14":0.074961,"15":0.041645,"16":0.066632,"17":0.024987,"18":0.008329,"19":0.049974,"20":0.041645,"21":0.674649,"22":0.116606,"23":0.116606,"24":0.124935,"25":0.158251,"26":0.041645,"27":0.066632,"28":0.091619,"29":0.074961,"30":null,"31":0.133264,"32":0.066632,"33":0.066632,"34":0.024987,"35":0.074961,"36":0.08329,"37":0.633004,"38":0.066632,"39":0.008329,"40":0.033316,"41":0.033316,"42":0.033316,"43":0.066632,"44":0.024987,"45":0.049974,"46":0.041645,"47":0.324831,"48":0.091619,"49":9.103597,"50":3.090059,"51":0.016658,"52":null,"53":null},"chrome":{"4":0.099948,"5":0.058303,"6":0.116606,"7":0.041645,"8":0.041645,"9":0.074961,"10":0.058303,"11":0.041645,"12":0.124935,"13":0.058303,"14":0.099948,"15":0.124935,"16":0.108277,"17":0.199896,"18":0.174909,"19":0.149922,"20":0.08329,"21":0.291515,"22":0.149922,"23":0.149922,"24":0.191567,"25":0.099948,"26":0.183238,"27":0.366476,"28":0.16658,"29":0.141593,"30":0.074961,"31":0.108277,"32":0.116606,"33":0.074961,"34":0.108277,"35":0.274857,"36":0.158251,"37":0.141593,"38":0.074961,"39":0.141593,"40":0.241541,"41":1.241021,"42":0.16658,"43":0.216554,"44":0.033316,"45":0.049974,"46":0.041645,"47":0.116606,"48":0.091619,"49":2.548674,"50":0.149922,"51":0.608017,"52":0.41645,"53":0.716294,"54":36.930786,"55":0.149922,"56":0.24987,"57":null},"opera":{"9":null,"9.5-9.6":null,"10.0-10.1":0.049974,"10.5":0.066632,"10.6":0.233212,"11":0.074961,"11.1":0.041645,"11.5":0.108277,"11.6":0.458095,"12":0.633004,"12.1":1.449246,"15":0.024987,"16":0.016658,"17":0.024987,"18":0.024987,"19":0.008329,"20":0.074961,"21":0.033316,"22":0.008329,"23":0.016658,"24":0.049974,"25":0.041645,"26":0.041645,"27":0.283186,"28":1.099428,"29":0.008329,"30":null,"31":null,"32":null,"33":null,"34":null,"35":null,"36":0.091619,"37":0.024987,"38":0.066632,"39":0.049974,"40":0.058303,"41":1.191047,"42":0.008329,"43":null},"safari":{"3.1":0.058303,"3.2":0.033316,"4":0.16658,"5":0.391463,"5.1":0.316502,"6":0.058303,"6.1":0.049974,"7":0.091619,"7.1":null,"8":0.074961,"9":0.041645,"9.1":0.099948,"10":0.341489,"0":null},"ios_saf":{"3.2":0,"4.0-4.1":0,"4.2-4.3":0,"5.0-5.1":0,"6.0-6.1":0,"7.0-7.1":0.0886868603561,"8":0,"8.1-8.4":0.114553861293,"9.0-9.2":0.0882762730397,"9.3":0.578106941581,"10-10.1":3.07324606373},"android":{"2.1":0,"2.2":0,"2.3":0.00254937806257,"3":0,"4":0.0220946098756,"4.1":0.0701078967207,"4.2-4.3":0.200126177912,"4.4":0.471634941576,"4.4.3-4.4.4":0.360736995854,"53":null},"op_mob":{"10":0,"11":0,"11.1":0,"11.5":0,"12":0,"12.1":0.00111648607005,"0":0.0401934985216},"ie":{"5.5":null,"6":null,"7":null,"8":0.635650036101,"9":0.553923602888,"10":0.535762173285,"11":0.790022187726},"edge":{"12":0.024987,"13":0.074961,"14":0.291515},"bb":{"7":0.152805,"10":null},"ie_mob":{"10":0.17605808,"11":0.82427192},"and_ff":{"0":0.13861},"samsung":{"0":0.67802},"and_uc":{"0":0.22712},"op_mini":{"0":0.541520015408},"and_chr":{"0":8.694094}},"total":94.320131}