{"id":"AO","name":"Angola","month":"2016-11","access_date":"2016-12-03","data":{"firefox":{"2":null,"3":0.028314,"3.5":null,"3.6":0.023595,"4":0.014157,"5":0.023595,"6":0.009438,"7":null,"8":0.004719,"9":0.009438,"10":0.009438,"11":0.028314,"12":0.033033,"13":0.018876,"14":0.028314,"15":0.023595,"16":0.014157,"17":0.014157,"18":0.009438,"19":0.018876,"20":0.018876,"21":0.089661,"22":0.018876,"23":0.066066,"24":0.018876,"25":0.028314,"26":0.04719,"27":0.014157,"28":0.009438,"29":0.014157,"30":0.023595,"31":0.037752,"32":0.009438,"33":0.018876,"34":0.009438,"35":0.023595,"36":0.014157,"37":0.113256,"38":0.023595,"39":0.018876,"40":0.033033,"41":0.028314,"42":0.018876,"43":0.174603,"44":0.061347,"45":0.099099,"46":0.056628,"47":0.339768,"48":0.264264,"49":2.982408,"50":1.519518,"51":0.023595,"52":null,"53":null},"chrome":{"4":null,"5":null,"6":null,"7":null,"8":null,"9":null,"10":null,"11":0.070785,"12":0.014157,"13":null,"14":null,"15":null,"16":null,"17":null,"18":0.037752,"19":0.009438,"20":0.004719,"21":0.004719,"22":0.023595,"23":0.018876,"24":0.014157,"25":0.018876,"26":0.037752,"27":0.028314,"28":0.018876,"29":0.056628,"30":0.014157,"31":0.042471,"32":0.051909,"33":0.042471,"34":0.018876,"35":0.033033,"36":0.320892,"37":0.028314,"38":0.018876,"39":0.018876,"40":0.04719,"41":0.127413,"42":0.042471,"43":0.910767,"44":0.042471,"45":0.273702,"46":0.033033,"47":0.344487,"48":0.028314,"49":0.585156,"50":0.151008,"51":0.419991,"52":0.264264,"53":0.684255,"54":21.405384,"55":0.103818,"56":0.080223,"57":null},"opera":{"9":null,"9.5-9.6":null,"10.0-10.1":0,"10.5":null,"10.6":0.014157,"11":0.004719,"11.1":null,"11.5":null,"11.6":0.033033,"12":0.033033,"12.1":0.051909,"15":0.009438,"16":null,"17":null,"18":0.004719,"19":null,"20":0.004719,"21":0.004719,"22":null,"23":null,"24":null,"25":null,"26":null,"27":null,"28":0.113256,"29":null,"30":null,"31":null,"32":null,"33":0.018876,"34":0.018876,"35":0.018876,"36":0.023595,"37":0.061347,"38":0.023595,"39":0.037752,"40":0.075504,"41":0.934362,"42":0.004719,"43":null},"safari":{"3.1":null,"3.2":null,"4":0.009438,"5":0.023595,"5.1":0.051909,"6":0.014157,"6.1":0.028314,"7":0.023595,"7.1":0.009438,"8":0.240669,"9":0.113256,"9.1":0.453024,"10":1.495923,"0":null},"ios_saf":{"3.2":0,"4.0-4.1":0,"4.2-4.3":0,"5.0-5.1":0,"6.0-6.1":0,"7.0-7.1":0.0981167235239,"8":0,"8.1-8.4":0.126734101218,"9.0-9.2":0.0976624794335,"9.3":0.639575679267,"10-10.1":3.40001701656},"android":{"2.1":0,"2.2":0,"2.3":0.0133289016208,"3":0,"4":0.11551714738,"4.1":0.366544794572,"4.2-4.3":1.04631877723,"4.4":2.46584679985,"4.4.3-4.4.4":1.88603957934,"53":null},"op_mob":{"10":0,"11":0,"11.1":0,"11.5":0,"12":0,"12.1":0.0431263706326,"0":1.55254934277},"ie":{"5.5":null,"6":0.00957711714507,"7":0.00957711714507,"8":0.440547388673,"9":0.335199100078,"10":0.608146938712,"11":4.76940433825},"edge":{"12":0.250107,"13":0.415272,"14":1.36851},"bb":{"7":0.0712935,"10":null},"ie_mob":{"10":0.105957984,"11":0.496076016},"and_ff":{"0":0.031686},"samsung":{"0":3.22141},"and_uc":{"0":1.172382},"op_mini":{"0":20.9172272866},"and_chr":{"0":14.844846}},"total":97.8966815}