{"id":"AR","name":"Argentina","month":"2016-11","access_date":"2016-12-03","data":{"firefox":{"2":0.005413,"3":0.010826,"3.5":0.010826,"3.6":0.016239,"4":null,"5":null,"6":0.005413,"7":null,"8":null,"9":null,"10":null,"11":0.005413,"12":0.027065,"13":null,"14":null,"15":0.016239,"16":0.005413,"17":null,"18":null,"19":null,"20":0.005413,"21":0.005413,"22":null,"23":null,"24":0.005413,"25":null,"26":0.005413,"27":0.010826,"28":null,"29":0.021652,"30":0.010826,"31":0.016239,"32":0.005413,"33":0.010826,"34":0.010826,"35":0.010826,"36":0.010826,"37":0.021652,"38":0.037891,"39":0.021652,"40":0.027065,"41":0.021652,"42":0.016239,"43":0.092021,"44":0.021652,"45":0.10826,"46":0.037891,"47":0.21652,"48":0.173216,"49":2.852651,"50":1.564357,"51":0.016239,"52":null,"53":null},"chrome":{"4":null,"5":null,"6":null,"7":null,"8":null,"9":null,"10":null,"11":0.016239,"12":0.005413,"13":null,"14":null,"15":null,"16":null,"17":null,"18":0.016239,"19":null,"20":null,"21":0.005413,"22":0.027065,"23":null,"24":null,"25":0.005413,"26":0.037891,"27":0.027065,"28":null,"29":0.005413,"30":0.005413,"31":0.032478,"32":0.010826,"33":0.010826,"34":0.064956,"35":0.05413,"36":0.037891,"37":0.037891,"38":0.059543,"39":0.05413,"40":0.027065,"41":0.037891,"42":0.037891,"43":0.124499,"44":0.081195,"45":0.059543,"46":0.113673,"47":0.113673,"48":0.086608,"49":4.254618,"50":0.119086,"51":0.438453,"52":0.259824,"53":0.692864,"54":34.410441,"55":0.119086,"56":0.032478,"57":null},"opera":{"9":null,"9.5-9.6":null,"10.0-10.1":0,"10.5":null,"10.6":null,"11":null,"11.1":null,"11.5":null,"11.6":null,"12":null,"12.1":0.016239,"15":null,"16":null,"17":null,"18":null,"19":null,"20":null,"21":null,"22":null,"23":null,"24":null,"25":null,"26":null,"27":null,"28":null,"29":0.005413,"30":null,"31":null,"32":null,"33":null,"34":null,"35":null,"36":0.027065,"37":0.027065,"38":0.016239,"39":null,"40":0.010826,"41":0.32478,"42":null,"43":null},"safari":{"3.1":null,"3.2":null,"4":0,"5":0.010826,"5.1":0.016239,"6":null,"6.1":0.016239,"7":0.005413,"7.1":null,"8":0.032478,"9":0.037891,"9.1":0.16239,"10":0.37891,"0":null},"ios_saf":{"3.2":0,"4.0-4.1":0,"4.2-4.3":0,"5.0-5.1":0,"6.0-6.1":0,"7.0-7.1":0.0550955876289,"8":0,"8.1-8.4":0.0711651340206,"9.0-9.2":0.0548405154639,"9.3":0.359141608247,"10-10.1":1.90921515464},"android":{"2.1":0,"2.2":0,"2.3":0.00627621937429,"3":0,"4":0.0543939012439,"4.1":0.172596032793,"4.2-4.3":0.492683220882,"4.4":1.16110058424,"4.4.3-4.4.4":0.888085041462,"53":null},"op_mob":{"10":0,"11":0,"11.1":0,"11.5":0,"12":0,"12.1":0.00274154099863,"0":0.0986954759505},"ie":{"5.5":null,"6":0.0435419340659,"7":0.0489846758242,"8":0.468075791209,"9":0.261251604396,"10":0.223152412088,"11":1.92673058242},"edge":{"12":0.05413,"13":0.129912,"14":0.617082},"bb":{"7":0.018348,"10":null},"ie_mob":{"10":0.354409968,"11":1.659283032},"and_ff":{"0":0.013761},"samsung":{"0":1.655907},"and_uc":{"0":0.197241},"op_mini":{"0":1.32970698305},"and_chr":{"0":36.671058}},"total":99.071459}