{"id":"AS","name":"American Samoa","month":"2016-11","access_date":"2016-12-03","data":{"firefox":{"2":null,"3":0.012806,"3.5":null,"3.6":5.769103,"4":null,"5":null,"6":null,"7":null,"8":null,"9":null,"10":0.012806,"11":null,"12":0.121657,"13":null,"14":null,"15":0.102448,"16":0.006403,"17":0.32015,"18":null,"19":null,"20":null,"21":null,"22":0.006403,"23":null,"24":0.025612,"25":null,"26":null,"27":null,"28":null,"29":0.102448,"30":null,"31":0.038418,"32":null,"33":0.006403,"34":null,"35":null,"36":0.025612,"37":0.115254,"38":0.012806,"39":null,"40":0.038418,"41":null,"42":0.006403,"43":0.153672,"44":6.665523,"45":8.112601,"46":0.070433,"47":0.371374,"48":0.781166,"49":2.695663,"50":0.877211,"51":0.044821,"52":null,"53":null},"chrome":{"4":null,"5":0.012806,"6":null,"7":null,"8":null,"9":0.025612,"10":null,"11":0.012806,"12":null,"13":null,"14":null,"15":null,"16":null,"17":null,"18":0.012806,"19":null,"20":null,"21":null,"22":null,"23":0.06403,"24":null,"25":null,"26":0.019209,"27":null,"28":0.038418,"29":null,"30":null,"31":0.025612,"32":null,"33":0.044821,"34":null,"35":0.012806,"36":0.006403,"37":null,"38":0.025612,"39":0.025612,"40":0.012806,"41":null,"42":0.019209,"43":0.102448,"44":0.025612,"45":0.025612,"46":0.076836,"47":0.358568,"48":0.313747,"49":1.812049,"50":0.032015,"51":0.313747,"52":0.160075,"53":4.552533,"54":18.216535,"55":0.288135,"56":0.012806,"57":null},"opera":{"9":null,"9.5-9.6":null,"10.0-10.1":0,"10.5":null,"10.6":null,"11":null,"11.1":0.006403,"11.5":null,"11.6":0.006403,"12":null,"12.1":null,"15":null,"16":null,"17":null,"18":null,"19":null,"20":null,"21":null,"22":null,"23":null,"24":null,"25":null,"26":null,"27":null,"28":null,"29":null,"30":null,"31":null,"32":null,"33":0.006403,"34":null,"35":null,"36":null,"37":0.032015,"38":0.012806,"39":null,"40":0.051224,"41":0.089642,"42":null,"43":null},"safari":{"3.1":null,"3.2":null,"4":0.019209,"5":0.153672,"5.1":0.268926,"6":0.153672,"6.1":0.025612,"7":3.00941,"7.1":null,"8":0.057627,"9":0.134463,"9.1":0.781166,"10":0.505837,"0":null},"ios_saf":{"3.2":0,"4.0-4.1":0,"4.2-4.3":0,"5.0-5.1":0,"6.0-6.1":0,"7.0-7.1":0.115373690722,"8":0,"8.1-8.4":0.149024350515,"9.0-9.2":0.114839553265,"9.3":0.752065539519,"10-10.1":3.99801886598},"android":{"2.1":0,"2.2":0,"2.3":0.00868811760271,"3":0,"4":0.0752970192235,"4.1":0.238923234075,"4.2-4.3":0.682017231813,"4.4":1.6073017565,"4.4.3-4.4.4":1.22936864078,"53":null},"op_mob":{"10":0,"11":0,"11.1":0,"11.5":0,"12":0,"12.1":0.0146768025653,"0":0.52836489235},"ie":{"5.5":null,"6":null,"7":0.00645042962963,"8":0.206413748148,"9":0.129008592593,"10":0.509583940741,"11":1.76096728889},"edge":{"12":0.172881,"13":0.922032,"14":0.717136},"bb":{"7":0.032373,"10":null},"ie_mob":{"10":0.040516608,"11":0.189691392},"and_ff":{"0":0.03597},"samsung":{"0":2.129424},"and_uc":{"0":2.463945},"op_mini":{"0":7.11856830508},"and_chr":{"0":14.850615}},"total":99.258926}