{"id":"AT","name":"Austria","month":"2016-11","access_date":"2016-12-03","data":{"firefox":{"2":null,"3":0.01257,"3.5":0.006285,"3.6":0.018855,"4":null,"5":null,"6":null,"7":null,"8":null,"9":null,"10":0.01257,"11":0.006285,"12":0.03771,"13":null,"14":0.006285,"15":null,"16":0.018855,"17":null,"18":null,"19":null,"20":0.018855,"21":0.01257,"22":null,"23":null,"24":null,"25":0.006285,"26":0.006285,"27":null,"28":0.01257,"29":0.018855,"30":0.018855,"31":0.031425,"32":0.018855,"33":0.02514,"34":0.02514,"35":0.031425,"36":0.03771,"37":0.031425,"38":0.17598,"39":0.081705,"40":0.05028,"41":0.07542,"42":0.11313,"43":0.15084,"44":0.094275,"45":0.43995,"46":0.08799,"47":0.634785,"48":0.571935,"49":9.45264,"50":5.17884,"51":0.05028,"52":0.006285,"53":null},"chrome":{"4":null,"5":null,"6":null,"7":null,"8":null,"9":null,"10":null,"11":0.018855,"12":null,"13":null,"14":null,"15":null,"16":null,"17":null,"18":0.006285,"19":null,"20":null,"21":null,"22":0.056565,"23":null,"24":null,"25":null,"26":0.02514,"27":0.01257,"28":null,"29":null,"30":null,"31":0.018855,"32":0.006285,"33":0.006285,"34":0.03771,"35":0.01257,"36":0.01257,"37":0.01257,"38":0.03771,"39":0.031425,"40":0.018855,"41":0.031425,"42":0.01257,"43":0.069135,"44":0.05028,"45":0.06285,"46":0.05028,"47":0.05028,"48":0.08799,"49":0.886185,"50":0.08799,"51":0.408525,"52":0.20112,"53":0.64107,"54":20.2377,"55":0.07542,"56":0.043995,"57":null},"opera":{"9":null,"9.5-9.6":null,"10.0-10.1":0,"10.5":null,"10.6":null,"11":null,"11.1":null,"11.5":null,"11.6":0.006285,"12":null,"12.1":0.11313,"15":null,"16":null,"17":null,"18":null,"19":null,"20":null,"21":null,"22":null,"23":null,"24":null,"25":null,"26":null,"27":null,"28":0.01257,"29":null,"30":null,"31":null,"32":null,"33":null,"34":null,"35":null,"36":0.031425,"37":0.02514,"38":0.031425,"39":0.006285,"40":0.043995,"41":0.961605,"42":0.006285,"43":null},"safari":{"3.1":null,"3.2":null,"4":0.01257,"5":0.05028,"5.1":0.207405,"6":0.01257,"6.1":0.11313,"7":0.056565,"7.1":0.018855,"8":0.26397,"9":0.35196,"9.1":1.275855,"10":2.95395,"0":null},"ios_saf":{"3.2":0,"4.0-4.1":0,"4.2-4.3":0,"5.0-5.1":0,"6.0-6.1":0,"7.0-7.1":0.251921814433,"8":0,"8.1-8.4":0.325399010309,"9.0-9.2":0.250755509737,"9.3":1.6421570126,"10-10.1":8.72979065292},"android":{"2.1":0,"2.2":0,"2.3":0.00370619525066,"3":0,"4":0.0321203588391,"4.1":0.101920369393,"4.2-4.3":0.290936327177,"4.4":0.685646121372,"4.4.3-4.4.4":0.524426627968,"53":null},"op_mob":{"10":0,"11":0,"11.1":0,"11.5":0,"12":0,"12.1":0.00116031183109,"0":0.0417712259193},"ie":{"5.5":null,"6":0.00629713320463,"7":0.0251885328185,"8":0.220399662162,"9":0.289668127413,"10":0.270776727799,"11":8.9734148166},"edge":{"12":0.10056,"13":0.52794,"14":3.211635},"bb":{"7":0.01858,"10":null},"ie_mob":{"10":0.069325696,"11":0.324570304},"and_ff":{"0":0.059456},"samsung":{"0":5.213548},"and_uc":{"0":0.732052},"op_mini":{"0":0.56277646225},"and_chr":{"0":17.317519}},"total":98.250884}