{"id":"AU","name":"Australia","month":"2016-11","access_date":"2016-12-03","data":{"firefox":{"2":null,"3":0.00547,"3.5":null,"3.6":0.01094,"4":null,"5":null,"6":null,"7":null,"8":null,"9":null,"10":null,"11":null,"12":null,"13":null,"14":null,"15":null,"16":null,"17":null,"18":null,"19":null,"20":null,"21":null,"22":null,"23":null,"24":null,"25":null,"26":null,"27":null,"28":null,"29":0.00547,"30":0.00547,"31":0.01094,"32":0.00547,"33":0.00547,"34":0.01641,"35":0.01094,"36":0.01094,"37":0.02188,"38":0.08752,"39":0.02188,"40":0.02188,"41":0.02188,"42":0.02735,"43":0.0547,"44":0.02735,"45":0.1641,"46":0.0547,"47":0.2188,"48":0.25709,"49":3.34217,"50":1.82151,"51":0.02735,"52":null,"53":null},"chrome":{"4":null,"5":null,"6":null,"7":null,"8":null,"9":null,"10":null,"11":0.01094,"12":null,"13":null,"14":null,"15":null,"16":null,"17":null,"18":null,"19":null,"20":null,"21":null,"22":0.01641,"23":null,"24":null,"25":null,"26":0.02735,"27":null,"28":null,"29":0.00547,"30":0.01094,"31":0.02188,"32":0.01094,"33":0.02188,"34":0.03829,"35":0.02188,"36":0.01641,"37":0.02188,"38":0.04923,"39":0.0547,"40":0.03282,"41":0.0547,"42":0.06017,"43":0.09846,"44":0.08205,"45":0.24615,"46":0.08752,"47":0.12034,"48":0.1094,"49":1.15417,"50":0.22427,"51":0.41025,"52":0.48683,"53":1.44955,"54":25.72541,"55":0.08752,"56":0.0547,"57":null},"opera":{"9":null,"9.5-9.6":null,"10.0-10.1":0,"10.5":null,"10.6":null,"11":null,"11.1":null,"11.5":null,"11.6":null,"12":null,"12.1":0.02188,"15":null,"16":null,"17":null,"18":null,"19":null,"20":null,"21":null,"22":null,"23":null,"24":null,"25":null,"26":null,"27":null,"28":0.01094,"29":null,"30":null,"31":null,"32":null,"33":null,"34":null,"35":null,"36":0.01094,"37":0.01094,"38":0.01094,"39":null,"40":null,"41":0.15316,"42":null,"43":null},"safari":{"3.1":null,"3.2":null,"4":0.00547,"5":0.03829,"5.1":0.13128,"6":0.01641,"6.1":0.09846,"7":0.06017,"7.1":0.01641,"8":0.35008,"9":0.61264,"9.1":1.59177,"10":2.93192,"0":null},"ios_saf":{"3.2":0,"4.0-4.1":0,"4.2-4.3":0,"5.0-5.1":0,"6.0-6.1":0,"7.0-7.1":0.544822717901,"8":0,"8.1-8.4":0.703729343955,"9.0-9.2":0.542300390503,"9.3":3.55143697595,"10-10.1":18.8796205717},"android":{"2.1":0,"2.2":0,"2.3":0.00261247644176,"3":0,"4":0.0226414624953,"4.1":0.0718431021485,"4.2-4.3":0.205079400678,"4.4":0.483308141726,"4.4.3-4.4.4":0.36966541651,"53":null},"op_mob":{"10":0,"11":0,"11.1":0,"11.5":0,"12":0,"12.1":0.00224755007704,"0":0.0809118027735},"ie":{"5.5":null,"6":0.00556095011876,"7":0.0111219002375,"8":0.211316104513,"9":0.255803705463,"10":0.233559904988,"11":6.30611743468},"edge":{"12":0.08752,"13":0.44307,"14":2.48338},"bb":{"7":0.006795,"10":null},"ie_mob":{"10":0.05740416,"11":0.26875584},"and_ff":{"0":0.04983},"samsung":{"0":4.05435},"and_uc":{"0":0.98754},"op_mini":{"0":1.09011064715},"and_chr":{"0":13.72297}},"total":98.877315}