{"id":"AW","name":"Aruba","month":"2016-11","access_date":"2016-12-03","data":{"firefox":{"2":null,"3":null,"3.5":null,"3.6":null,"4":null,"5":null,"6":null,"7":null,"8":null,"9":null,"10":null,"11":null,"12":null,"13":null,"14":null,"15":null,"16":null,"17":null,"18":null,"19":null,"20":null,"21":null,"22":null,"23":null,"24":null,"25":null,"26":null,"27":null,"28":null,"29":null,"30":null,"31":0.00515,"32":null,"33":0.0103,"34":null,"35":null,"36":null,"37":null,"38":0.0103,"39":0.0103,"40":0.0206,"41":0.07725,"42":0.00515,"43":0.01545,"44":0.0103,"45":0.02575,"46":0.0103,"47":0.1236,"48":0.21115,"49":2.66255,"50":1.2463,"51":0.0412,"52":0.00515,"53":null},"chrome":{"4":null,"5":null,"6":null,"7":null,"8":null,"9":null,"10":null,"11":0.0103,"12":null,"13":null,"14":null,"15":null,"16":null,"17":null,"18":0.01545,"19":null,"20":null,"21":null,"22":0.05665,"23":null,"24":null,"25":0.0206,"26":null,"27":null,"28":null,"29":null,"30":null,"31":0.0103,"32":0.0103,"33":0.0206,"34":0.0412,"35":0.01545,"36":0.01545,"37":0.0103,"38":0.0103,"39":0.02575,"40":0.06695,"41":null,"42":0.0309,"43":0.02575,"44":0.04635,"45":0.103,"46":0.01545,"47":0.0721,"48":0.05665,"49":1.35445,"50":0.07725,"51":0.20085,"52":0.1339,"53":0.8446,"54":23.7003,"55":0.08755,"56":0.05665,"57":null},"opera":{"9":null,"9.5-9.6":null,"10.0-10.1":0,"10.5":null,"10.6":null,"11":null,"11.1":null,"11.5":null,"11.6":null,"12":null,"12.1":0.04635,"15":null,"16":null,"17":null,"18":null,"19":null,"20":null,"21":null,"22":null,"23":null,"24":null,"25":null,"26":null,"27":null,"28":null,"29":0.0206,"30":null,"31":0.00515,"32":null,"33":0.01545,"34":null,"35":0.0103,"36":null,"37":0.1133,"38":null,"39":null,"40":null,"41":0.16995,"42":null,"43":null},"safari":{"3.1":null,"3.2":null,"4":0,"5":0.00515,"5.1":0.05665,"6":0.00515,"6.1":0.04635,"7":null,"7.1":0.0515,"8":0.11845,"9":0.1339,"9.1":0.9167,"10":2.6883,"0":null},"ios_saf":{"3.2":0,"4.0-4.1":0,"4.2-4.3":0,"5.0-5.1":0,"6.0-6.1":0,"7.0-7.1":0.378872727273,"8":0,"8.1-8.4":0.489377272727,"9.0-9.2":0.377118686869,"9.3":2.46968888889,"10-10.1":13.1289924242},"android":{"2.1":0,"2.2":0,"2.3":0.00675672823219,"3":0,"4":0.0585583113456,"4.1":0.185810026385,"4.2-4.3":0.530403166227,"4.4":1.24999472296,"4.4.3-4.4.4":0.956077044855,"53":null},"op_mob":{"10":0,"11":0,"11.1":0,"11.5":0,"12":0,"12.1":0.000436667638363,"0":0.0157200349811},"ie":{"5.5":null,"6":null,"7":0.0412477127968,"8":0.371229415171,"9":0.427945020266,"10":1.2528992762,"11":6.81102857556},"edge":{"12":0.11845,"13":0.53045,"14":3.30115},"bb":{"7":0.080025,"10":null},"ie_mob":{"10":0.0290224,"11":0.1358776},"and_ff":{"0":0.02425},"samsung":{"0":10.34505},"and_uc":{"0":0.1261},"op_mini":{"0":0.211793297381},"and_chr":{"0":19.2979}},"total":98.981625}