{"id":"AX","name":"Aland Islands","month":"2016-11","access_date":"2016-12-03","data":{"firefox":{"2":null,"3":null,"3.5":null,"3.6":null,"4":0.032325,"5":null,"6":null,"7":null,"8":null,"9":null,"10":null,"11":null,"12":null,"13":null,"14":null,"15":null,"16":0.006465,"17":null,"18":null,"19":null,"20":null,"21":null,"22":null,"23":null,"24":null,"25":null,"26":null,"27":null,"28":null,"29":0.006465,"30":null,"31":null,"32":null,"33":null,"34":null,"35":null,"36":0.006465,"37":null,"38":0.019395,"39":0.01293,"40":null,"41":0.01293,"42":0.02586,"43":0.355575,"44":0.006465,"45":0.187485,"46":0.019395,"47":0.071115,"48":0.19395,"49":6.070635,"50":3.639795,"51":null,"52":null,"53":null},"chrome":{"4":null,"5":null,"6":null,"7":null,"8":null,"9":null,"10":null,"11":null,"12":null,"13":null,"14":null,"15":null,"16":null,"17":null,"18":null,"19":null,"20":null,"21":null,"22":0.019395,"23":null,"24":null,"25":null,"26":null,"27":null,"28":null,"29":null,"30":null,"31":null,"32":null,"33":null,"34":0.01293,"35":0.01293,"36":0.032325,"37":null,"38":0.01293,"39":0.019395,"40":null,"41":null,"42":0.02586,"43":null,"44":null,"45":null,"46":null,"47":null,"48":0.006465,"49":1.493415,"50":0.02586,"51":0.10344,"52":0.09051,"53":0.898635,"54":31.69143,"55":0.06465,"56":0.19395,"57":0.045255},"opera":{"9":null,"9.5-9.6":null,"10.0-10.1":0,"10.5":null,"10.6":null,"11":null,"11.1":null,"11.5":null,"11.6":null,"12":null,"12.1":0.03879,"15":null,"16":null,"17":null,"18":null,"19":null,"20":null,"21":null,"22":null,"23":null,"24":null,"25":null,"26":null,"27":null,"28":null,"29":null,"30":null,"31":null,"32":null,"33":null,"34":null,"35":null,"36":null,"37":0.006465,"38":null,"39":null,"40":null,"41":0.213345,"42":null,"43":null},"safari":{"3.1":null,"3.2":null,"4":0,"5":0.03879,"5.1":0.1293,"6":null,"6.1":0.032325,"7":0.019395,"7.1":null,"8":0.096975,"9":2.708835,"9.1":2.34033,"10":2.05587,"0":null},"ios_saf":{"3.2":0,"4.0-4.1":0,"4.2-4.3":0,"5.0-5.1":0,"6.0-6.1":0,"7.0-7.1":0.391568524836,"8":0,"8.1-8.4":0.505776011246,"9.0-9.2":0.389755707591,"9.3":2.55244668041,"10-10.1":13.5689370759},"android":{"2.1":0,"2.2":0,"2.3":0.000839208443272,"3":0,"4":0.00727313984169,"4.1":0.02307823219,"4.2-4.3":0.0658778627968,"4.4":0.155253562005,"4.4.3-4.4.4":0.118747994723,"53":null},"op_mob":{"10":0,"11":0,"11.1":0,"11.5":0,"12":0,"12.1":0.000426499479449,"0":0.0153539812602},"ie":{"5.5":null,"6":null,"7":0.006465,"8":0.1293,"9":0.174555,"10":0.174555,"11":6.95634},"edge":{"12":0.032325,"13":0.36204,"14":3.057945},"bb":{"7":0,"10":null},"ie_mob":{"10":0.138702432,"11":0.649379568},"and_ff":{"0":0.007068},"samsung":{"0":4.120644},"and_uc":{"0":0.014136},"op_mini":{"0":0.20686151926},"and_chr":{"0":12.384273}},"total":99.306969}