{"id":"AZ","name":"Azerbaijan","month":"2016-11","access_date":"2016-12-03","data":{"firefox":{"2":0.02368,"3":0.089984,"3.5":0.170496,"3.6":0.454656,"4":0.014208,"5":0.009472,"6":0.004736,"7":0.018944,"8":0.014208,"9":0.009472,"10":0.014208,"11":0.009472,"12":0.009472,"13":0.014208,"14":0.018944,"15":0.009472,"16":0.014208,"17":0.004736,"18":null,"19":null,"20":0.028416,"21":0.033152,"22":0.018944,"23":0.009472,"24":0.009472,"25":0.014208,"26":0.009472,"27":0.004736,"28":0.004736,"29":null,"30":null,"31":0.009472,"32":0.004736,"33":0.009472,"34":0.014208,"35":0.009472,"36":0.028416,"37":0.02368,"38":0.009472,"39":null,"40":0.004736,"41":0.004736,"42":0.018944,"43":0.042624,"44":0.037888,"45":0.037888,"46":0.018944,"47":0.208384,"48":0.066304,"49":0.724608,"50":0.516224,"51":0.02368,"52":0.009472,"53":null},"chrome":{"4":0.033152,"5":0.04736,"6":0.028416,"7":0.018944,"8":0.033152,"9":0.02368,"10":0.028416,"11":0.042624,"12":0.042624,"13":0.018944,"14":0.04736,"15":0.033152,"16":0.07104,"17":0.052096,"18":0.066304,"19":0.042624,"20":0.037888,"21":0.099456,"22":0.217856,"23":0.066304,"24":0.061568,"25":0.052096,"26":0.089984,"27":0.066304,"28":0.04736,"29":0.02368,"30":0.018944,"31":0.033152,"32":0.018944,"33":0.02368,"34":0.042624,"35":0.042624,"36":0.037888,"37":0.04736,"38":0.080512,"39":0.04736,"40":0.085248,"41":0.175232,"42":0.085248,"43":0.151552,"44":0.075776,"45":0.07104,"46":0.04736,"47":0.07104,"48":0.113664,"49":2.159616,"50":0.113664,"51":0.487808,"52":0.345728,"53":0.620416,"54":25.38496,"55":0.09472,"56":0.075776,"57":null},"opera":{"9":null,"9.5-9.6":null,"10.0-10.1":0.014208,"10.5":0.033152,"10.6":0.056832,"11":0.014208,"11.1":0.028416,"11.5":0.042624,"11.6":0.146816,"12":0.232064,"12.1":0.767232,"15":0.028416,"16":0.009472,"17":0.018944,"18":0.02368,"19":0.02368,"20":0.042624,"21":0.018944,"22":0.014208,"23":null,"24":0.009472,"25":0.018944,"26":0.018944,"27":0.108928,"28":0.056832,"29":0.018944,"30":0.018944,"31":0.014208,"32":0.009472,"33":0.014208,"34":0.014208,"35":0.02368,"36":0.208384,"37":0.085248,"38":0.085248,"39":0.056832,"40":0.108928,"41":2.926848,"42":0.028416,"43":0.009472},"safari":{"3.1":0.02368,"3.2":null,"4":0.052096,"5":0.085248,"5.1":0.07104,"6":0.014208,"6.1":0.004736,"7":0.014208,"7.1":0.009472,"8":0.061568,"9":0.033152,"9.1":0.146816,"10":0.265216,"0":null},"ios_saf":{"3.2":0,"4.0-4.1":0,"4.2-4.3":0,"5.0-5.1":0,"6.0-6.1":0,"7.0-7.1":0.166861518276,"8":0,"8.1-8.4":0.215529461106,"9.0-9.2":0.166089011246,"9.3":1.08768989691,"10-10.1":5.78221511246},"android":{"2.1":0,"2.2":0,"2.3":0.0136933660008,"3":0,"4":0.118675838673,"4.1":0.376567565021,"4.2-4.3":1.07492923106,"4.4":2.53327271014,"4.4.3-4.4.4":1.93761128911,"53":null},"op_mob":{"10":0,"11":0,"11.1":0,"11.5":0,"12":0,"12.1":0.0134645254654,"0":0.484722916753},"ie":{"5.5":null,"6":null,"7":0.00509247311828,"8":0.310640860215,"9":0.193513978495,"10":0.254623655914,"11":0.656929032258},"edge":{"12":0.02368,"13":0.123136,"14":0.16576},"bb":{"7":0.07502625,"10":null},"ie_mob":{"10":0.08617752,"11":0.40346748},"and_ff":{"0":0.015795},"samsung":{"0":4.859595},"and_uc":{"0":0.637065},"op_mini":{"0":6.53058755778},"and_chr":{"0":26.127529}},"total":95.37792525}