{"id":"BA","name":"Bosnia and Herzegovina","month":"2016-11","access_date":"2016-12-03","data":{"firefox":{"2":null,"3":0.02192,"3.5":null,"3.6":0.01644,"4":null,"5":null,"6":null,"7":null,"8":null,"9":null,"10":null,"11":null,"12":0.00548,"13":null,"14":0.01096,"15":0.0274,"16":0.01096,"17":null,"18":0.01096,"19":null,"20":0.01096,"21":null,"22":null,"23":null,"24":null,"25":null,"26":null,"27":null,"28":null,"29":null,"30":0.00548,"31":0.01644,"32":0.01096,"33":0.00548,"34":0.01096,"35":0.02192,"36":0.01096,"37":0.0274,"38":0.03836,"39":0.03288,"40":0.0274,"41":0.03836,"42":0.0274,"43":0.13152,"44":0.03836,"45":0.20824,"46":0.06028,"47":0.31784,"48":0.17536,"49":5.03064,"50":3.11264,"51":0.06576,"52":null,"53":null},"chrome":{"4":null,"5":null,"6":null,"7":null,"8":null,"9":null,"10":null,"11":0.02192,"12":0.00548,"13":null,"14":0.00548,"15":null,"16":null,"17":null,"18":null,"19":null,"20":null,"21":null,"22":0.04384,"23":0.00548,"24":null,"25":0.01644,"26":0.03836,"27":0.00548,"28":null,"29":0.01096,"30":0.01644,"31":0.0274,"32":0.01096,"33":0.02192,"34":0.06028,"35":0.01644,"36":0.0274,"37":0.01644,"38":0.0548,"39":0.03288,"40":0.02192,"41":0.01644,"42":0.02192,"43":0.09864,"44":0.04932,"45":0.03836,"46":0.03836,"47":0.12604,"48":0.06028,"49":4.20864,"50":0.07124,"51":0.33428,"52":0.18084,"53":0.52608,"54":32.4964,"55":0.14796,"56":0.0548,"57":null},"opera":{"9":null,"9.5-9.6":null,"10.0-10.1":0,"10.5":null,"10.6":null,"11":null,"11.1":null,"11.5":null,"11.6":null,"12":null,"12.1":0.04932,"15":null,"16":null,"17":null,"18":null,"19":null,"20":null,"21":null,"22":null,"23":null,"24":null,"25":null,"26":null,"27":null,"28":0.01096,"29":null,"30":null,"31":null,"32":null,"33":null,"34":null,"35":0.01096,"36":0.14796,"37":0.0548,"38":0.03836,"39":0.01096,"40":0.02192,"41":1.13984,"42":0.00548,"43":null},"safari":{"3.1":null,"3.2":null,"4":0,"5":0.00548,"5.1":0.01644,"6":null,"6.1":0.01096,"7":0.00548,"7.1":null,"8":0.02192,"9":0.03836,"9.1":0.11508,"10":0.29044,"0":null},"ios_saf":{"3.2":0,"4.0-4.1":0,"4.2-4.3":0,"5.0-5.1":0,"6.0-6.1":0,"7.0-7.1":0.10004153702,"8":0,"8.1-8.4":0.12922031865,"9.0-9.2":0.0995783817557,"9.3":0.652122611684,"10-10.1":3.46671715089},"android":{"2.1":0,"2.2":0,"2.3":0.0125326498304,"3":0,"4":0.10861629853,"4.1":0.344647870335,"4.2-4.3":0.983813011685,"4.4":2.31854021862,"4.4.3-4.4.4":1.773369951,"53":null},"op_mob":{"10":0,"11":0,"11.1":0,"11.5":0,"12":0,"12.1":0.000571470453504,"0":0.0205729363262},"ie":{"5.5":null,"6":null,"7":null,"8":0.0992414634146,"9":0.0606475609756,"10":0.0882146341463,"11":1.56029634146},"edge":{"12":0.03836,"13":0.13152,"14":0.55348},"bb":{"7":0.00565,"10":null},"ie_mob":{"10":0.17342336,"11":0.81193664},"and_ff":{"0":0.01808},"samsung":{"0":1.7628},"and_uc":{"0":0.04972},"op_mini":{"0":0.27717559322},"and_chr":{"0":32.856}},"total":98.95125}