{"id":"BB","name":"Barbados","month":"2016-11","access_date":"2016-12-03","data":{"firefox":{"2":null,"3":0.013224,"3.5":null,"3.6":0.013224,"4":null,"5":null,"6":null,"7":null,"8":null,"9":0.006612,"10":null,"11":0.026448,"12":null,"13":null,"14":null,"15":null,"16":null,"17":null,"18":null,"19":null,"20":null,"21":null,"22":null,"23":null,"24":null,"25":null,"26":null,"27":null,"28":null,"29":null,"30":null,"31":null,"32":null,"33":null,"34":null,"35":null,"36":null,"37":0.013224,"38":0.019836,"39":0.052896,"40":0.039672,"41":0.013224,"42":0.019836,"43":0.039672,"44":0.013224,"45":0.092568,"46":0.046284,"47":0.238032,"48":0.1653,"49":4.436652,"50":2.572068,"51":0.105792,"52":null,"53":null},"chrome":{"4":null,"5":null,"6":null,"7":null,"8":null,"9":null,"10":null,"11":0.026448,"12":null,"13":null,"14":null,"15":null,"16":null,"17":null,"18":null,"19":null,"20":null,"21":null,"22":0.23142,"23":null,"24":null,"25":null,"26":null,"27":0.006612,"28":null,"29":0.059508,"30":null,"31":0.019836,"32":0.006612,"33":null,"34":0.026448,"35":0.013224,"36":0.013224,"37":0.013224,"38":0.085956,"39":0.03306,"40":0.013224,"41":0.013224,"42":0.026448,"43":0.125628,"44":0.046284,"45":0.026448,"46":0.026448,"47":0.052896,"48":0.019836,"49":1.857972,"50":0.105792,"51":0.581856,"52":0.257868,"53":0.971964,"54":33.906336,"55":0.185136,"56":0.092568,"57":null},"opera":{"9":null,"9.5-9.6":null,"10.0-10.1":0,"10.5":null,"10.6":null,"11":null,"11.1":null,"11.5":null,"11.6":null,"12":null,"12.1":0.284316,"15":null,"16":null,"17":null,"18":null,"19":null,"20":null,"21":null,"22":null,"23":null,"24":null,"25":null,"26":null,"27":0.013224,"28":null,"29":0.06612,"30":null,"31":null,"32":null,"33":0.013224,"34":null,"35":null,"36":0.026448,"37":0.251256,"38":0.039672,"39":null,"40":null,"41":0.376884,"42":null,"43":null},"safari":{"3.1":null,"3.2":null,"4":0.039672,"5":0.03306,"5.1":0.105792,"6":0.013224,"6.1":0.019836,"7":0.019836,"7.1":0.013224,"8":0.125628,"9":0.112404,"9.1":0.700872,"10":1.78524,"0":null},"ios_saf":{"3.2":0,"4.0-4.1":0,"4.2-4.3":0,"5.0-5.1":0,"6.0-6.1":0,"7.0-7.1":0.126922031865,"8":0,"8.1-8.4":0.163940957826,"9.0-9.2":0.126334429866,"9.3":0.82734361512,"10-10.1":4.39820096532},"android":{"2.1":0,"2.2":0,"2.3":0.00953634300792,"3":0,"4":0.0826483060686,"4.1":0.262249432718,"4.2-4.3":0.748602926121,"4.4":1.76422345646,"4.4.3-4.4.4":1.34939253562,"53":null},"op_mob":{"10":0,"11":0,"11.1":0,"11.5":0,"12":0,"12.1":0.0018426588931,"0":0.0663357201516},"ie":{"5.5":null,"6":null,"7":null,"8":0.621657084599,"9":0.293366264642,"10":0.279396442516,"11":5.24566820824},"edge":{"12":0.119016,"13":0.575244,"14":4.006872},"bb":{"7":0.20067975,"10":null},"ie_mob":{"10":0.109684608,"11":0.513523392},"and_ff":{"0":0.023709},"samsung":{"0":4.4031},"and_uc":{"0":0.314991},"op_mini":{"0":0.893729620955},"and_chr":{"0":18.949671}},"total":97.29110175}