{"id":"BD","name":"Bangladesh","month":"2016-11","access_date":"2016-12-03","data":{"firefox":{"2":null,"3":0.160162,"3.5":0.013164,"3.6":0.02194,"4":0.013164,"5":0.004388,"6":0.004388,"7":0.004388,"8":0.006582,"9":0.008776,"10":0.01097,"11":0.041686,"12":0.026328,"13":0.015358,"14":0.02194,"15":0.02194,"16":0.013164,"17":0.013164,"18":0.015358,"19":0.015358,"20":0.017552,"21":0.019746,"22":0.013164,"23":0.008776,"24":0.013164,"25":0.017552,"26":0.008776,"27":0.013164,"28":0.01097,"29":0.05485,"30":0.035104,"31":0.02194,"32":0.02194,"33":0.028522,"34":0.024134,"35":0.037298,"36":0.04388,"37":0.037298,"38":0.063626,"39":0.050462,"40":0.07679,"41":0.046074,"42":0.046074,"43":0.243534,"44":0.421248,"45":0.092148,"46":0.111894,"47":0.491456,"48":0.234758,"49":2.87414,"50":2.174254,"51":0.414666,"52":0.004388,"53":0.002194},"chrome":{"4":0.004388,"5":null,"6":null,"7":null,"8":null,"9":null,"10":0.004388,"11":0.01097,"12":0.01097,"13":null,"14":0.004388,"15":null,"16":0.002194,"17":0.004388,"18":0.006582,"19":0.006582,"20":0.006582,"21":0.01097,"22":0.006582,"23":0.006582,"24":0.004388,"25":0.01097,"26":0.006582,"27":0.01097,"28":0.026328,"29":0.017552,"30":0.008776,"31":0.08776,"32":0.01097,"33":0.039492,"34":0.008776,"35":0.006582,"36":0.006582,"37":0.01097,"38":0.006582,"39":0.04388,"40":0.006582,"41":0.017552,"42":0.008776,"43":0.201848,"44":0.013164,"45":0.017552,"46":0.006582,"47":0.035104,"48":0.046074,"49":0.335682,"50":0.048268,"51":0.265474,"52":0.103118,"53":0.162356,"54":7.784312,"55":0.092148,"56":0.129446,"57":null},"opera":{"9":null,"9.5-9.6":0.004388,"10.0-10.1":0.002194,"10.5":null,"10.6":0.01097,"11":0.002194,"11.1":0.004388,"11.5":0.002194,"11.6":0.008776,"12":0.006582,"12.1":0.02194,"15":null,"16":null,"17":null,"18":null,"19":0.002194,"20":null,"21":null,"22":0.002194,"23":null,"24":null,"25":null,"26":null,"27":null,"28":0.015358,"29":0.006582,"30":0.008776,"31":null,"32":0.002194,"33":0.008776,"34":0.01097,"35":0.01097,"36":0.019746,"37":0.136028,"38":0.028522,"39":0.004388,"40":0.013164,"41":0.53753,"42":0.004388,"43":null},"safari":{"3.1":null,"3.2":null,"4":0.006582,"5":0.002194,"5.1":0.006582,"6":0.006582,"6.1":null,"7":0.004388,"7.1":null,"8":0.008776,"9":0.008776,"9.1":0.024134,"10":0.050462,"0":null},"ios_saf":{"3.2":0,"4.0-4.1":0,"4.2-4.3":0,"5.0-5.1":0,"6.0-6.1":0,"7.0-7.1":0.0215963561387,"8":0,"8.1-8.4":0.0278952933458,"9.0-9.2":0.0214963730084,"9.3":0.140776247423,"10-10.1":0.748373730084},"android":{"2.1":0,"2.2":0,"2.3":0.0111573132303,"3":0,"4":0.0966967146626,"4.1":0.306826113833,"4.2-4.3":0.875849088579,"4.4":2.06410294761,"4.4.3-4.4.4":1.57875982209,"53":null},"op_mob":{"10":0,"11":0,"11.1":0,"11.5":0,"12":0,"12.1":0.0563892723108,"0":2.03001380319},"ie":{"5.5":null,"6":0.0124698046875,"7":0.0024939609375,"8":0.244408171875,"9":0.034915453125,"10":0.0598550625,"11":0.276829664062},"edge":{"12":0.074596,"13":0.048268,"14":0.096536},"bb":{"7":0.007806,"10":null},"ie_mob":{"10":0.131890176,"11":0.617485824},"and_ff":{"0":0.03903},"samsung":{"0":1.342632},"and_uc":{"0":15.799344},"op_mini":{"0":27.3500229245},"and_chr":{"0":24.959688}},"total":97.9466041172}