{"id":"BE","name":"Belgium","month":"2016-11","access_date":"2016-12-03","data":{"firefox":{"2":null,"3":null,"3.5":null,"3.6":0.013394,"4":null,"5":null,"6":null,"7":null,"8":null,"9":null,"10":null,"11":null,"12":null,"13":null,"14":null,"15":null,"16":0.013394,"17":null,"18":null,"19":null,"20":0.006697,"21":0.006697,"22":null,"23":0.006697,"24":0.006697,"25":null,"26":null,"27":null,"28":0.006697,"29":0.006697,"30":0.006697,"31":0.020091,"32":0.013394,"33":0.013394,"34":0.006697,"35":0.020091,"36":0.020091,"37":0.026788,"38":0.093758,"39":0.033485,"40":0.026788,"41":0.026788,"42":0.033485,"43":0.073667,"44":0.053576,"45":0.314759,"46":0.053576,"47":0.26788,"48":0.435305,"49":5.585298,"50":2.779255,"51":0.020091,"52":null,"53":null},"chrome":{"4":null,"5":null,"6":null,"7":null,"8":null,"9":null,"10":null,"11":0.013394,"12":null,"13":null,"14":null,"15":null,"16":null,"17":null,"18":null,"19":null,"20":null,"21":null,"22":0.013394,"23":null,"24":null,"25":null,"26":0.006697,"27":null,"28":null,"29":null,"30":0.006697,"31":0.020091,"32":0.013394,"33":0.013394,"34":0.026788,"35":0.026788,"36":0.026788,"37":0.040182,"38":0.033485,"39":0.093758,"40":0.033485,"41":0.046879,"42":0.040182,"43":0.073667,"44":0.053576,"45":0.046879,"46":0.046879,"47":0.053576,"48":0.073667,"49":1.580492,"50":0.087061,"51":0.274577,"52":0.194213,"53":0.783549,"54":28.556008,"55":0.080364,"56":0.033485,"57":null},"opera":{"9":null,"9.5-9.6":null,"10.0-10.1":0,"10.5":null,"10.6":null,"11":null,"11.1":null,"11.5":null,"11.6":null,"12":null,"12.1":0.033485,"15":null,"16":null,"17":null,"18":null,"19":null,"20":null,"21":null,"22":null,"23":null,"24":null,"25":null,"26":null,"27":null,"28":0.013394,"29":null,"30":null,"31":null,"32":null,"33":null,"34":null,"35":null,"36":0.026788,"37":0.006697,"38":0.013394,"39":null,"40":0.006697,"41":0.40182,"42":null,"43":null},"safari":{"3.1":null,"3.2":null,"4":0.020091,"5":0.06697,"5.1":0.160728,"6":0.013394,"6.1":0.13394,"7":0.053576,"7.1":0.020091,"8":0.287971,"9":0.361638,"9.1":1.446552,"10":3.522622,"0":null},"ios_saf":{"3.2":0,"4.0-4.1":0,"4.2-4.3":0,"5.0-5.1":0,"6.0-6.1":0,"7.0-7.1":0.262481701968,"8":0,"8.1-8.4":0.339038865042,"9.0-9.2":0.261266508903,"9.3":1.71099183505,"10-10.1":9.09572008903},"android":{"2.1":0,"2.2":0,"2.3":0.00240535092348,"3":0,"4":0.0208463746702,"4.1":0.0661471503958,"4.2-4.3":0.188820047493,"4.4":0.444989920844,"4.4.3-4.4.4":0.340357155673,"53":null},"op_mob":{"10":0,"11":0,"11.1":0,"11.5":0,"12":0,"12.1":0.000360657393912,"0":0.0129836661808},"ie":{"5.5":null,"6":null,"7":0.0134094665127,"8":0.248075130485,"9":0.362055595843,"10":0.268189330254,"11":10.7208684769},"edge":{"12":0.087061,"13":0.575942,"14":4.346353},"bb":{"7":0.013212,"10":null},"ie_mob":{"10":0.12207888,"11":0.57155112},"and_ff":{"0":0.03303},"samsung":{"0":4.445838},"and_uc":{"0":0.069363},"op_mini":{"0":0.174926676425},"and_chr":{"0":14.917868}},"total":98.691392}