{"id":"BF","name":"Burkina Faso","month":"2016-11","access_date":"2016-12-03","data":{"firefox":{"2":0.002354,"3":0.277772,"3.5":0.018832,"3.6":0.028248,"4":0.02354,"5":0.016478,"6":0.004708,"7":0.004708,"8":0.004708,"9":null,"10":0.021186,"11":0.032956,"12":0.032956,"13":0.040018,"14":0.025894,"15":0.032956,"16":0.042372,"17":0.02354,"18":0.018832,"19":0.014124,"20":0.056496,"21":0.018832,"22":0.021186,"23":0.01177,"24":0.042372,"25":0.014124,"26":0.01177,"27":0.014124,"28":0.018832,"29":0.018832,"30":0.054142,"31":0.02354,"32":0.037664,"33":0.056496,"34":0.044726,"35":0.063558,"36":0.040018,"37":0.030602,"38":0.061204,"39":0.075328,"40":0.042372,"41":0.05885,"42":0.056496,"43":0.437844,"44":0.138886,"45":0.110638,"46":0.068266,"47":1.01222,"48":0.463738,"49":3.95472,"50":2.255132,"51":0.07062,"52":0.004708,"53":null},"chrome":{"4":0.002354,"5":null,"6":0.002354,"7":null,"8":null,"9":null,"10":0.002354,"11":0.05885,"12":0.007062,"13":0.007062,"14":0.002354,"15":0.009416,"16":0.009416,"17":0.032956,"18":0.009416,"19":null,"20":null,"21":null,"22":null,"23":null,"24":0.004708,"25":0.007062,"26":0.004708,"27":0.028248,"28":0.021186,"29":0.112992,"30":0.021186,"31":0.037664,"32":0.016478,"33":0.009416,"34":0.007062,"35":0.004708,"36":0.007062,"37":0.004708,"38":0.007062,"39":0.016478,"40":0.004708,"41":0.002354,"42":0.01177,"43":0.049434,"44":0.01177,"45":0.018832,"46":0.007062,"47":0.021186,"48":0.009416,"49":0.480216,"50":0.040018,"51":0.320144,"52":0.12947,"53":0.313082,"54":6.937238,"55":0.021186,"56":null,"57":null},"opera":{"9":null,"9.5-9.6":null,"10.0-10.1":0,"10.5":null,"10.6":null,"11":null,"11.1":null,"11.5":0.007062,"11.6":null,"12":null,"12.1":0.007062,"15":0.002354,"16":null,"17":null,"18":0.004708,"19":null,"20":0.014124,"21":null,"22":null,"23":null,"24":null,"25":null,"26":null,"27":null,"28":null,"29":0.014124,"30":0.016478,"31":null,"32":null,"33":0.004708,"34":0.014124,"35":0.014124,"36":0.018832,"37":0.032956,"38":0.007062,"39":0.018832,"40":0.037664,"41":0.614394,"42":null,"43":null},"safari":{"3.1":null,"3.2":null,"4":0.016478,"5":0.018832,"5.1":0.018832,"6":0.028248,"6.1":0.004708,"7":0.030602,"7.1":0.004708,"8":0.016478,"9":0.049434,"9.1":0.343684,"10":0.124762,"0":null},"ios_saf":{"3.2":0,"4.0-4.1":0,"4.2-4.3":0,"5.0-5.1":0,"6.0-6.1":0,"7.0-7.1":0.0180556701031,"8":0,"8.1-8.4":0.0233219072165,"9.0-9.2":0.0179720790378,"9.3":0.117696219931,"10-10.1":0.625679123711},"android":{"2.1":0,"2.2":0,"2.3":0.0133823520543,"3":0,"4":0.11598038447,"4.1":0.368014681493,"4.2-4.3":1.05051463626,"4.4":2.47573513004,"4.4.3-4.4.4":1.89360281568,"53":null},"op_mob":{"10":0,"11":0,"11.1":0,"11.5":0,"12":0,"12.1":0.0855559963353,"0":3.08001586807},"ie":{"5.5":null,"6":0.0377158787879,"7":0.00471448484848,"8":0.245153212121,"9":0.0447876060606,"10":0.155578,"11":1.22340881818},"edge":{"12":0.148302,"13":0.12947,"14":0.12947},"bb":{"7":0.04778125,"10":null},"ie_mob":{"10":0.09149536,"11":0.42836464},"and_ff":{"0":0.084095},"samsung":{"0":1.246135},"and_uc":{"0":7.958445},"op_mini":{"0":41.4965181356},"and_chr":{"0":14.9424}},"total":98.67323125}