{"id":"BG","name":"Bulgaria","month":"2016-11","access_date":"2016-12-03","data":{"firefox":{"2":0.007006,"3":0.021018,"3.5":0.028024,"3.6":0.077066,"4":0.007006,"5":null,"6":null,"7":null,"8":null,"9":0.007006,"10":0.014012,"11":0.021018,"12":0.021018,"13":null,"14":0.007006,"15":null,"16":0.014012,"17":0.014012,"18":0.014012,"19":null,"20":0.021018,"21":0.014012,"22":0.014012,"23":0.014012,"24":0.014012,"25":0.007006,"26":0.007006,"27":null,"28":0.014012,"29":0.007006,"30":0.014012,"31":0.03503,"32":0.021018,"33":0.028024,"34":0.042036,"35":0.028024,"36":0.224192,"37":0.03503,"38":0.077066,"39":0.056048,"40":0.03503,"41":0.063054,"42":0.077066,"43":0.231198,"44":0.084072,"45":0.21018,"46":0.168144,"47":0.658564,"48":0.371318,"49":8.659416,"50":5.296536,"51":0.049042,"52":0.007006,"53":null},"chrome":{"4":0.007006,"5":null,"6":null,"7":null,"8":null,"9":null,"10":null,"11":0.028024,"12":0.007006,"13":0.007006,"14":null,"15":0.007006,"16":0.063054,"17":null,"18":0.021018,"19":null,"20":null,"21":0.014012,"22":0.049042,"23":0.014012,"24":0.007006,"25":0.021018,"26":0.077066,"27":0.014012,"28":null,"29":0.007006,"30":0.014012,"31":0.021018,"32":0.007006,"33":0.014012,"34":0.077066,"35":0.056048,"36":0.028024,"37":0.021018,"38":0.042036,"39":0.098084,"40":0.091078,"41":0.03503,"42":0.021018,"43":0.147126,"44":0.049042,"45":0.03503,"46":0.063054,"47":0.084072,"48":0.10509,"49":4.02845,"50":0.182156,"51":0.80569,"52":0.266228,"53":0.707606,"54":33.38359,"55":0.091078,"56":0.063054,"57":null},"opera":{"9":null,"9.5-9.6":null,"10.0-10.1":0,"10.5":null,"10.6":null,"11":null,"11.1":null,"11.5":0.014012,"11.6":0.028024,"12":0.028024,"12.1":0.24521,"15":null,"16":null,"17":null,"18":0.007006,"19":null,"20":0.007006,"21":null,"22":null,"23":null,"24":null,"25":null,"26":null,"27":0.014012,"28":0.021018,"29":null,"30":0.007006,"31":null,"32":null,"33":null,"34":null,"35":0.007006,"36":0.182156,"37":0.03503,"38":0.119102,"39":0.014012,"40":0.03503,"41":1.415212,"42":0.014012,"43":null},"safari":{"3.1":null,"3.2":null,"4":0.014012,"5":0.021018,"5.1":0.028024,"6":null,"6.1":0.021018,"7":0.007006,"7.1":null,"8":0.028024,"9":0.03503,"9.1":0.168144,"10":0.448384,"0":null},"ios_saf":{"3.2":0,"4.0-4.1":0,"4.2-4.3":0,"5.0-5.1":0,"6.0-6.1":0,"7.0-7.1":0.0744575370197,"8":0,"8.1-8.4":0.0961743186504,"9.0-9.2":0.0741128262001,"9.3":0.485352833906,"10-10.1":2.58016048422},"android":{"2.1":0,"2.2":0,"2.3":0.00567237240859,"3":0,"4":0.0491605608745,"4.1":0.155990241236,"4.2-4.3":0.445281234075,"4.4":1.04938889559,"4.4.3-4.4.4":0.802640695816,"53":null},"op_mob":{"10":0,"11":0,"11.1":0,"11.5":0,"12":0,"12.1":0.000705217757048,"0":0.0253878392537},"ie":{"5.5":null,"6":0.00704301981506,"7":0.0140860396301,"8":0.457796287979,"9":0.345107970938,"10":0.218333614267,"11":4.28919906737},"edge":{"12":0.042036,"13":0.189162,"14":0.854732},"bb":{"7":0.0074825,"10":null},"ie_mob":{"10":0.12642432,"11":0.59189568},"and_ff":{"0":0.020951},"samsung":{"0":2.107072},"and_uc":{"0":0.155636},"op_mini":{"0":0.342045942989},"and_chr":{"0":21.531865}},"total":97.8243195}