{"id":"BH","name":"Bahrain","month":"2016-11","access_date":"2016-12-03","data":{"firefox":{"2":null,"3":0.007142,"3.5":0.003571,"3.6":0.017855,"4":null,"5":null,"6":0.003571,"7":null,"8":null,"9":null,"10":0.003571,"11":0.003571,"12":0.003571,"13":null,"14":0.028568,"15":0.003571,"16":0.003571,"17":null,"18":0.003571,"19":null,"20":null,"21":0.417807,"22":0.067849,"23":0.064278,"24":0.064278,"25":0.096417,"26":null,"27":0.042852,"28":0.042852,"29":0.046423,"30":null,"31":0.064278,"32":null,"33":0.032139,"34":0.010713,"35":0.014284,"36":0.028568,"37":0.403523,"38":0.014284,"39":0.014284,"40":0.014284,"41":0.014284,"42":0.010713,"43":0.042852,"44":0.024997,"45":0.03571,"46":0.024997,"47":0.203547,"48":0.17855,"49":1.49982,"50":0.882037,"51":0.03571,"52":null,"53":null},"chrome":{"4":null,"5":null,"6":null,"7":null,"8":null,"9":null,"10":null,"11":0.014284,"12":null,"13":null,"14":null,"15":null,"16":null,"17":0.007142,"18":0.017855,"19":0.003571,"20":0.007142,"21":0.007142,"22":0.014284,"23":null,"24":0.014284,"25":0.003571,"26":0.007142,"27":0.157124,"28":0.078562,"29":0.074991,"30":0.039281,"31":0.078562,"32":0.082133,"33":0.064278,"34":0.064278,"35":0.082133,"36":0.110701,"37":0.067849,"38":0.024997,"39":0.10713,"40":0.032139,"41":0.724913,"42":0.010713,"43":0.146411,"44":0.028568,"45":0.021426,"46":0.021426,"47":0.039281,"48":0.060707,"49":0.89275,"50":0.067849,"51":0.317819,"52":0.310677,"53":0.467801,"54":15.673119,"55":0.074991,"56":0.092846,"57":null},"opera":{"9":null,"9.5-9.6":null,"10.0-10.1":0,"10.5":null,"10.6":null,"11":null,"11.1":null,"11.5":null,"11.6":0.042852,"12":0.092846,"12.1":0.099988,"15":null,"16":null,"17":null,"18":0.007142,"19":null,"20":null,"21":null,"22":null,"23":null,"24":null,"25":null,"26":null,"27":null,"28":0.664206,"29":null,"30":null,"31":null,"32":null,"33":null,"34":0.010713,"35":null,"36":0.007142,"37":0.010713,"38":0.039281,"39":null,"40":0.003571,"41":0.167837,"42":null,"43":null},"safari":{"3.1":null,"3.2":null,"4":0,"5":0.049994,"5.1":0.10713,"6":0.014284,"6.1":0.057136,"7":0.07142,"7.1":0.003571,"8":0.17855,"9":0.328532,"9.1":0.599928,"10":1.274847,"0":null},"ios_saf":{"3.2":0,"4.0-4.1":0,"4.2-4.3":0,"5.0-5.1":0,"6.0-6.1":0,"7.0-7.1":0.227178084349,"8":0,"8.1-8.4":0.29343835895,"9.0-9.2":0.226126333958,"9.3":1.48086454983,"10-10.1":7.87235167291},"android":{"2.1":0,"2.2":0,"2.3":0.00728442291745,"3":0,"4":0.0631316652846,"4.1":0.20032163023,"4.2-4.3":0.57182719902,"4.4":1.34761823973,"4.4.3-4.4.4":1.03074584282,"53":null},"op_mob":{"10":0,"11":0,"11.1":0,"11.5":0,"12":0,"12.1":0.00626862974222,"0":0.22567067072},"ie":{"5.5":null,"6":null,"7":0.0107286280088,"8":0.45775479504,"9":0.414840283005,"10":0.300401584245,"11":3.7192577097},"edge":{"12":0.074991,"13":0.267825,"14":0.867753},"bb":{"7":0.1125075,"10":null},"ie_mob":{"10":0.119939424,"11":0.561534576},"and_ff":{"0":0.090006},"samsung":{"0":5.348928},"and_uc":{"0":13.005867},"op_mini":{"0":3.04042169954},"and_chr":{"0":27.701752}},"total":98.0653535}