{"id":"BI","name":"Burundi","month":"2016-11","access_date":"2016-12-03","data":{"firefox":{"2":0.003063,"3":0.075554,"3.5":null,"3.6":0.059218,"4":0.003063,"5":0.004084,"6":null,"7":0.014294,"8":null,"9":0.002042,"10":0.021441,"11":0.027567,"12":0.018378,"13":0.015315,"14":0.013273,"15":0.011231,"16":0.018378,"17":0.027567,"18":0.002042,"19":0.017357,"20":0.015315,"21":0.004084,"22":0.002042,"23":0.004084,"24":0.019399,"25":0.008168,"26":0.006126,"27":0.002042,"28":0.006126,"29":0.006126,"30":0.161318,"31":0.075554,"32":0.01021,"33":0.01021,"34":0.003063,"35":0.016336,"36":0.029609,"37":0.023483,"38":0.018378,"39":0.024504,"40":0.005105,"41":0.022462,"42":0.006126,"43":0.086785,"44":0.070449,"45":0.044924,"46":0.032672,"47":0.312426,"48":0.076575,"49":1.553962,"50":0.865808,"51":0.057176,"52":null,"53":null},"chrome":{"4":null,"5":null,"6":null,"7":null,"8":0.05105,"9":null,"10":0.002042,"11":0.006126,"12":null,"13":null,"14":null,"15":0.002042,"16":0.006126,"17":null,"18":0.006126,"19":0.002042,"20":0.001021,"21":null,"22":null,"23":null,"24":null,"25":null,"26":0.005105,"27":0.002042,"28":0.003063,"29":null,"30":0.004084,"31":0.007147,"32":0.002042,"33":null,"34":0.004084,"35":0.003063,"36":0.003063,"37":0.003063,"38":null,"39":null,"40":0.001021,"41":null,"42":0.017357,"43":0.083722,"44":0.002042,"45":0.024504,"46":0.003063,"47":0.023483,"48":0.016336,"49":0.098016,"50":0.009189,"51":0.070449,"52":0.026546,"53":0.085764,"54":3.364195,"55":0.013273,"56":0.02042,"57":null},"opera":{"9":null,"9.5-9.6":null,"10.0-10.1":0,"10.5":null,"10.6":null,"11":0.002042,"11.1":null,"11.5":null,"11.6":0.001021,"12":null,"12.1":0.003063,"15":null,"16":null,"17":null,"18":0.005105,"19":null,"20":null,"21":0.003063,"22":null,"23":null,"24":null,"25":null,"26":null,"27":null,"28":null,"29":0.021441,"30":0.002042,"31":null,"32":null,"33":0.006126,"34":0.006126,"35":0.014294,"36":0.008168,"37":0.117415,"38":0.003063,"39":0.001021,"40":0.017357,"41":0.191948,"42":null,"43":null},"safari":{"3.1":null,"3.2":null,"4":0,"5":0.004084,"5.1":0.007147,"6":null,"6.1":0.004084,"7":0.004084,"7.1":0.001021,"8":0.006126,"9":0.02042,"9.1":0.035735,"10":0.062281,"0":null},"ios_saf":{"3.2":0,"4.0-4.1":0,"4.2-4.3":0,"5.0-5.1":0,"6.0-6.1":0,"7.0-7.1":0.0107041124649,"8":0,"8.1-8.4":0.0138261452671,"9.0-9.2":0.0106545563886,"9.3":0.0697749553265,"10-10.1":0.370927230553},"android":{"2.1":0,"2.2":0,"2.3":0.005239160196,"3":0,"4":0.045406055032,"4.1":0.14407690539,"4.2-4.3":0.411274075386,"4.4":0.969244636261,"4.4.3-4.4.4":0.741341167735,"53":null},"op_mob":{"10":0,"11":0,"11.1":0,"11.5":0,"12":0,"12.1":0.14759691642,"0":5.31348899113},"ie":{"5.5":null,"6":null,"7":0.00409305543237,"8":0.148373259424,"9":0.032744443459,"10":0.065488886918,"11":0.672284354767},"edge":{"12":0.029609,"13":0.073512,"14":0.056155},"bb":{"7":0.01571325,"10":null},"ie_mob":{"10":0.069533376,"11":0.325542624},"and_ff":{"0":null},"samsung":{"0":0.682404},"and_uc":{"0":2.011296},"op_mini":{"0":71.5877130924},"and_chr":{"0":6.242498}},"total":98.70601725}