{"id":"BJ","name":"Benin","month":"2016-11","access_date":"2016-12-03","data":{"firefox":{"2":0.0086,"3":0.05375,"3.5":0.0043,"3.6":0.0129,"4":null,"5":null,"6":null,"7":0.0043,"8":0.0043,"9":0.00645,"10":0.0043,"11":0.0172,"12":0.01935,"13":0.0043,"14":0.0086,"15":0.02365,"16":0.02795,"17":0.0043,"18":0.00645,"19":0.0043,"20":0.0129,"21":0.0086,"22":0.0129,"23":0.0258,"24":0.01935,"25":0.01935,"26":0.01505,"27":0.0129,"28":0.0043,"29":0.0559,"30":0.02365,"31":0.0215,"32":0.0516,"33":0.0215,"34":0.01075,"35":0.0215,"36":0.0215,"37":0.04085,"38":0.03655,"39":0.03655,"40":0.0301,"41":0.05805,"42":0.0645,"43":0.3827,"44":0.086,"45":0.06235,"46":0.0559,"47":0.48805,"48":0.1806,"49":2.46605,"50":1.1309,"51":0.08815,"52":0.00645,"53":null},"chrome":{"4":0.0043,"5":0.0043,"6":null,"7":null,"8":0.00215,"9":null,"10":0.00645,"11":0.0172,"12":0.04515,"13":0.01075,"14":0.01935,"15":0.01505,"16":0.0215,"17":0.01075,"18":0.01505,"19":0.0172,"20":null,"21":0.00215,"22":0.01505,"23":0.0086,"24":0.01075,"25":0.01505,"26":0.043,"27":0.01505,"28":0.0129,"29":0.02365,"30":0.01505,"31":0.02795,"32":0.0129,"33":0.10965,"34":0.00645,"35":0.0043,"36":0.0172,"37":0.0086,"38":0.0301,"39":0.0172,"40":0.04085,"41":0.02365,"42":0.0387,"43":0.10965,"44":0.04085,"45":0.086,"46":0.0817,"47":0.1333,"48":0.04945,"49":0.71165,"50":0.04945,"51":0.26015,"52":0.16985,"53":0.37625,"54":8.55485,"55":0.02795,"56":0.01505,"57":null},"opera":{"9":null,"9.5-9.6":null,"10.0-10.1":0,"10.5":null,"10.6":null,"11":null,"11.1":null,"11.5":0.0043,"11.6":0.0043,"12":null,"12.1":0.05375,"15":0.00215,"16":null,"17":null,"18":0.0774,"19":0.00215,"20":0.01505,"21":0.0043,"22":0.00215,"23":null,"24":null,"25":null,"26":null,"27":null,"28":0.0086,"29":0.01075,"30":0.00645,"31":null,"32":0.0043,"33":0.0086,"34":0.01935,"35":0.0129,"36":0.01505,"37":0.21285,"38":0.0086,"39":0.01505,"40":0.086,"41":0.4515,"42":null,"43":null},"safari":{"3.1":null,"3.2":null,"4":0,"5":null,"5.1":0.00645,"6":null,"6.1":null,"7":0.0043,"7.1":0.00215,"8":0.0946,"9":0.0817,"9.1":0.13975,"10":0.24725,"0":null},"ios_saf":{"3.2":0,"4.0-4.1":0,"4.2-4.3":0,"5.0-5.1":0,"6.0-6.1":0,"7.0-7.1":0.0201289597001,"8":0,"8.1-8.4":0.0259999062793,"9.0-9.2":0.0200357700719,"9.3":0.131210996564,"10-10.1":0.697524367385},"android":{"2.1":0,"2.2":0,"2.3":0.00804232943837,"3":0,"4":0.0697001884659,"4.1":0.221164059555,"4.2-4.3":0.631322860912,"4.4":1.4878309461,"4.4.3-4.4.4":1.13798961553,"53":null},"op_mob":{"10":0,"11":0,"11.1":0,"11.5":0,"12":0,"12.1":0.110587156957,"0":3.98113765044},"ie":{"5.5":null,"6":0.00432382271468,"7":0.00648573407202,"8":0.198895844875,"9":0.0259429362881,"10":0.0540477839335,"11":0.490753878116},"edge":{"12":0.04945,"13":0.0731,"14":0.0989},"bb":{"7":0.0451375,"10":null},"ie_mob":{"10":0.1547392,"11":0.7244608},"and_ff":{"0":0.0157},"samsung":{"0":0.87135},"and_uc":{"0":4.4431},"op_mini":{"0":53.6371751926},"and_chr":{"0":10.92525}},"total":99.1051875}