{"id":"BM","name":"Bermuda","month":"2016-11","access_date":"2016-12-03","data":{"firefox":{"2":null,"3":null,"3.5":null,"3.6":null,"4":null,"5":null,"6":0.022674,"7":0.015116,"8":null,"9":null,"10":null,"11":null,"12":null,"13":null,"14":null,"15":null,"16":0.007558,"17":0.007558,"18":null,"19":null,"20":null,"21":null,"22":null,"23":null,"24":null,"25":null,"26":0.015116,"27":null,"28":null,"29":null,"30":null,"31":null,"32":null,"33":null,"34":null,"35":null,"36":null,"37":null,"38":0.030232,"39":null,"40":0.007558,"41":0.045348,"42":0.068022,"43":0.03779,"44":null,"45":0.045348,"46":0.022674,"47":0.07558,"48":0.45348,"49":2.917388,"50":1.602296,"51":0.022674,"52":null,"53":null},"chrome":{"4":null,"5":null,"6":null,"7":null,"8":null,"9":null,"10":null,"11":0.015116,"12":0.022674,"13":null,"14":null,"15":null,"16":null,"17":null,"18":null,"19":null,"20":null,"21":null,"22":0.022674,"23":0.007558,"24":null,"25":null,"26":0.007558,"27":0.022674,"28":0.030232,"29":0.015116,"30":null,"31":null,"32":0.007558,"33":null,"34":0.03779,"35":0.015116,"36":0.015116,"37":null,"38":0.03779,"39":0.120928,"40":null,"41":0.022674,"42":0.022674,"43":0.03779,"44":0.022674,"45":0.022674,"46":0.07558,"47":0.045348,"48":0.083138,"49":1.866826,"50":0.136044,"51":0.249414,"52":0.098254,"53":0.891844,"54":28.130876,"55":0.068022,"56":0.045348,"57":null},"opera":{"9":null,"9.5-9.6":null,"10.0-10.1":0,"10.5":null,"10.6":null,"11":null,"11.1":null,"11.5":null,"11.6":null,"12":null,"12.1":null,"15":null,"16":null,"17":null,"18":null,"19":null,"20":null,"21":null,"22":null,"23":null,"24":null,"25":null,"26":null,"27":null,"28":null,"29":null,"30":null,"31":null,"32":null,"33":null,"34":null,"35":null,"36":null,"37":0.045348,"38":null,"39":null,"40":0.007558,"41":0.07558,"42":null,"43":null},"safari":{"3.1":null,"3.2":null,"4":0.030232,"5":0.143602,"5.1":0.423248,"6":0.098254,"6.1":0.219182,"7":0.060464,"7.1":0.045348,"8":0.272088,"9":0.30232,"9.1":1.692992,"10":3.506912,"0":null},"ios_saf":{"3.2":0,"4.0-4.1":0,"4.2-4.3":0,"5.0-5.1":0,"6.0-6.1":0,"7.0-7.1":0.255793776945,"8":0,"8.1-8.4":0.33040029522,"9.0-9.2":0.254609546496,"9.3":1.66739647194,"10-10.1":8.8639649094},"android":{"2.1":0,"2.2":0,"2.3":0.0018398469657,"3":0,"4":0.0159453403694,"4.1":0.0505957915567,"4.2-4.3":0.144427986807,"4.4":0.340371688654,"4.4.3-4.4.4":0.260338345646,"53":null},"op_mob":{"10":0,"11":0,"11.1":0,"11.5":0,"12":0,"12.1":0.000201234914421,"0":0.00724445691917},"ie":{"5.5":null,"6":null,"7":0.015116,"8":0.385458,"9":1.496484,"10":1.043004,"11":21.69146},"edge":{"12":0.136044,"13":0.619756,"14":4.844678},"bb":{"7":0.246743,"10":null},"ie_mob":{"10":0.020638464,"11":0.096625536},"and_ff":{"0":0.007329},"samsung":{"0":4.05538},"and_uc":{"0":0.019544},"op_mini":{"0":0.0976033081664},"and_chr":{"0":7.19471}},"total":98.680323}