{"id":"BN","name":"Brunei Darussalam","month":"2016-11","access_date":"2016-12-03","data":{"firefox":{"2":null,"3":0.014605,"3.5":null,"3.6":0.017526,"4":0.005842,"5":0.005842,"6":0.002921,"7":null,"8":null,"9":0.026289,"10":0.020447,"11":0.005842,"12":0.005842,"13":0.005842,"14":null,"15":null,"16":0.011684,"17":0.002921,"18":null,"19":0.002921,"20":null,"21":0.005842,"22":null,"23":null,"24":null,"25":0.005842,"26":null,"27":0.014605,"28":0.005842,"29":0.020447,"30":0.008763,"31":0.017526,"32":0.08763,"33":0.011684,"34":0.011684,"35":0.011684,"36":0.020447,"37":0.014605,"38":0.037973,"39":0.026289,"40":0.014605,"41":0.017526,"42":0.014605,"43":0.073025,"44":0.040894,"45":0.046736,"46":0.070104,"47":0.257048,"48":0.219075,"49":2.240407,"50":1.215136,"51":0.14605,"52":null,"53":null},"chrome":{"4":null,"5":null,"6":0.002921,"7":null,"8":null,"9":null,"10":null,"11":0.020447,"12":null,"13":null,"14":0.005842,"15":null,"16":null,"17":null,"18":0.005842,"19":null,"20":null,"21":0.017526,"22":0.005842,"23":0.005842,"24":null,"25":null,"26":0.008763,"27":0.008763,"28":0.005842,"29":0.005842,"30":0.002921,"31":0.037973,"32":0.005842,"33":0.08763,"34":0.002921,"35":0.002921,"36":0.023368,"37":0.014605,"38":0.011684,"39":0.02921,"40":0.014605,"41":0.011684,"42":0.005842,"43":0.061341,"44":0.023368,"45":0.020447,"46":0.070104,"47":0.043815,"48":0.02921,"49":1.028192,"50":0.040894,"51":0.230759,"52":0.148971,"53":0.519938,"54":15.89024,"55":0.049657,"56":0.075946,"57":null},"opera":{"9":null,"9.5-9.6":null,"10.0-10.1":0,"10.5":null,"10.6":null,"11":null,"11.1":null,"11.5":null,"11.6":null,"12":null,"12.1":0.017526,"15":null,"16":null,"17":null,"18":null,"19":null,"20":null,"21":null,"22":null,"23":null,"24":null,"25":null,"26":null,"27":null,"28":null,"29":null,"30":0.002921,"31":null,"32":null,"33":null,"34":null,"35":0.005842,"36":0.008763,"37":0.096393,"38":null,"39":null,"40":0.002921,"41":0.227838,"42":null,"43":0.002921},"safari":{"3.1":null,"3.2":null,"4":0.008763,"5":0.037973,"5.1":0.081788,"6":0.011684,"6.1":0.046736,"7":0.020447,"7.1":0.005842,"8":0.131445,"9":0.119761,"9.1":0.423545,"10":0.93472,"0":null},"ios_saf":{"3.2":0,"4.0-4.1":0,"4.2-4.3":0,"5.0-5.1":0,"6.0-6.1":0,"7.0-7.1":0.204129964386,"8":0,"8.1-8.4":0.263667870665,"9.0-9.2":0.203184918255,"9.3":1.33062495304,"10-10.1":7.07367029366},"android":{"2.1":0,"2.2":0,"2.3":0.0119112913683,"3":0,"4":0.103231191858,"4.1":0.327560512627,"4.2-4.3":0.935036372409,"4.4":2.20358890313,"4.4.3-4.4.4":1.68544772861,"53":null},"op_mob":{"10":0,"11":0,"11.1":0,"11.5":0,"12":0,"12.1":0.0565618379211,"0":2.03622616516},"ie":{"5.5":null,"6":null,"7":0.005842,"8":0.11684,"9":0.216154,"10":0.075946,"11":1.194689},"edge":{"12":0.020447,"13":0.090551,"14":0.411861},"bb":{"7":0.00530925,"10":null},"ie_mob":{"10":0.016196752,"11":0.075830248},"and_ff":{"0":0.035395},"samsung":{"0":4.374822},"and_uc":{"0":5.507462},"op_mini":{"0":27.4337209969},"and_chr":{"0":17.03168}},"total":98.59757525}