{"id":"BO","name":"Bolivia","month":"2016-11","access_date":"2016-12-03","data":{"firefox":{"2":null,"3":0.038072,"3.5":0.014277,"3.6":0.033313,"4":0.009518,"5":0.009518,"6":0.004759,"7":null,"8":0.019036,"9":0.004759,"10":0.004759,"11":0.004759,"12":0.028554,"13":null,"14":0.009518,"15":0.009518,"16":0.014277,"17":0.033313,"18":0.014277,"19":0.009518,"20":0.014277,"21":0.019036,"22":0.014277,"23":0.009518,"24":0.014277,"25":0.023795,"26":0.019036,"27":0.014277,"28":0.023795,"29":0.028554,"30":0.042831,"31":0.033313,"32":0.038072,"33":0.052349,"34":0.057108,"35":0.076144,"36":0.061867,"37":0.109457,"38":0.109457,"39":0.09518,"40":0.076144,"41":0.061867,"42":0.109457,"43":0.433069,"44":0.114216,"45":0.199878,"46":0.118975,"47":0.732886,"48":0.604393,"49":4.116535,"50":2.265284,"51":0.04759,"52":0.004759,"53":null},"chrome":{"4":null,"5":null,"6":null,"7":null,"8":0.014277,"9":null,"10":null,"11":0.052349,"12":null,"13":0.009518,"14":0.004759,"15":null,"16":null,"17":null,"18":0.042831,"19":null,"20":null,"21":0.019036,"22":0.028554,"23":0.061867,"24":0.009518,"25":0.052349,"26":0.033313,"27":0.014277,"28":0.014277,"29":0.028554,"30":0.014277,"31":0.114216,"32":0.014277,"33":0.099939,"34":0.028554,"35":0.028554,"36":0.023795,"37":0.033313,"38":0.118975,"39":0.066626,"40":0.066626,"41":0.052349,"42":0.033313,"43":0.166565,"44":0.118975,"45":0.085662,"46":0.085662,"47":0.14277,"48":0.157047,"49":2.322392,"50":0.185601,"51":0.490177,"52":0.442587,"53":1.027944,"54":24.60403,"55":0.061867,"56":0.023795,"57":null},"opera":{"9":null,"9.5-9.6":null,"10.0-10.1":0,"10.5":null,"10.6":null,"11":null,"11.1":null,"11.5":null,"11.6":null,"12":null,"12.1":0.014277,"15":null,"16":null,"17":null,"18":null,"19":null,"20":null,"21":null,"22":null,"23":null,"24":null,"25":null,"26":null,"27":null,"28":0.019036,"29":0.009518,"30":null,"31":0.009518,"32":null,"33":null,"34":null,"35":0.009518,"36":0.033313,"37":0.04759,"38":0.028554,"39":0.009518,"40":0.014277,"41":0.423551,"42":null,"43":null},"safari":{"3.1":null,"3.2":null,"4":0,"5":0.009518,"5.1":0.04759,"6":null,"6.1":0.004759,"7":0.009518,"7.1":null,"8":0.157047,"9":0.114216,"9.1":0.290299,"10":0.566321,"0":null},"ios_saf":{"3.2":0,"4.0-4.1":0,"4.2-4.3":0,"5.0-5.1":0,"6.0-6.1":0,"7.0-7.1":0.0473900356139,"8":0,"8.1-8.4":0.0612121293346,"9.0-9.2":0.0471706373008,"9.3":0.308912824742,"10-10.1":1.64219637301},"android":{"2.1":0,"2.2":0,"2.3":0.014650303807,"3":0,"4":0.126969299661,"4.1":0.402883354693,"4.2-4.3":1.15004884885,"4.4":2.7103062043,"4.4.3-4.4.4":2.07301798869,"53":null},"op_mob":{"10":0,"11":0,"11.1":0,"11.5":0,"12":0,"12.1":0.00938722400366,"0":0.337940064132},"ie":{"5.5":null,"6":0.00479737903226,"7":0.00479737903226,"8":0.335816532258,"9":0.14871875,"10":0.244666330645,"11":1.04582862903},"edge":{"12":0.066626,"13":0.118975,"14":0.271263},"bb":{"7":0.010482,"10":null},"ie_mob":{"10":0.081172608,"11":0.380035392},"and_ff":{"0":0.036687},"samsung":{"0":6.100524},"and_uc":{"0":2.169774},"op_mini":{"0":4.55300771186},"and_chr":{"0":31.764408}},"total":99.086388}