{"id":"BR","name":"Brazil","month":"2016-11","access_date":"2016-12-03","data":{"firefox":{"2":null,"3":0.013586,"3.5":null,"3.6":0.013586,"4":null,"5":null,"6":null,"7":null,"8":null,"9":null,"10":null,"11":null,"12":null,"13":null,"14":null,"15":null,"16":null,"17":null,"18":null,"19":null,"20":0.013586,"21":0.033965,"22":0.006793,"23":0.013586,"24":0.013586,"25":0.006793,"26":null,"27":null,"28":0.006793,"29":0.006793,"30":0.013586,"31":0.054344,"32":0.006793,"33":0.013586,"34":0.006793,"35":0.013586,"36":0.013586,"37":0.040758,"38":0.074723,"39":0.020379,"40":0.020379,"41":0.033965,"42":0.020379,"43":0.122274,"44":0.033965,"45":0.13586,"46":0.088309,"47":0.461924,"48":0.230962,"49":3.240261,"50":2.003935,"51":0.027172,"52":null,"53":null},"chrome":{"4":null,"5":null,"6":null,"7":null,"8":null,"9":null,"10":null,"11":null,"12":null,"13":null,"14":null,"15":null,"16":null,"17":null,"18":0.006793,"19":null,"20":null,"21":null,"22":0.027172,"23":null,"24":null,"25":0.006793,"26":0.013586,"27":0.013586,"28":0.006793,"29":0.027172,"30":0.006793,"31":0.020379,"32":0.033965,"33":0.020379,"34":0.027172,"35":0.033965,"36":0.244548,"37":0.033965,"38":0.027172,"39":0.054344,"40":0.033965,"41":0.081516,"42":0.033965,"43":0.332857,"44":0.06793,"45":0.047551,"46":0.095102,"47":0.122274,"48":0.108688,"49":1.453702,"50":0.20379,"51":1.148017,"52":0.421166,"53":1.005364,"54":47.333624,"55":0.237755,"56":0.122274,"57":0.006793},"opera":{"9":null,"9.5-9.6":null,"10.0-10.1":0,"10.5":null,"10.6":null,"11":null,"11.1":null,"11.5":null,"11.6":null,"12":0.006793,"12.1":0.013586,"15":null,"16":null,"17":null,"18":null,"19":null,"20":null,"21":null,"22":null,"23":null,"24":null,"25":null,"26":null,"27":null,"28":0.054344,"29":null,"30":null,"31":null,"32":null,"33":null,"34":null,"35":null,"36":0.013586,"37":0.013586,"38":0.108688,"39":0.006793,"40":0.013586,"41":0.523061,"42":null,"43":null},"safari":{"3.1":null,"3.2":null,"4":0.013586,"5":0.013586,"5.1":0.020379,"6":null,"6.1":0.020379,"7":0.013586,"7.1":null,"8":0.06793,"9":0.06793,"9.1":0.305685,"10":0.767609,"0":null},"ios_saf":{"3.2":0,"4.0-4.1":0,"4.2-4.3":0,"5.0-5.1":0,"6.0-6.1":0,"7.0-7.1":0.0647771921275,"8":0,"8.1-8.4":0.0836705398313,"9.0-9.2":0.0644772977195,"9.3":0.42225132646,"10-10.1":2.24470964386},"android":{"2.1":0,"2.2":0,"2.3":0.00478692800603,"3":0,"4":0.0414867093856,"4.1":0.131640520166,"4.2-4.3":0.375773848473,"4.4":0.885581681116,"4.4.3-4.4.4":0.677350312853,"53":null},"op_mob":{"10":0,"11":0,"11.1":0,"11.5":0,"12":0,"12.1":0.00153585557823,"0":0.0552908008162},"ie":{"5.5":null,"6":0.00717038888889,"7":null,"8":0.301156333333,"9":0.207941277778,"10":0.150578166667,"11":1.52729283333},"edge":{"12":0.054344,"13":0.196997,"14":0.760816},"bb":{"7":0.0080175,"10":null},"ie_mob":{"10":0.130948224,"11":0.613075776},"and_ff":{"0":0.019242},"samsung":{"0":1.702917},"and_uc":{"0":0.458601},"op_mini":{"0":0.744923343606},"and_chr":{"0":24.105793}},"total":98.3553355}