{"id":"BS","name":"Bahamas","month":"2016-11","access_date":"2016-12-03","data":{"firefox":{"2":null,"3":null,"3.5":null,"3.6":0.011272,"4":0.005636,"5":null,"6":null,"7":null,"8":null,"9":null,"10":null,"11":null,"12":0.011272,"13":0.011272,"14":null,"15":null,"16":0.016908,"17":null,"18":null,"19":null,"20":null,"21":null,"22":null,"23":null,"24":0.016908,"25":null,"26":null,"27":null,"28":null,"29":null,"30":null,"31":0.011272,"32":0.016908,"33":0.033816,"34":null,"35":null,"36":null,"37":null,"38":0.02818,"39":null,"40":null,"41":0.005636,"42":0.02818,"43":0.061996,"44":0.022544,"45":0.078904,"46":0.050724,"47":0.315616,"48":0.371976,"49":2.36712,"50":1.420272,"51":0.022544,"52":null,"53":null},"chrome":{"4":null,"5":null,"6":null,"7":null,"8":null,"9":null,"10":null,"11":0.011272,"12":0.005636,"13":null,"14":null,"15":null,"16":null,"17":null,"18":0.05636,"19":null,"20":null,"21":null,"22":null,"23":null,"24":null,"25":null,"26":0.005636,"27":null,"28":null,"29":0.005636,"30":0.005636,"31":0.011272,"32":0.011272,"33":0.02818,"34":0.016908,"35":null,"36":0.022544,"37":0.016908,"38":0.033816,"39":0.033816,"40":0.005636,"41":0.005636,"42":0.011272,"43":0.107084,"44":0.05636,"45":0.02818,"46":0.02818,"47":0.039452,"48":0.022544,"49":1.656984,"50":0.16908,"51":0.811584,"52":0.298708,"53":1.330096,"54":25.790336,"55":0.095812,"56":0.022544,"57":null},"opera":{"9":null,"9.5-9.6":null,"10.0-10.1":0,"10.5":null,"10.6":null,"11":null,"11.1":null,"11.5":null,"11.6":null,"12":null,"12.1":null,"15":null,"16":null,"17":null,"18":null,"19":null,"20":null,"21":null,"22":null,"23":null,"24":null,"25":null,"26":null,"27":null,"28":null,"29":0.02818,"30":null,"31":null,"32":null,"33":0.022544,"34":null,"35":null,"36":0.005636,"37":0.1409,"38":0.107084,"39":null,"40":0.011272,"41":0.219804,"42":null,"43":null},"safari":{"3.1":null,"3.2":null,"4":0.02818,"5":0.05636,"5.1":0.219804,"6":0.011272,"6.1":0.061996,"7":0.033816,"7.1":null,"8":0.1409,"9":0.180352,"9.1":0.9863,"10":1.910604,"0":null},"ios_saf":{"3.2":0,"4.0-4.1":0,"4.2-4.3":0,"5.0-5.1":0,"6.0-6.1":0,"7.0-7.1":0.223705102156,"8":0,"8.1-8.4":0.288952423618,"9.0-9.2":0.222669430386,"9.3":1.45822585109,"10-10.1":7.75200319275},"android":{"2.1":0,"2.2":0,"2.3":0.00737257745948,"3":0,"4":0.0638956713155,"4.1":0.202745880136,"4.2-4.3":0.578747330569,"4.4":1.36392683,"4.4.3-4.4.4":1.04321971052,"53":null},"op_mob":{"10":0,"11":0,"11.1":0,"11.5":0,"12":0,"12.1":0.00109513446883,"0":0.0394248408779},"ie":{"5.5":null,"6":null,"7":0.011272,"8":0.287436,"9":0.298708,"10":0.371976,"11":6.470128},"edge":{"12":0.219804,"13":0.78904,"14":3.781756},"bb":{"7":0.055641,"10":null},"ie_mob":{"10":0.110601216,"11":0.517814784},"and_ff":{"0":0.048004},"samsung":{"0":8.103948},"and_uc":{"0":0.231292},"op_mini":{"0":0.531164024653},"and_chr":{"0":23.786764}},"total":98.679673}