{"id":"BT","name":"Bhutan","month":"2016-11","access_date":"2016-12-03","data":{"firefox":{"2":0.00268,"3":0.04556,"3.5":0.00536,"3.6":0.0134,"4":null,"5":null,"6":null,"7":null,"8":null,"9":null,"10":0.06164,"11":0.00536,"12":0.0402,"13":0.00268,"14":0.00804,"15":null,"16":0.00804,"17":0.00268,"18":0.02948,"19":null,"20":null,"21":0.00268,"22":0.00804,"23":0.00536,"24":0.00268,"25":0.00536,"26":0.00536,"27":0.00536,"28":null,"29":0.01072,"30":0.01072,"31":0.01608,"32":0.00536,"33":0.00804,"34":null,"35":0.0134,"36":0.0268,"37":0.02948,"38":0.0134,"39":0.0134,"40":0.0268,"41":0.00268,"42":0.02412,"43":0.09916,"44":0.1072,"45":0.02144,"46":0.04288,"47":0.268,"48":0.22512,"49":1.76344,"50":1.27032,"51":0.16348,"52":0.02144,"53":null},"chrome":{"4":null,"5":0.01876,"6":null,"7":0.01072,"8":null,"9":null,"10":null,"11":0.0134,"12":0.01608,"13":null,"14":0.01876,"15":null,"16":0.00804,"17":null,"18":0.05092,"19":0.00536,"20":0.01072,"21":0.0402,"22":0.0134,"23":0.02144,"24":0.01608,"25":0.02144,"26":0.00268,"27":0.02412,"28":0.01072,"29":0.02144,"30":0.09648,"31":0.05628,"32":0.01072,"33":0.09916,"34":0.00268,"35":0.04556,"36":0.03216,"37":0.00536,"38":0.03484,"39":0.0134,"40":0.01876,"41":0.0134,"42":0.01072,"43":0.14472,"44":0.04288,"45":0.02412,"46":0.06432,"47":0.12328,"48":0.02412,"49":0.70752,"50":0.06432,"51":0.29212,"52":0.268,"53":0.55744,"54":14.48272,"55":0.13132,"56":0.36716,"57":null},"opera":{"9":null,"9.5-9.6":null,"10.0-10.1":0,"10.5":null,"10.6":null,"11":null,"11.1":null,"11.5":null,"11.6":null,"12":0.00268,"12.1":null,"15":null,"16":null,"17":null,"18":null,"19":null,"20":null,"21":null,"22":null,"23":null,"24":null,"25":null,"26":null,"27":null,"28":0.0134,"29":null,"30":null,"31":null,"32":null,"33":null,"34":null,"35":0.01072,"36":null,"37":0.01072,"38":0.00268,"39":0.0134,"40":0.00536,"41":0.21172,"42":null,"43":null},"safari":{"3.1":null,"3.2":null,"4":0,"5":null,"5.1":0.01072,"6":0.00536,"6.1":0.01072,"7":0.02144,"7.1":null,"8":0.07772,"9":0.09916,"9.1":0.11256,"10":0.3082,"0":null},"ios_saf":{"3.2":0,"4.0-4.1":0,"4.2-4.3":0,"5.0-5.1":0,"6.0-6.1":0,"7.0-7.1":0.101752802249,"8":0,"8.1-8.4":0.131430702905,"9.0-9.2":0.101281724461,"9.3":0.663277525773,"10-10.1":3.52601724461},"android":{"2.1":0,"2.2":0,"2.3":0.00718480211082,"3":0,"4":0.0622682849604,"4.1":0.197582058047,"4.2-4.3":0.564006965699,"4.4":1.3291883905,"4.4.3-4.4.4":1.01664949868,"53":null},"op_mob":{"10":0,"11":0,"11.1":0,"11.5":0,"12":0,"12.1":0.0264742997543,"0":0.953074791155},"ie":{"5.5":null,"6":0.00804,"7":0.0134,"8":0.11524,"9":0.03216,"10":0.03752,"11":0.73164},"edge":{"12":0.0536,"13":0.067,"14":0.28676},"bb":{"7":0.00183,"10":null},"ie_mob":{"10":0.18809472,"11":0.88062528},"and_ff":{"0":0.02196},"samsung":{"0":7.01988},"and_uc":{"0":11.31672},"op_mini":{"0":12.8406109091},"and_chr":{"0":33.31504}},"total":99.02815}