{"id":"BW","name":"Botswana","month":"2016-11","access_date":"2016-12-03","data":{"firefox":{"2":null,"3":0.005945,"3.5":null,"3.6":0.041615,"4":0.01189,"5":null,"6":null,"7":0.005945,"8":0.005945,"9":null,"10":0.02378,"11":0.02378,"12":0.02378,"13":0.01189,"14":0.02378,"15":0.029725,"16":0.02378,"17":0.01189,"18":1.08199,"19":0.01189,"20":0.053505,"21":null,"22":null,"23":0.13079,"24":0.005945,"25":null,"26":null,"27":0.28536,"28":0.005945,"29":0.20213,"30":0.017835,"31":0.02378,"32":null,"33":0.017835,"34":0.97498,"35":0.124845,"36":0.02378,"37":0.05945,"38":0.136735,"39":0.08323,"40":0.124845,"41":0.089175,"42":0.32103,"43":0.433985,"44":0.4756,"45":0.1189,"46":0.14268,"47":0.79663,"48":0.624225,"49":4.761945,"50":2.859545,"51":0.505325,"52":null,"53":null},"chrome":{"4":null,"5":null,"6":null,"7":null,"8":null,"9":null,"10":null,"11":0.03567,"12":null,"13":0.04756,"14":null,"15":null,"16":null,"17":null,"18":0.041615,"19":null,"20":0.005945,"21":0.005945,"22":0.005945,"23":null,"24":null,"25":null,"26":0.029725,"27":0.017835,"28":0.005945,"29":0.255635,"30":0.03567,"31":0.017835,"32":0.005945,"33":0.041615,"34":0.03567,"35":0.03567,"36":0.02378,"37":0.041615,"38":0.017835,"39":0.07134,"40":0.07134,"41":0.01189,"42":0.02378,"43":0.707455,"44":0.029725,"45":0.101065,"46":0.041615,"47":0.112955,"48":0.053505,"49":0.74907,"50":0.14268,"51":0.517215,"52":0.41615,"53":0.802575,"54":23.48275,"55":0.065395,"56":0.124845,"57":null},"opera":{"9":null,"9.5-9.6":null,"10.0-10.1":0,"10.5":null,"10.6":null,"11":null,"11.1":null,"11.5":null,"11.6":null,"12":null,"12.1":null,"15":null,"16":null,"17":0.10701,"18":0.02378,"19":0.005945,"20":null,"21":null,"22":null,"23":null,"24":null,"25":null,"26":null,"27":null,"28":null,"29":null,"30":null,"31":null,"32":null,"33":0.01189,"34":null,"35":null,"36":0.017835,"37":0.01189,"38":0.01189,"39":0.005945,"40":0.02378,"41":0.52316,"42":null,"43":null},"safari":{"3.1":null,"3.2":null,"4":0.005945,"5":0.017835,"5.1":0.15457,"6":0.01189,"6.1":null,"7":null,"7.1":0.029725,"8":0.089175,"9":0.07134,"9.1":0.33292,"10":0.362645,"0":null},"ios_saf":{"3.2":0,"4.0-4.1":0,"4.2-4.3":0,"5.0-5.1":0,"6.0-6.1":0,"7.0-7.1":0.0390470777882,"8":0,"8.1-8.4":0.0504358088097,"9.0-9.2":0.0388663042799,"9.3":0.254529099656,"10-10.1":1.35308970947},"android":{"2.1":0,"2.2":0,"2.3":0.0107507696947,"3":0,"4":0.0931733373539,"4.1":0.295646166604,"4.2-4.3":0.843935421033,"4.4":1.98889239352,"4.4.3-4.4.4":1.5212339118,"53":null},"op_mob":{"10":0,"11":0,"11.1":0,"11.5":0,"12":0,"12.1":0.0190204492567,"0":0.684736173239},"ie":{"5.5":null,"6":0.0119433782267,"7":3.26651394501,"8":1.81539349046,"9":0.746461139169,"10":0.429961616162,"11":4.37127643098},"edge":{"12":0.54694,"13":0.78474,"14":0.410205},"bb":{"7":0.308256,"10":null},"ie_mob":{"10":0.304102656,"11":1.423753344},"and_ff":{"0":1.585896},"samsung":{"0":3.013608},"and_uc":{"0":3.06228},"op_mini":{"0":9.2253313775},"and_chr":{"0":13.590081}},"total":96.87973}