{"id":"BY","name":"Belarus","month":"2016-11","access_date":"2016-12-03","data":{"firefox":{"2":0.196834,"3":0.761662,"3.5":1.163888,"3.6":3.192134,"4":0.162602,"5":0.068464,"6":0.051348,"7":0.025674,"8":0.059906,"9":0.08558,"10":0.094138,"11":0.08558,"12":0.08558,"13":0.068464,"14":0.102696,"15":0.119812,"16":0.08558,"17":0.08558,"18":0.034232,"19":0.077022,"20":0.094138,"21":0.12837,"22":0.08558,"23":0.068464,"24":0.111254,"25":0.094138,"26":0.068464,"27":0.025674,"28":0.04279,"29":0.008558,"30":0.034232,"31":0.068464,"32":0.068464,"33":0.08558,"34":0.102696,"35":0.162602,"36":0.17116,"37":0.025674,"38":0.059906,"39":0.025674,"40":0.025674,"41":0.017116,"42":0.025674,"43":0.094138,"44":0.025674,"45":0.162602,"46":0.059906,"47":0.350878,"48":0.154044,"49":2.721444,"50":1.694484,"51":0.008558,"52":null,"53":null},"chrome":{"4":0.222508,"5":0.136928,"6":0.119812,"7":0.111254,"8":0.12837,"9":0.136928,"10":0.17116,"11":0.179718,"12":0.265298,"13":0.154044,"14":0.239624,"15":0.325204,"16":0.265298,"17":0.367994,"18":0.462132,"19":0.273856,"20":0.359436,"21":0.522038,"22":0.325204,"23":0.410784,"24":0.38511,"25":0.325204,"26":0.34232,"27":0.308088,"28":0.145486,"29":0.102696,"30":0.068464,"31":0.111254,"32":0.068464,"33":0.08558,"34":0.102696,"35":0.21395,"36":0.094138,"37":0.102696,"38":0.188276,"39":0.359436,"40":0.479248,"41":0.316646,"42":0.239624,"43":0.316646,"44":0.059906,"45":0.119812,"46":0.034232,"47":0.119812,"48":0.17116,"49":2.062478,"50":0.136928,"51":0.453574,"52":0.367994,"53":0.821568,"54":24.878106,"55":0.08558,"56":0.222508,"57":null},"opera":{"9":null,"9.5-9.6":0.008558,"10.0-10.1":0.162602,"10.5":0.196834,"10.6":0.539154,"11":0.119812,"11.1":0.12837,"11.5":0.325204,"11.6":1.044076,"12":1.163888,"12.1":3.731288,"15":0.059906,"16":0.059906,"17":0.051348,"18":0.119812,"19":0.068464,"20":0.12837,"21":0.077022,"22":0.04279,"23":0.068464,"24":0.111254,"25":0.094138,"26":0.102696,"27":0.701756,"28":0.08558,"29":0.051348,"30":0.025674,"31":0.025674,"32":0.017116,"33":0.025674,"34":0.051348,"35":0.04279,"36":0.8558,"37":0.154044,"38":0.094138,"39":0.077022,"40":0.119812,"41":5.26317,"42":0.034232,"43":null},"safari":{"3.1":0.136928,"3.2":0.077022,"4":0.47069,"5":0.710314,"5.1":0.419342,"6":0.119812,"6.1":0.034232,"7":0.068464,"7.1":0.025674,"8":0.094138,"9":0.034232,"9.1":0.162602,"10":0.633292,"0":null},"ios_saf":{"3.2":0,"4.0-4.1":0,"4.2-4.3":0,"5.0-5.1":0,"6.0-6.1":0,"7.0-7.1":0.0360749690722,"8":0,"8.1-8.4":0.0465968350515,"9.0-9.2":0.0359079553265,"9.3":0.235155353952,"10-10.1":1.2500978866},"android":{"2.1":0,"2.2":0,"2.3":0.00273100188466,"3":0,"4":0.0236686830004,"4.1":0.0751025518281,"4.2-4.3":0.214383647946,"4.4":0.505235348662,"4.4.3-4.4.4":0.386436766679,"53":null},"op_mob":{"10":0,"11":0,"11.1":0,"11.5":0,"12":0,"12.1":0.00262792120934,"0":0.0946051635364},"ie":{"5.5":null,"6":0.00925377235772,"7":0.0277613170732,"8":1.62866393496,"9":0.564480113821,"10":1.01791495935,"11":1.30478190244},"edge":{"12":0.04279,"13":0.102696,"14":0.316646},"bb":{"7":0.00108075,"10":null},"ie_mob":{"10":0.060360608,"11":0.282597392},"and_ff":{"0":0.005764},"samsung":{"0":0.641245},"and_uc":{"0":0.341517},"op_mini":{"0":1.27459891525},"and_chr":{"0":9.423546}},"total":91.51631775}