{"id":"BZ","name":"Belize","month":"2016-11","access_date":"2016-12-03","data":{"firefox":{"2":null,"3":0.004989,"3.5":null,"3.6":0.009978,"4":null,"5":null,"6":null,"7":null,"8":0.009978,"9":null,"10":null,"11":0.009978,"12":0.009978,"13":null,"14":0.004989,"15":null,"16":null,"17":0.004989,"18":null,"19":null,"20":0.004989,"21":null,"22":0.004989,"23":null,"24":null,"25":0.004989,"26":null,"27":0.004989,"28":0.034923,"29":null,"30":0.014967,"31":0.009978,"32":0.004989,"33":0.014967,"34":0.014967,"35":null,"36":0.009978,"37":0.019956,"38":0.059868,"39":0.034923,"40":0.014967,"41":0.034923,"42":0.044901,"43":0.154659,"44":0.034923,"45":0.239472,"46":0.174615,"47":0.414087,"48":0.279384,"49":5.008956,"50":2.564346,"51":0.109758,"52":null,"53":null},"chrome":{"4":null,"5":0.004989,"6":null,"7":null,"8":null,"9":null,"10":null,"11":0.029934,"12":null,"13":null,"14":null,"15":null,"16":null,"17":null,"18":0.019956,"19":0.009978,"20":0.009978,"21":0.009978,"22":0.019956,"23":null,"24":null,"25":null,"26":0.004989,"27":0.009978,"28":null,"29":0.014967,"30":null,"31":0.009978,"32":0.019956,"33":0.039912,"34":0.019956,"35":0.044901,"36":0.029934,"37":null,"38":0.019956,"39":0.039912,"40":0.044901,"41":0.009978,"42":0.04989,"43":0.129714,"44":0.014967,"45":0.04989,"46":0.024945,"47":0.024945,"48":0.024945,"49":1.586502,"50":0.139692,"51":0.538812,"52":0.229494,"53":0.927954,"54":25.039791,"55":0.064857,"56":0.04989,"57":null},"opera":{"9":null,"9.5-9.6":null,"10.0-10.1":0,"10.5":null,"10.6":null,"11":null,"11.1":null,"11.5":null,"11.6":null,"12":null,"12.1":0.009978,"15":null,"16":null,"17":null,"18":null,"19":null,"20":null,"21":null,"22":null,"23":null,"24":null,"25":null,"26":null,"27":null,"28":null,"29":0.004989,"30":null,"31":null,"32":null,"33":0.004989,"34":null,"35":null,"36":null,"37":0.024945,"38":0.074835,"39":null,"40":0.009978,"41":0.239472,"42":null,"43":null},"safari":{"3.1":null,"3.2":null,"4":0,"5":0.014967,"5.1":0.054879,"6":0.039912,"6.1":0.014967,"7":0.009978,"7.1":null,"8":0.029934,"9":0.104769,"9.1":1.277184,"10":1.791051,"0":null},"ios_saf":{"3.2":0,"4.0-4.1":0,"4.2-4.3":0,"5.0-5.1":0,"6.0-6.1":0,"7.0-7.1":0.139763223993,"8":0,"8.1-8.4":0.180527497657,"9.0-9.2":0.13911617203,"9.3":0.911049163803,"10-10.1":4.84318394252},"android":{"2.1":0,"2.2":0,"2.3":0.011831475311,"3":0,"4":0.102539452695,"4.1":0.325365571052,"4.2-4.3":0.928770811911,"4.4":2.18882293253,"4.4.3-4.4.4":1.6741537565,"53":null},"op_mob":{"10":0,"11":0,"11.1":0,"11.5":0,"12":0,"12.1":0.00143988256361,"0":0.05183577229},"ie":{"5.5":null,"6":null,"7":0.009978,"8":0.204549,"9":0.09978,"10":0.139692,"11":2.404698},"edge":{"12":0.214527,"13":0.473955,"14":1.366986},"bb":{"7":0.02129675,"10":null},"ie_mob":{"10":0.212546576,"11":0.995104424},"and_ff":{"0":0.015033},"samsung":{"0":3.141897},"and_uc":{"0":1.177585},"op_mini":{"0":0.698374345146},"and_chr":{"0":34.190483}},"total":99.25142875}