{"id":"CA","name":"Canada","month":"2016-11","access_date":"2016-12-03","data":{"firefox":{"2":null,"3":0.01253,"3.5":null,"3.6":0.01253,"4":null,"5":null,"6":null,"7":null,"8":null,"9":null,"10":null,"11":null,"12":null,"13":null,"14":null,"15":null,"16":0.01253,"17":null,"18":null,"19":null,"20":null,"21":0.006265,"22":null,"23":null,"24":0.01253,"25":null,"26":null,"27":null,"28":0.01253,"29":0.02506,"30":null,"31":0.02506,"32":null,"33":0.01253,"34":0.02506,"35":0.018795,"36":0.02506,"37":0.018795,"38":0.081445,"39":0.031325,"40":0.02506,"41":0.02506,"42":0.031325,"43":0.13783,"44":0.043855,"45":0.181685,"46":0.1253,"47":0.545055,"48":0.432285,"49":4.02213,"50":2.91949,"51":0.031325,"52":null,"53":null},"chrome":{"4":null,"5":null,"6":null,"7":null,"8":null,"9":null,"10":null,"11":0.01253,"12":null,"13":null,"14":null,"15":null,"16":null,"17":null,"18":null,"19":null,"20":null,"21":null,"22":0.018795,"23":null,"24":null,"25":null,"26":0.006265,"27":null,"28":null,"29":null,"30":null,"31":0.02506,"32":0.01253,"33":0.018795,"34":0.02506,"35":0.02506,"36":0.02506,"37":0.02506,"38":0.03759,"39":0.05012,"40":0.031325,"41":0.056385,"42":0.05012,"43":0.156625,"44":0.05012,"45":0.1253,"46":0.068915,"47":0.056385,"48":0.11277,"49":1.672755,"50":0.2506,"51":1.246735,"52":0.46361,"53":1.397095,"54":27.05227,"55":0.093975,"56":0.03759,"57":null},"opera":{"9":null,"9.5-9.6":null,"10.0-10.1":0,"10.5":null,"10.6":null,"11":null,"11.1":null,"11.5":null,"11.6":null,"12":null,"12.1":0.018795,"15":null,"16":null,"17":null,"18":null,"19":null,"20":null,"21":null,"22":null,"23":null,"24":null,"25":null,"26":null,"27":null,"28":0.006265,"29":null,"30":null,"31":null,"32":null,"33":null,"34":null,"35":null,"36":0.01253,"37":0.01253,"38":0.194215,"39":null,"40":0.006265,"41":0.219275,"42":null,"43":null},"safari":{"3.1":null,"3.2":null,"4":0.018795,"5":0.068915,"5.1":0.181685,"6":0.01253,"6.1":0.2506,"7":0.093975,"7.1":0.03759,"8":0.256865,"9":0.36337,"9.1":1.885765,"10":3.15756,"0":null},"ios_saf":{"3.2":0,"4.0-4.1":0,"4.2-4.3":0,"5.0-5.1":0,"6.0-6.1":0,"7.0-7.1":0.408546691659,"8":0,"8.1-8.4":0.527706143393,"9.0-9.2":0.40665527179,"9.3":2.66311917526,"10-10.1":14.1572777179},"android":{"2.1":0,"2.2":0,"2.3":0.00174009046363,"3":0,"4":0.0150807840181,"4.1":0.0478524877497,"4.2-4.3":0.136597101395,"4.4":0.321916735771,"4.4.3-4.4.4":0.246222800603,"53":null},"op_mob":{"10":0,"11":0,"11.1":0,"11.5":0,"12":0,"12.1":0.00105176654312,"0":0.0378635955524},"ie":{"5.5":null,"6":0.00629712820513,"7":0.0188913846154,"8":0.321153538462,"9":0.283370769231,"10":0.25818225641,"11":7.70768492308},"edge":{"12":0.05012,"13":0.38843,"14":2.94455},"bb":{"7":0.47341125,"10":null},"ie_mob":{"10":0.0197208,"11":0.0923292},"and_ff":{"0":0.056025},"samsung":{"0":3.417525},"and_uc":{"0":0.235305},"op_mini":{"0":0.510129637904},"and_chr":{"0":12.652115}},"total":97.26134125}