{"id":"CD","name":"Congo, Democratic Republic of the","month":"2016-11","access_date":"2016-12-03","data":{"firefox":{"2":null,"3":0.027971,"3.5":0.001348,"3.6":0.005392,"4":0.003707,"5":0.000674,"6":0.000337,"7":0.000337,"8":0.001348,"9":0.001685,"10":0.001685,"11":0.00337,"12":0.006066,"13":0.003033,"14":0.00337,"15":0.001685,"16":0.004718,"17":0.002022,"18":0.002359,"19":0.005729,"20":0.002359,"21":0.001348,"22":0.002022,"23":0.002022,"24":0.001011,"25":0.002696,"26":0.002359,"27":0.002359,"28":0.004718,"29":0.00337,"30":0.005392,"31":0.005392,"32":0.007077,"33":0.003033,"34":0.002696,"35":0.005055,"36":0.003707,"37":0.004044,"38":0.00674,"39":0.00337,"40":0.007414,"41":0.008425,"42":0.005729,"43":0.054257,"44":0.037407,"45":0.009436,"46":0.012806,"47":0.103459,"48":0.043136,"49":0.402378,"50":0.189394,"51":0.011121,"52":0.002359,"53":0.001685},"chrome":{"4":null,"5":null,"6":0.000337,"7":0.001348,"8":0.000337,"9":null,"10":null,"11":0.02022,"12":0.001011,"13":null,"14":0.002022,"15":null,"16":0.001011,"17":0.000337,"18":0.002022,"19":0.000674,"20":null,"21":0.001685,"22":0.000674,"23":0.001011,"24":null,"25":0.002696,"26":0.004044,"27":0.001011,"28":0.000674,"29":0.007077,"30":0.000674,"31":0.004044,"32":0.001011,"33":0.00337,"34":0.001011,"35":0.001011,"36":0.002022,"37":0.000674,"38":0.001685,"39":0.002022,"40":0.002359,"41":0.000674,"42":0.001685,"43":0.031004,"44":0.003033,"45":0.012469,"46":0.002359,"47":0.005055,"48":0.001348,"49":0.042462,"50":0.006066,"51":0.024264,"52":0.014491,"53":0.061671,"54":0.982692,"55":0.003033,"56":0.001348,"57":null},"opera":{"9":null,"9.5-9.6":0.000337,"10.0-10.1":0.000674,"10.5":0.001011,"10.6":0.001348,"11":0.002696,"11.1":0.002022,"11.5":0.002359,"11.6":0.012806,"12":0.001011,"12.1":0.014154,"15":0.000337,"16":0.001348,"17":0.001011,"18":0.005392,"19":0.001011,"20":0.002359,"21":0.002022,"22":0.002696,"23":null,"24":null,"25":0.000674,"26":0.001685,"27":0.000337,"28":0.001685,"29":0.004718,"30":0.001348,"31":0.001011,"32":0.004044,"33":0.005055,"34":0.007414,"35":0.005392,"36":0.009436,"37":0.06403,"38":0.002022,"39":0.004718,"40":0.01685,"41":0.142214,"42":0.001011,"43":null},"safari":{"3.1":null,"3.2":null,"4":0.001685,"5":0.002359,"5.1":0.005392,"6":0.008425,"6.1":0.000337,"7":0.005729,"7.1":0.002696,"8":0.009436,"9":0.010784,"9.1":0.032352,"10":0.035048,"0":null},"ios_saf":{"3.2":0,"4.0-4.1":0,"4.2-4.3":0,"5.0-5.1":0,"6.0-6.1":0,"7.0-7.1":0.00999808059981,"8":0,"8.1-8.4":0.0129141874414,"9.0-9.2":0.00995179318963,"9.3":0.0651726735395,"10-10.1":0.34646126523},"android":{"2.1":0,"2.2":0,"2.3":0.00616275763287,"3":0,"4":0.0534105661515,"4.1":0.169475834904,"4.2-4.3":0.48377647418,"4.4":1.14011016208,"4.4.3-4.4.4":0.872030205051,"53":null},"op_mob":{"10":0,"11":0,"11.1":0,"11.5":0,"12":0,"12.1":0.165152673802,"0":5.94549625686},"ie":{"5.5":null,"6":0.002027952895,"7":0.002027952895,"8":0.0523887831207,"9":0.00844980372915,"10":0.0669224455348,"11":0.205837218842},"edge":{"12":0.030667,"13":0.026286,"14":0.022916},"bb":{"7":0.04106775,"10":null},"ie_mob":{"10":0.1275516,"11":0.5971734},"and_ff":{"0":0.028989},"samsung":{"0":0.48315},"and_uc":{"0":2.41575},"op_mini":{"0":80.1026370693},"and_chr":{"0":3.153253}},"total":99.388028907}