{"id":"CF","name":"Central African Republic","month":"2016-11","access_date":"2016-12-03","data":{"firefox":{"2":null,"3":0.048312,"3.5":0.004026,"3.6":0.036234,"4":0.028182,"5":0.084546,"6":null,"7":0.004026,"8":null,"9":0.012078,"10":null,"11":0.148962,"12":0.096624,"13":0.213378,"14":0.068442,"15":0.108702,"16":0.177144,"17":0.068442,"18":0.12078,"19":0.004026,"20":0.08052,"21":0.10065,"22":0.104676,"23":null,"24":0.016104,"25":0.036234,"26":null,"27":0.012078,"28":0.028182,"29":0.165066,"30":0.104676,"31":0.092598,"32":0.016104,"33":0.092598,"34":0.016104,"35":0.217404,"36":0.052338,"37":0.10065,"38":0.165066,"39":0.028182,"40":0.16104,"41":0.124806,"42":0.124806,"43":0.897798,"44":0.273768,"45":0.507276,"46":0.173118,"47":1.815726,"48":0.394548,"49":4.956006,"50":2.05326,"51":0.052338,"52":null,"53":null},"chrome":{"4":0.016104,"5":null,"6":null,"7":null,"8":0.004026,"9":0.02013,"10":0.012078,"11":0.048312,"12":0.024156,"13":null,"14":0.016104,"15":null,"16":0.165066,"17":null,"18":0.028182,"19":null,"20":null,"21":null,"22":0.008052,"23":null,"24":null,"25":0.04026,"26":0.012078,"27":0.008052,"28":0.12078,"29":0.016104,"30":0.004026,"31":null,"32":null,"33":0.008052,"34":0.024156,"35":0.008052,"36":0.016104,"37":null,"38":0.012078,"39":null,"40":0.048312,"41":0.052338,"42":0.02013,"43":0.132858,"44":null,"45":0.293898,"46":null,"47":0.233508,"48":0.454938,"49":0.285846,"50":0.076494,"51":0.265716,"52":0.068442,"53":0.52338,"54":11.925012,"55":null,"56":0.008052,"57":null},"opera":{"9":null,"9.5-9.6":null,"10.0-10.1":0,"10.5":null,"10.6":null,"11":null,"11.1":null,"11.5":null,"11.6":null,"12":null,"12.1":0.024156,"15":0.004026,"16":null,"17":null,"18":null,"19":null,"20":null,"21":0.008052,"22":null,"23":null,"24":null,"25":null,"26":null,"27":null,"28":null,"29":null,"30":null,"31":null,"32":0.028182,"33":0.036234,"34":0.088572,"35":0.004026,"36":0.016104,"37":0.032208,"38":null,"39":0.02013,"40":0.028182,"41":0.611952,"42":null,"43":0.016104},"safari":{"3.1":null,"3.2":null,"4":0,"5":0.008052,"5.1":0.02013,"6":0.092598,"6.1":null,"7":0.108702,"7.1":0.032208,"8":0.092598,"9":0.036234,"9.1":0.092598,"10":0.72468,"0":null},"ios_saf":{"3.2":0,"4.0-4.1":0,"4.2-4.3":0,"5.0-5.1":0,"6.0-6.1":0,"7.0-7.1":0.0626178219306,"8":0,"8.1-8.4":0.0808813533271,"9.0-9.2":0.0623279246069,"9.3":0.408175431844,"10-10.1":2.16988146829},"android":{"2.1":0,"2.2":0,"2.3":0.0153752250283,"3":0,"4":0.133251950245,"4.1":0.422818688277,"4.2-4.3":1.20695516472,"4.4":2.84441663023,"4.4.3-4.4.4":2.1755943415,"53":null},"op_mob":{"10":0,"11":0,"11.1":0,"11.5":0,"12":0,"12.1":0.0262066863782,"0":0.943440709616},"ie":{"5.5":null,"6":null,"7":0.032208,"8":1.606374,"9":0.06039,"10":0.338184,"11":2.943006},"edge":{"12":0.173118,"13":0.112728,"14":0.249612},"bb":{"7":0.050779,"10":null},"ie_mob":{"10":0.34696992,"11":1.62445008},"and_ff":{"0":0.35844},"samsung":{"0":4.253488},"and_uc":{"0":3.805438},"op_mini":{"0":12.710812604},"and_chr":{"0":27.526794}},"total":98.058963}