{"id":"CG","name":"Congo, Republic of the","month":"2016-11","access_date":"2016-12-03","data":{"firefox":{"2":null,"3":0.296496,"3.5":0.010224,"3.6":0.01704,"4":0.023856,"5":0.005112,"6":null,"7":null,"8":0.001704,"9":0.001704,"10":0.030672,"11":0.020448,"12":0.023856,"13":0.018744,"14":0.022152,"15":0.005112,"16":0.039192,"17":0.005112,"18":0.039192,"19":0.005112,"20":0.018744,"21":0.022152,"22":0.00852,"23":0.05112,"24":0.013632,"25":0.040896,"26":0.006816,"27":0.006816,"28":0.003408,"29":0.006816,"30":0.023856,"31":0.010224,"32":0.030672,"33":0.015336,"34":0.028968,"35":0.011928,"36":0.005112,"37":0.039192,"38":0.037488,"39":0.040896,"40":0.047712,"41":0.020448,"42":0.074976,"43":0.175512,"44":0.046008,"45":0.069864,"46":0.090312,"47":0.591288,"48":0.245376,"49":2.566224,"50":1.208136,"51":0.131208,"52":0.001704,"53":null},"chrome":{"4":0.006816,"5":null,"6":null,"7":null,"8":null,"9":0.005112,"10":null,"11":0.047712,"12":null,"13":0.003408,"14":null,"15":0.010224,"16":0.003408,"17":0.001704,"18":0.001704,"19":0.003408,"20":null,"21":0.003408,"22":0.013632,"23":0.003408,"24":null,"25":0.005112,"26":0.01704,"27":0.00852,"28":0.003408,"29":0.010224,"30":0.010224,"31":0.10224,"32":0.00852,"33":0.022152,"34":0.011928,"35":0.006816,"36":0.015336,"37":0.046008,"38":0.003408,"39":0.00852,"40":0.003408,"41":0.035784,"42":0.006816,"43":0.061344,"44":0.011928,"45":0.126096,"46":0.00852,"47":0.039192,"48":0.015336,"49":0.19596,"50":0.064752,"51":0.074976,"52":0.090312,"53":0.202776,"54":4.931376,"55":0.018744,"56":0.00852,"57":null},"opera":{"9":null,"9.5-9.6":0.005112,"10.0-10.1":0,"10.5":null,"10.6":null,"11":0.006816,"11.1":null,"11.5":0.003408,"11.6":0.01704,"12":0.010224,"12.1":0.023856,"15":null,"16":null,"17":null,"18":0.003408,"19":0.005112,"20":0.003408,"21":null,"22":null,"23":null,"24":null,"25":0.003408,"26":null,"27":null,"28":0.030672,"29":0.005112,"30":0.006816,"31":null,"32":0.005112,"33":0.006816,"34":0.005112,"35":0.011928,"36":0.035784,"37":0.061344,"38":0.001704,"39":0.006816,"40":0.0426,"41":0.311832,"42":0.001704,"43":null},"safari":{"3.1":null,"3.2":null,"4":0,"5":0.011928,"5.1":0.040896,"6":0.005112,"6.1":0.00852,"7":0.01704,"7.1":0.01704,"8":0.109056,"9":0.073272,"9.1":0.236856,"10":0.482232,"0":null},"ios_saf":{"3.2":0,"4.0-4.1":0,"4.2-4.3":0,"5.0-5.1":0,"6.0-6.1":0,"7.0-7.1":0.0326513589503,"8":0,"8.1-8.4":0.0421746719775,"9.0-9.2":0.0325001952515,"9.3":0.212838487973,"10-10.1":1.13146028585},"android":{"2.1":0,"2.2":0,"2.3":0.014463878628,"3":0,"4":0.125353614776,"4.1":0.397756662269,"4.2-4.3":1.1354144723,"4.4":2.67581754617,"4.4.3-4.4.4":2.04663882586,"53":null},"op_mob":{"10":0,"11":0,"11.1":0,"11.5":0,"12":0,"12.1":0.0931956877525,"0":3.35504475909},"ie":{"5.5":null,"6":null,"7":0.00869125628141,"8":0.269428944724,"9":0.12167758794,"10":0.215543155779,"11":1.11421905528},"edge":{"12":0.17892,"13":0.057936,"14":0.097128},"bb":{"7":0.18456375,"10":null},"ie_mob":{"10":0.07007616,"11":0.32808384},"and_ff":{"0":0.03318},"samsung":{"0":1.45992},"and_uc":{"0":11.53005},"op_mini":{"0":45.2019345532},"and_chr":{"0":11.464458}},"total":97.78454475}