{"id":"CH","name":"Switzerland","month":"2016-11","access_date":"2016-12-03","data":{"firefox":{"2":null,"3":null,"3.5":null,"3.6":0.01788,"4":null,"5":null,"6":null,"7":null,"8":null,"9":null,"10":null,"11":null,"12":0.01192,"13":null,"14":null,"15":null,"16":0.02384,"17":0.00596,"18":null,"19":null,"20":null,"21":0.01192,"22":null,"23":null,"24":0.00596,"25":null,"26":0.01192,"27":0.0298,"28":0.03576,"29":0.03576,"30":0.01192,"31":0.07748,"32":0.00596,"33":0.04172,"34":0.01788,"35":0.0298,"36":0.04768,"37":0.05364,"38":0.16092,"39":0.07748,"40":0.07152,"41":0.10132,"42":0.10132,"43":0.14304,"44":0.07152,"45":0.447,"46":0.14304,"47":0.3874,"48":0.67348,"49":6.41296,"50":3.52832,"51":0.0298,"52":null,"53":null},"chrome":{"4":null,"5":null,"6":null,"7":null,"8":null,"9":null,"10":null,"11":0.01192,"12":null,"13":null,"14":null,"15":null,"16":null,"17":null,"18":null,"19":null,"20":null,"21":null,"22":0.04172,"23":null,"24":null,"25":null,"26":0.01192,"27":0.00596,"28":null,"29":0.01192,"30":null,"31":0.01788,"32":0.03576,"33":0.03576,"34":0.04768,"35":0.03576,"36":0.03576,"37":0.03576,"38":0.07152,"39":0.05364,"40":0.04768,"41":0.07748,"42":0.05364,"43":0.10728,"44":0.06556,"45":0.08344,"46":0.04768,"47":0.05364,"48":0.07748,"49":0.88208,"50":0.09536,"51":0.3874,"52":0.19668,"53":0.6258,"54":16.51516,"55":0.0596,"56":0.0298,"57":null},"opera":{"9":null,"9.5-9.6":null,"10.0-10.1":0,"10.5":null,"10.6":null,"11":null,"11.1":null,"11.5":null,"11.6":null,"12":null,"12.1":0.0596,"15":null,"16":null,"17":null,"18":null,"19":null,"20":null,"21":null,"22":null,"23":null,"24":null,"25":null,"26":null,"27":null,"28":0.01788,"29":null,"30":null,"31":null,"32":null,"33":null,"34":null,"35":null,"36":0.01788,"37":0.01192,"38":0.03576,"39":null,"40":0.01192,"41":0.4172,"42":null,"43":null},"safari":{"3.1":null,"3.2":null,"4":0.0298,"5":0.11324,"5.1":0.33376,"6":0.03576,"6.1":0.24436,"7":0.07152,"7.1":0.0298,"8":0.39336,"9":0.51852,"9.1":2.235,"10":5.17328,"0":null},"ios_saf":{"3.2":0,"4.0-4.1":0,"4.2-4.3":0,"5.0-5.1":0,"6.0-6.1":0,"7.0-7.1":0.491251883786,"8":0,"8.1-8.4":0.634533683224,"9.0-9.2":0.48897756951,"9.3":3.20223450172,"10-10.1":17.0232423618},"android":{"2.1":0,"2.2":0,"2.3":0.00155326045986,"3":0,"4":0.0134615906521,"4.1":0.0427146626461,"4.2-4.3":0.121930946099,"4.4":0.287353185074,"4.4.3-4.4.4":0.21978635507,"53":null},"op_mob":{"10":0,"11":0,"11.1":0,"11.5":0,"12":0,"12.1":0.000263130804148,"0":0.00947270894932},"ie":{"5.5":null,"6":0.01193788,"7":0.01193788,"8":0.19100608,"9":0.27457124,"10":0.28650912,"11":11.1619178},"edge":{"12":0.07152,"13":0.47084,"14":3.28396},"bb":{"7":0.01616,"10":null},"ie_mob":{"10":0.06541568,"11":0.30626432},"and_ff":{"0":0.06464},"samsung":{"0":4.97324},"and_uc":{"0":0.101},"op_mini":{"0":0.127624160247},"and_chr":{"0":10.95712}},"total":97.34764}