{"id":"CI","name":"Cote d'Ivoire","month":"2016-11","access_date":"2016-12-03","data":{"firefox":{"2":null,"3":0.010412,"3.5":null,"3.6":0.010412,"4":0.007809,"5":null,"6":0.002603,"7":null,"8":0.005206,"9":0.002603,"10":0.005206,"11":0.010412,"12":0.015618,"13":0.010412,"14":0.002603,"15":0.018221,"16":0.018221,"17":0.007809,"18":0.007809,"19":0.015618,"20":0.007809,"21":0.013015,"22":0.007809,"23":0.007809,"24":0.010412,"25":0.005206,"26":0.007809,"27":0.013015,"28":0.002603,"29":0.018221,"30":0.033839,"31":0.044251,"32":0.023427,"33":0.033839,"34":0.015618,"35":0.020824,"36":0.018221,"37":0.023427,"38":0.028633,"39":0.023427,"40":0.054663,"41":0.054663,"42":0.041648,"43":0.268109,"44":0.070281,"45":0.07809,"46":0.049457,"47":0.395656,"48":0.322772,"49":2.412981,"50":1.186968,"51":0.036442,"52":0.005206,"53":null},"chrome":{"4":0.002603,"5":0.002603,"6":null,"7":0.007809,"8":0.007809,"9":0.023427,"10":0.007809,"11":0.070281,"12":0.046854,"13":0.018221,"14":0.013015,"15":0.005206,"16":0.041648,"17":0.018221,"18":0.02603,"19":0.005206,"20":0.002603,"21":0.010412,"22":0.007809,"23":0.007809,"24":0.002603,"25":0.023427,"26":0.049457,"27":0.041648,"28":0.057266,"29":0.059869,"30":0.070281,"31":0.091105,"32":0.028633,"33":0.067678,"34":0.020824,"35":0.039045,"36":0.036442,"37":0.015618,"38":0.031236,"39":0.039045,"40":0.044251,"41":0.018221,"42":0.023427,"43":0.325375,"44":0.039045,"45":0.054663,"46":0.098914,"47":0.070281,"48":0.062472,"49":2.83727,"50":0.062472,"51":0.23427,"52":0.205637,"53":0.356611,"54":10.336513,"55":0.033839,"56":0.028633,"57":0.002603},"opera":{"9":null,"9.5-9.6":null,"10.0-10.1":0,"10.5":null,"10.6":null,"11":null,"11.1":null,"11.5":null,"11.6":null,"12":null,"12.1":0.007809,"15":null,"16":null,"17":null,"18":null,"19":null,"20":0.002603,"21":null,"22":null,"23":null,"24":null,"25":null,"26":null,"27":null,"28":null,"29":0.002603,"30":0.002603,"31":null,"32":null,"33":null,"34":0.002603,"35":0.015618,"36":0.036442,"37":0.119738,"38":0.005206,"39":0.010412,"40":0.031236,"41":0.421686,"42":null,"43":null},"safari":{"3.1":null,"3.2":null,"4":0,"5":0.007809,"5.1":0.023427,"6":0.018221,"6.1":0.015618,"7":0.031236,"7.1":0.010412,"8":0.072884,"9":0.083296,"9.1":0.096311,"10":0.203034,"0":null},"ios_saf":{"3.2":0,"4.0-4.1":0,"4.2-4.3":0,"5.0-5.1":0,"6.0-6.1":0,"7.0-7.1":0.0181305716963,"8":0,"8.1-8.4":0.0234186551078,"9.0-9.2":0.0180466338644,"9.3":0.118184467354,"10-10.1":0.628274671978},"android":{"2.1":0,"2.2":0,"2.3":0.0120081643423,"3":0,"4":0.104070757633,"4.1":0.330224519412,"4.2-4.3":0.942640900867,"4.4":2.22151040332,"4.4.3-4.4.4":1.69915525443,"53":null},"op_mob":{"10":0,"11":0,"11.1":0,"11.5":0,"12":0,"12.1":0.0955643534752,"0":3.44031672511},"ie":{"5.5":null,"6":0.00531868398268,"7":0.00531868398268,"8":0.0797802597403,"9":0.0186153939394,"10":0.0478681558442,"11":0.457406822511},"edge":{"12":0.080693,"13":0.080693,"14":0.179607},"bb":{"7":0.04991625,"10":null},"ie_mob":{"10":0.1366596,"11":0.6398154},"and_ff":{"0":0.36975},"samsung":{"0":1.072275},"and_uc":{"0":1.7748},"op_mini":{"0":46.3507889214},"and_chr":{"0":14.360703}},"total":97.90353525}