{"id":"CK","name":"Cook Islands","month":"2016-11","access_date":"2016-12-03","data":{"firefox":{"2":null,"3":null,"3.5":null,"3.6":0.00647,"4":null,"5":0.03882,"6":null,"7":null,"8":null,"9":null,"10":null,"11":null,"12":null,"13":null,"14":null,"15":null,"16":null,"17":null,"18":null,"19":null,"20":null,"21":null,"22":0.01294,"23":null,"24":null,"25":null,"26":null,"27":null,"28":0.07764,"29":0.16175,"30":0.09705,"31":null,"32":null,"33":null,"34":0.00647,"35":null,"36":0.01294,"37":null,"38":0.07117,"39":0.02588,"40":null,"41":null,"42":null,"43":0.10999,"44":0.10999,"45":0.17469,"46":0.01941,"47":0.30409,"48":0.31056,"49":4.05022,"50":2.07687,"51":0.11646,"52":null,"53":null},"chrome":{"4":null,"5":null,"6":null,"7":null,"8":null,"9":null,"10":null,"11":0.05176,"12":null,"13":null,"14":null,"15":null,"16":null,"17":0.01294,"18":0.01294,"19":null,"20":null,"21":null,"22":null,"23":null,"24":null,"25":null,"26":0.00647,"27":null,"28":0.01941,"29":null,"30":null,"31":null,"32":null,"33":null,"34":0.07764,"35":null,"36":0.01941,"37":0.01294,"38":0.02588,"39":null,"40":null,"41":0.03882,"42":null,"43":0.01941,"44":0.07764,"45":0.00647,"46":null,"47":0.01294,"48":0.36879,"49":2.4586,"50":0.04529,"51":0.05823,"52":0.21351,"53":0.60171,"54":20.30933,"55":0.01294,"56":0.02588,"57":null},"opera":{"9":null,"9.5-9.6":null,"10.0-10.1":0,"10.5":null,"10.6":null,"11":null,"11.1":null,"11.5":null,"11.6":null,"12":null,"12.1":null,"15":null,"16":null,"17":null,"18":null,"19":null,"20":null,"21":null,"22":null,"23":null,"24":null,"25":null,"26":null,"27":null,"28":null,"29":null,"30":null,"31":null,"32":null,"33":null,"34":null,"35":0.00647,"36":null,"37":0.01294,"38":null,"39":null,"40":0.0647,"41":0.24586,"42":null,"43":null},"safari":{"3.1":null,"3.2":null,"4":0,"5":null,"5.1":0.01941,"6":0.01941,"6.1":0.00647,"7":0.01294,"7.1":0.00647,"8":0.03235,"9":0.05176,"9.1":0.68582,"10":0.80875,"0":null},"ios_saf":{"3.2":0,"4.0-4.1":0,"4.2-4.3":0,"5.0-5.1":0,"6.0-6.1":0,"7.0-7.1":0.227417094658,"8":0,"8.1-8.4":0.2937470806,"9.0-9.2":0.226364237738,"9.3":1.48242254296,"10-10.1":7.88063404405},"android":{"2.1":0,"2.2":0,"2.3":0.00307274406332,"3":0,"4":0.0266304485488,"4.1":0.0845004617414,"4.2-4.3":0.241210408971,"4.4":0.568457651715,"4.4.3-4.4.4":0.43479328496,"53":null},"op_mob":{"10":0,"11":0,"11.1":0,"11.5":0,"12":0,"12.1":0.000392094781993,"0":0.0141154121518},"ie":{"5.5":null,"6":null,"7":null,"8":15.3339,"9":0.16822,"10":0.1294,"11":6.38589},"edge":{"12":0.05176,"13":0.76346,"14":0.51113},"bb":{"7":0.003529,"10":null},"ie_mob":{"10":0.081364624,"11":0.380934376},"and_ff":{"0":0.014116},"samsung":{"0":5.441718},"and_uc":{"0":0.338784},"op_mini":{"0":0.190174493066},"and_chr":{"0":19.411318}},"total":94.935166}