{"id":"CL","name":"Chile","month":"2016-11","access_date":"2016-12-03","data":{"firefox":{"2":null,"3":null,"3.5":null,"3.6":0.012448,"4":null,"5":null,"6":null,"7":null,"8":null,"9":null,"10":null,"11":null,"12":null,"13":null,"14":null,"15":null,"16":0.006224,"17":null,"18":null,"19":null,"20":null,"21":0.006224,"22":null,"23":null,"24":null,"25":null,"26":null,"27":null,"28":null,"29":null,"30":null,"31":0.006224,"32":null,"33":null,"34":0.012448,"35":null,"36":0.006224,"37":0.018672,"38":0.03112,"39":0.03112,"40":0.018672,"41":0.018672,"42":0.024896,"43":0.068464,"44":0.024896,"45":0.074688,"46":0.037344,"47":0.230288,"48":0.267632,"49":2.819472,"50":1.512432,"51":0.012448,"52":null,"53":null},"chrome":{"4":null,"5":null,"6":null,"7":null,"8":null,"9":null,"10":null,"11":0.006224,"12":null,"13":null,"14":null,"15":null,"16":null,"17":null,"18":0.006224,"19":null,"20":null,"21":0.006224,"22":0.06224,"23":null,"24":null,"25":null,"26":0.03112,"27":0.012448,"28":null,"29":0.006224,"30":null,"31":0.037344,"32":0.006224,"33":0.012448,"34":0.043568,"35":0.024896,"36":0.037344,"37":0.03112,"38":0.06224,"39":0.056016,"40":0.024896,"41":0.043568,"42":0.018672,"43":0.118256,"44":0.06224,"45":0.049792,"46":0.099584,"47":0.09336,"48":0.118256,"49":2.172176,"50":0.143152,"51":0.616176,"52":0.37344,"53":1.082976,"54":39.951856,"55":0.105808,"56":0.03112,"57":null},"opera":{"9":null,"9.5-9.6":null,"10.0-10.1":0,"10.5":null,"10.6":null,"11":null,"11.1":null,"11.5":null,"11.6":null,"12":null,"12.1":0.024896,"15":null,"16":null,"17":null,"18":null,"19":null,"20":null,"21":null,"22":null,"23":null,"24":null,"25":null,"26":null,"27":null,"28":0.012448,"29":null,"30":null,"31":null,"32":null,"33":null,"34":null,"35":null,"36":0.018672,"37":0.018672,"38":0.024896,"39":0.006224,"40":0.012448,"41":0.541488,"42":0.006224,"43":null},"safari":{"3.1":null,"3.2":null,"4":0,"5":0.024896,"5.1":0.049792,"6":0.012448,"6.1":0.03112,"7":0.024896,"7.1":0.012448,"8":0.199168,"9":0.211616,"9.1":0.68464,"10":1.381728,"0":null},"ios_saf":{"3.2":0,"4.0-4.1":0,"4.2-4.3":0,"5.0-5.1":0,"6.0-6.1":0,"7.0-7.1":0.128928989691,"8":0,"8.1-8.4":0.166533278351,"9.0-9.2":0.12833209622,"9.3":0.840426006873,"10-10.1":4.46774762887},"android":{"2.1":0,"2.2":0,"2.3":0.0048249679608,"3":0,"4":0.0418163889936,"4.1":0.132686618922,"4.2-4.3":0.378759984923,"4.4":0.892619072748,"4.4.3-4.4.4":0.682732966453,"53":null},"op_mob":{"10":0,"11":0,"11.1":0,"11.5":0,"12":0,"12.1":0.000651007371007,"0":0.0234362653563},"ie":{"5.5":null,"6":0.0126873846154,"7":0.00634369230769,"8":0.234716615385,"9":0.222029230769,"10":0.145904923077,"11":1.68107846154},"edge":{"12":0.06224,"13":0.199168,"14":0.697088},"bb":{"7":0.008496,"10":null},"ie_mob":{"10":0.055159808,"11":0.258248192},"and_ff":{"0":0.01888},"samsung":{"0":1.268736},"and_uc":{"0":0.0944},"op_mini":{"0":0.315752727273},"and_chr":{"0":30.323904}},"total":97.5808883077}