{"id":"CM","name":"Cameroon","month":"2016-11","access_date":"2016-12-03","data":{"firefox":{"2":0.01295,"3":0.14504,"3.5":0.01036,"3.6":0.03885,"4":0.01554,"5":0.00777,"6":0.00777,"7":0.00777,"8":0.00518,"9":0.00777,"10":0.02849,"11":0.03108,"12":0.03108,"13":0.01813,"14":0.02072,"15":0.03367,"16":0.04144,"17":0.0259,"18":0.01295,"19":0.03626,"20":0.03367,"21":0.03626,"22":0.03108,"23":0.02072,"24":0.04144,"25":0.04662,"26":0.02849,"27":0.0259,"28":0.01813,"29":0.0777,"30":0.09324,"31":0.08029,"32":0.03626,"33":0.04662,"34":0.05439,"35":0.1036,"36":0.04921,"37":0.13209,"38":0.13727,"39":0.06734,"40":0.1036,"41":0.12173,"42":0.12173,"43":0.79772,"44":0.27713,"45":0.24864,"46":0.16317,"47":0.98679,"48":0.68117,"49":4.30458,"50":2.2792,"51":0.19166,"52":0.01295,"53":0.00518},"chrome":{"4":0.00518,"5":0.00259,"6":null,"7":0.00259,"8":0.00259,"9":null,"10":0.01295,"11":0.04662,"12":0.03885,"13":0.00777,"14":0.00777,"15":0.00518,"16":0.01295,"17":0.00259,"18":0.00518,"19":0.00518,"20":null,"21":null,"22":0.00777,"23":0.01554,"24":null,"25":0.01813,"26":0.02072,"27":0.01813,"28":0.0259,"29":0.03367,"30":0.01036,"31":0.01813,"32":0.01295,"33":0.03626,"34":0.00518,"35":0.03367,"36":0.01295,"37":0.00518,"38":0.00777,"39":0.03367,"40":0.0259,"41":0.02072,"42":0.02072,"43":0.15281,"44":0.01036,"45":0.05957,"46":0.03626,"47":0.0259,"48":0.01813,"49":0.55944,"50":0.04144,"51":0.17871,"52":0.14245,"53":0.23051,"54":5.86894,"55":0.03108,"56":0.01813,"57":null},"opera":{"9":null,"9.5-9.6":null,"10.0-10.1":0,"10.5":null,"10.6":null,"11":null,"11.1":null,"11.5":0.01554,"11.6":0.00777,"12":null,"12.1":0.01036,"15":null,"16":null,"17":null,"18":null,"19":0.00518,"20":0.00259,"21":null,"22":0.00259,"23":null,"24":null,"25":null,"26":null,"27":null,"28":0.01295,"29":0.00777,"30":0.00259,"31":0.00259,"32":0.00518,"33":0.00518,"34":0.01554,"35":0.01036,"36":0.04662,"37":0.11396,"38":0.01295,"39":0.01554,"40":0.03367,"41":0.53095,"42":null,"43":null},"safari":{"3.1":null,"3.2":null,"4":0,"5":0.00777,"5.1":0.02331,"6":0.01036,"6.1":0.00518,"7":0.01036,"7.1":0.00259,"8":0.04144,"9":0.01554,"9.1":0.09583,"10":0.1036,"0":null},"ios_saf":{"3.2":0,"4.0-4.1":0,"4.2-4.3":0,"5.0-5.1":0,"6.0-6.1":0,"7.0-7.1":0.0273306691659,"8":0,"8.1-8.4":0.0353021143393,"9.0-9.2":0.0272041382901,"9.3":0.178155473081,"10-10.1":0.947083605123},"android":{"2.1":0,"2.2":0,"2.3":0.0203251797965,"3":0,"4":0.176151558236,"4.1":0.558942444403,"4.2-4.3":1.59552661402,"4.4":3.76015826234,"4.4.3-4.4.4":2.8760129412,"53":null},"op_mob":{"10":0,"11":0,"11.1":0,"11.5":0,"12":0,"12.1":0.055593571732,"0":2.00136858235},"ie":{"5.5":null,"6":0.0079698,"7":0.0239094,"8":0.1886186,"9":0.0425056,"10":0.0611018,"11":0.6057048},"edge":{"12":0.07252,"13":0.0777,"14":0.14763},"bb":{"7":0.07409,"10":null},"ie_mob":{"10":0.209941424,"11":0.982907576},"and_ff":{"0":0.118544},"samsung":{"0":1.126168},"and_uc":{"0":11.350588},"op_mini":{"0":26.9640908459},"and_chr":{"0":22.675656}},"total":98.073991}