{"id":"CN","name":"China","month":"2016-11","access_date":"2016-12-03","data":{"firefox":{"2":null,"3":0.01341,"3.5":null,"3.6":0.00447,"4":0.01788,"5":null,"6":null,"7":null,"8":0.48723,"9":null,"10":null,"11":null,"12":null,"13":null,"14":0.00447,"15":null,"16":null,"17":null,"18":null,"19":null,"20":null,"21":0.08046,"22":0.01341,"23":0.01341,"24":0.01341,"25":0.01788,"26":null,"27":0.00894,"28":0.00894,"29":0.00894,"30":null,"31":0.01788,"32":null,"33":0.00894,"34":null,"35":0.00447,"36":0.00894,"37":0.07599,"38":0.01788,"39":0.00894,"40":0.01788,"41":0.00894,"42":0.00894,"43":0.30843,"44":0.00894,"45":0.03576,"46":0.02235,"47":0.10728,"48":0.04917,"49":1.03257,"50":0.23244,"51":0.00447,"52":null,"53":null},"chrome":{"4":null,"5":null,"6":null,"7":null,"8":null,"9":null,"10":null,"11":0.10728,"12":0.00894,"13":null,"14":null,"15":null,"16":null,"17":0.03129,"18":null,"19":null,"20":0.03576,"21":0.05811,"22":0.00894,"23":null,"24":0.00894,"25":0.01788,"26":0.02682,"27":0.04023,"28":0.02235,"29":0.07152,"30":0.0447,"31":0.35313,"32":0.03129,"33":0.05364,"34":0.03129,"35":0.03576,"36":0.05811,"37":0.03129,"38":0.06705,"39":0.12963,"40":0.01788,"41":0.1788,"42":0.88506,"43":0.08046,"44":0.08493,"45":12.15393,"46":0.12516,"47":1.75671,"48":0.27714,"49":1.03704,"50":2.4138,"51":0.46488,"52":0.31737,"53":0.6258,"54":1.87293,"55":0.04917,"56":0.05811,"57":null},"opera":{"9":null,"9.5-9.6":null,"10.0-10.1":0,"10.5":null,"10.6":null,"11":null,"11.1":null,"11.5":null,"11.6":0.00894,"12":0.01788,"12.1":0.02682,"15":null,"16":null,"17":null,"18":null,"19":null,"20":null,"21":null,"22":null,"23":null,"24":null,"25":null,"26":null,"27":null,"28":0.12963,"29":null,"30":null,"31":null,"32":null,"33":null,"34":null,"35":null,"36":0.00447,"37":null,"38":0.02235,"39":null,"40":null,"41":0.07152,"42":null,"43":null},"safari":{"3.1":null,"3.2":null,"4":0.01341,"5":0.01341,"5.1":0.01341,"6":null,"6.1":0.00447,"7":0.00894,"7.1":null,"8":0.03576,"9":0.04023,"9.1":0.1341,"10":0.34866,"0":null},"ios_saf":{"3.2":0,"4.0-4.1":0,"4.2-4.3":0,"5.0-5.1":0,"6.0-6.1":0,"7.0-7.1":0.181976907216,"8":0,"8.1-8.4":0.235053505155,"9.0-9.2":0.181134421535,"9.3":1.18621983963,"10-10.1":6.30600532646},"android":{"2.1":0,"2.2":0,"2.3":0.0103179419525,"3":0,"4":0.0894221635884,"4.1":0.283743403694,"4.2-4.3":0.809958443272,"4.4":1.90881926121,"4.4.3-4.4.4":1.45998878628,"53":null},"op_mob":{"10":0,"11":0,"11.1":0,"11.5":0,"12":0,"12.1":8.47474284762e-5,"0":0.00305090742514},"ie":{"5.5":null,"6":0.327639348341,"7":0.0513944075829,"8":4.01518809242,"9":1.77310706161,"10":0.719521706161,"11":3.92524787915},"edge":{"12":0.03576,"13":0.19221,"14":0.54981},"bb":{"7":0.030415,"10":null},"ie_mob":{"10":0.03990448,"11":0.18682552},"and_ff":{"0":0.03318},"samsung":{"0":0.75761},"and_uc":{"0":12.87937},"op_mini":{"0":0.0411043451464},"and_chr":{"0":29.55186}},"total":95.0061034953}