{"id":"CO","name":"Colombia","month":"2016-11","access_date":"2016-12-03","data":{"firefox":{"2":null,"3":0.026776,"3.5":null,"3.6":0.006694,"4":null,"5":null,"6":null,"7":null,"8":null,"9":null,"10":null,"11":null,"12":null,"13":null,"14":null,"15":null,"16":0.006694,"17":null,"18":null,"19":null,"20":null,"21":0.013388,"22":null,"23":null,"24":null,"25":null,"26":null,"27":null,"28":0.006694,"29":null,"30":null,"31":0.013388,"32":null,"33":0.006694,"34":0.006694,"35":0.006694,"36":null,"37":0.020082,"38":0.026776,"39":0.013388,"40":0.013388,"41":0.013388,"42":0.020082,"43":0.06694,"44":0.020082,"45":0.073634,"46":0.046858,"47":0.247678,"48":0.194126,"49":1.827462,"50":1.064346,"51":0.020082,"52":null,"53":null},"chrome":{"4":null,"5":null,"6":null,"7":null,"8":null,"9":null,"10":null,"11":0.013388,"12":null,"13":null,"14":null,"15":null,"16":null,"17":null,"18":0.013388,"19":null,"20":null,"21":0.006694,"22":0.087022,"23":0.006694,"24":null,"25":null,"26":0.040164,"27":0.013388,"28":0.013388,"29":0.013388,"30":0.013388,"31":0.040164,"32":0.020082,"33":0.013388,"34":0.040164,"35":0.026776,"36":0.026776,"37":0.026776,"38":0.046858,"39":0.053552,"40":0.026776,"41":0.046858,"42":0.03347,"43":0.13388,"44":0.10041,"45":0.060246,"46":0.120492,"47":0.107104,"48":0.140574,"49":1.793992,"50":0.220902,"51":0.950548,"52":0.528826,"53":1.258472,"54":48.250352,"55":0.140574,"56":0.03347,"57":null},"opera":{"9":null,"9.5-9.6":null,"10.0-10.1":0,"10.5":null,"10.6":null,"11":null,"11.1":null,"11.5":null,"11.6":null,"12":null,"12.1":0.013388,"15":null,"16":null,"17":null,"18":null,"19":null,"20":null,"21":null,"22":null,"23":null,"24":null,"25":null,"26":null,"27":null,"28":0.020082,"29":null,"30":null,"31":null,"32":null,"33":null,"34":null,"35":null,"36":0.006694,"37":0.013388,"38":0.053552,"39":null,"40":0.006694,"41":0.314618,"42":null,"43":null},"safari":{"3.1":null,"3.2":null,"4":0,"5":0.006694,"5.1":0.03347,"6":null,"6.1":0.026776,"7":0.020082,"7.1":null,"8":0.180738,"9":0.207514,"9.1":0.696176,"10":1.30533,"0":null},"ios_saf":{"3.2":0,"4.0-4.1":0,"4.2-4.3":0,"5.0-5.1":0,"6.0-6.1":0,"7.0-7.1":0.0552507891284,"8":0,"8.1-8.4":0.0713656026242,"9.0-9.2":0.054994998438,"9.3":0.360153292096,"10-10.1":1.91459331771},"android":{"2.1":0,"2.2":0,"2.3":0.0073198055032,"3":0,"4":0.0634383143611,"4.1":0.201294651338,"4.2-4.3":0.574604732002,"4.4":1.35416401809,"4.4.3-4.4.4":1.0357524787,"53":null},"op_mob":{"10":0,"11":0,"11.1":0,"11.5":0,"12":0,"12.1":0.000664972306667,"0":0.02393900304},"ie":{"5.5":null,"6":null,"7":0.00694949618321,"8":0.403070778626,"9":0.138989923664,"10":0.152888916031,"11":1.1188688855},"edge":{"12":0.046858,"13":0.147268,"14":0.481968},"bb":{"7":0.0471105,"10":null},"ie_mob":{"10":0.107061504,"11":0.501242496},"and_ff":{"0":0.019836},"samsung":{"0":1.209996},"and_uc":{"0":0.84303},"op_mini":{"0":0.322526024653},"and_chr":{"0":26.401072}},"total":98.7958805}