{"id":"CR","name":"Costa Rica","month":"2016-11","access_date":"2016-12-03","data":{"firefox":{"2":null,"3":null,"3.5":null,"3.6":0.016455,"4":null,"5":null,"6":null,"7":null,"8":null,"9":null,"10":null,"11":null,"12":null,"13":null,"14":null,"15":null,"16":0.01097,"17":null,"18":null,"19":null,"20":null,"21":0.04388,"22":0.005485,"23":0.005485,"24":0.01097,"25":0.016455,"26":null,"27":null,"28":0.005485,"29":0.005485,"30":0.005485,"31":0.01097,"32":null,"33":0.01097,"34":0.01097,"35":0.016455,"36":0.016455,"37":0.05485,"38":0.071305,"39":0.038395,"40":0.016455,"41":0.038395,"42":0.03291,"43":0.06582,"44":0.038395,"45":0.30716,"46":0.049365,"47":0.301675,"48":0.334585,"49":3.68592,"50":2.155605,"51":0.049365,"52":0.005485,"53":null},"chrome":{"4":null,"5":null,"6":null,"7":null,"8":null,"9":null,"10":null,"11":0.016455,"12":null,"13":null,"14":null,"15":null,"16":null,"17":null,"18":null,"19":null,"20":null,"21":null,"22":0.01097,"23":null,"24":null,"25":null,"26":0.005485,"27":0.02194,"28":0.005485,"29":0.016455,"30":null,"31":0.02194,"32":0.03291,"33":0.005485,"34":0.02194,"35":0.02194,"36":0.03291,"37":0.027425,"38":0.02194,"39":0.082275,"40":0.03291,"41":0.09873,"42":0.016455,"43":0.071305,"44":0.07679,"45":0.038395,"46":0.049365,"47":0.093245,"48":0.1097,"49":1.27252,"50":0.115185,"51":0.334585,"52":0.25231,"53":0.872115,"54":31.95561,"55":0.1097,"56":0.016455,"57":null},"opera":{"9":null,"9.5-9.6":null,"10.0-10.1":0,"10.5":null,"10.6":null,"11":null,"11.1":null,"11.5":null,"11.6":null,"12":0.01097,"12.1":0.02194,"15":null,"16":null,"17":null,"18":null,"19":null,"20":null,"21":null,"22":null,"23":null,"24":null,"25":null,"26":null,"27":0.05485,"28":0.071305,"29":0.06582,"30":null,"31":null,"32":null,"33":0.027425,"34":0.005485,"35":null,"36":0.02194,"37":0.137125,"38":0.038395,"39":0.005485,"40":0.01097,"41":0.356525,"42":null,"43":null},"safari":{"3.1":null,"3.2":null,"4":0.005485,"5":0.038395,"5.1":0.06582,"6":0.01097,"6.1":0.05485,"7":0.02194,"7.1":0.016455,"8":0.3291,"9":0.40589,"9.1":1.39319,"10":2.693135,"0":null},"ios_saf":{"3.2":0,"4.0-4.1":0,"4.2-4.3":0,"5.0-5.1":0,"6.0-6.1":0,"7.0-7.1":0.144513851921,"8":0,"8.1-8.4":0.186663725398,"9.0-9.2":0.143844806311,"9.3":0.942016219931,"10-10.1":5.00780639644},"android":{"2.1":0,"2.2":0,"2.3":0.0136522163588,"3":0,"4":0.118319208443,"4.1":0.375435949868,"4.2-4.3":1.07169898417,"4.4":2.52566002639,"4.4.3-4.4.4":1.93178861478,"53":null},"op_mob":{"10":0,"11":0,"11.1":0,"11.5":0,"12":0,"12.1":0.00501645775205,"0":0.180592479074},"ie":{"5.5":null,"6":null,"7":null,"8":0.137446135831,"9":0.142943981265,"10":0.148441826698,"11":1.91874805621},"edge":{"12":0.093245,"13":0.27425,"14":0.894055},"bb":{"7":0.01806,"10":null},"ie_mob":{"10":0.10012464,"11":0.46876536},"and_ff":{"0":0.03612},"samsung":{"0":5.124525},"and_uc":{"0":0.374745},"op_mini":{"0":2.43309106317},"and_chr":{"0":24.95276}},"total":98.926385}