{"id":"CU","name":"Cuba","month":"2016-11","access_date":"2016-12-03","data":{"firefox":{"2":0.28875,"3":0.0175,"3.5":0.07875,"3.6":0.21875,"4":0.0525,"5":0.6475,"6":0.04375,"7":0.06125,"8":0.0525,"9":0.13125,"10":0.09625,"11":0.07,"12":0.07875,"13":0.105,"14":0.07,"15":0.37625,"16":0.245,"17":0.4025,"18":0.105,"19":0.18375,"20":0.14,"21":0.21875,"22":0.21,"23":0.2975,"24":1.05,"25":0.5425,"26":0.63,"27":0.525,"28":0.1225,"29":0.525,"30":0.2975,"31":0.65625,"32":3.01875,"33":0.79625,"34":1.7675,"35":0.8925,"36":0.91875,"37":2.16125,"38":3.03625,"39":1.33,"40":3.12375,"41":1.70625,"42":1.51375,"43":3.85,"44":1.46125,"45":3.3775,"46":3.22,"47":10.6575,"48":4.55875,"49":13.65875,"50":5.67,"51":0.245,"52":0.035,"53":null},"chrome":{"4":null,"5":null,"6":null,"7":null,"8":null,"9":null,"10":null,"11":0.0175,"12":null,"13":null,"14":null,"15":null,"16":null,"17":null,"18":0.0175,"19":null,"20":null,"21":null,"22":0.0175,"23":0.11375,"24":0.00875,"25":0.07875,"26":0.0175,"27":0.0175,"28":0.00875,"29":0.06125,"30":0.035,"31":0.035,"32":0.035,"33":0.07875,"34":0.06125,"35":0.035,"36":0.0525,"37":0.04375,"38":0.21875,"39":0.04375,"40":0.06125,"41":0.07,"42":0.07875,"43":0.07875,"44":0.035,"45":0.23625,"46":0.14875,"47":0.14,"48":0.13125,"49":0.37625,"50":0.175,"51":0.21875,"52":0.30625,"53":0.63875,"54":3.84125,"55":0.02625,"56":0.00875,"57":null},"opera":{"9":null,"9.5-9.6":null,"10.0-10.1":0,"10.5":null,"10.6":0.0175,"11":null,"11.1":null,"11.5":0.0175,"11.6":0.02625,"12":0.0175,"12.1":0.035,"15":0.00875,"16":null,"17":null,"18":null,"19":0.00875,"20":null,"21":null,"22":null,"23":null,"24":null,"25":null,"26":null,"27":null,"28":null,"29":0.02625,"30":null,"31":0.00875,"32":0.0875,"33":0.00875,"34":0.00875,"35":null,"36":0.0175,"37":0.02625,"38":0.0175,"39":null,"40":0.00875,"41":0.1575,"42":null,"43":null},"safari":{"3.1":null,"3.2":null,"4":0,"5":null,"5.1":null,"6":null,"6.1":null,"7":null,"7.1":null,"8":0.02625,"9":0.0175,"9.1":0.07,"10":0.09625,"0":null},"ios_saf":{"3.2":0,"4.0-4.1":0,"4.2-4.3":0,"5.0-5.1":0,"6.0-6.1":0,"7.0-7.1":0.0185567010309,"8":0,"8.1-8.4":0.0239690721649,"9.0-9.2":0.018470790378,"9.3":0.120962199313,"10-10.1":0.643041237113},"android":{"2.1":0,"2.2":0,"2.3":0.00337825103656,"3":0,"4":0.0292781756502,"4.1":0.0929019035055,"4.2-4.3":0.26519270637,"4.4":0.624976441764,"4.4.3-4.4.4":0.478022521674,"53":null},"op_mob":{"10":0,"11":0,"11.1":0,"11.5":0,"12":0,"12.1":0.000325656935826,"0":0.0117236496898},"ie":{"5.5":null,"6":null,"7":null,"8":0.581925287356,"9":0.11462164751,"10":0.255694444444,"11":1.34019157088},"edge":{"12":0.13125,"13":0.13125,"14":0.105},"bb":{"7":0.003125,"10":null},"ie_mob":{"10":0.0132,"11":0.0618},"and_ff":{"0":2.41875},"samsung":{"0":0.525},"and_uc":{"0":0.4975},"op_mini":{"0":0.157950693374},"and_chr":{"0":6.71375}},"total":99.1980579502}