{"id":"CV","name":"Cape Verde","month":"2016-11","access_date":"2016-12-03","data":{"firefox":{"2":null,"3":0.006376,"3.5":null,"3.6":null,"4":null,"5":null,"6":null,"7":null,"8":null,"9":null,"10":0.03188,"11":null,"12":0.012752,"13":null,"14":null,"15":null,"16":0.006376,"17":null,"18":0.012752,"19":null,"20":null,"21":0.03188,"22":0.012752,"23":null,"24":0.012752,"25":0.006376,"26":0.006376,"27":0.019128,"28":null,"29":0.019128,"30":null,"31":0.019128,"32":0.019128,"33":null,"34":0.012752,"35":0.057384,"36":null,"37":0.038256,"38":0.038256,"39":0.006376,"40":0.025504,"41":0.102016,"42":0.025504,"43":0.133896,"44":0.03188,"45":0.076512,"46":0.025504,"47":0.561088,"48":0.580216,"49":2.365496,"50":1.587624,"51":0.082888,"52":null,"53":null},"chrome":{"4":null,"5":null,"6":null,"7":null,"8":null,"9":null,"10":null,"11":0.006376,"12":0.006376,"13":null,"14":null,"15":null,"16":null,"17":null,"18":null,"19":0.06376,"20":null,"21":null,"22":null,"23":0.006376,"24":null,"25":null,"26":0.006376,"27":0.012752,"28":0.006376,"29":0.012752,"30":null,"31":0.012752,"32":0.012752,"33":0.172152,"34":0.03188,"35":0.03188,"36":0.089264,"37":0.044632,"38":0.006376,"39":0.019128,"40":0.146648,"41":0.06376,"42":0.082888,"43":3.76184,"44":0.22316,"45":0.09564,"46":0.070136,"47":0.102016,"48":0.057384,"49":1.536616,"50":0.146648,"51":1.064792,"52":0.420816,"53":0.905392,"54":35.329416,"55":0.172152,"56":0.229536,"57":0.012752},"opera":{"9":null,"9.5-9.6":null,"10.0-10.1":0,"10.5":null,"10.6":null,"11":null,"11.1":null,"11.5":null,"11.6":null,"12":null,"12.1":0.006376,"15":null,"16":null,"17":null,"18":null,"19":null,"20":null,"21":null,"22":null,"23":null,"24":null,"25":null,"26":null,"27":null,"28":0.038256,"29":0.051008,"30":null,"31":null,"32":null,"33":null,"34":0.006376,"35":0.012752,"36":0.108392,"37":0.051008,"38":null,"39":null,"40":0.019128,"41":1.090296,"42":null,"43":null},"safari":{"3.1":null,"3.2":null,"4":0,"5":0.012752,"5.1":0.06376,"6":0.012752,"6.1":0.038256,"7":null,"7.1":0.019128,"8":0.025504,"9":0.03188,"9.1":0.35068,"10":0.867136,"0":null},"ios_saf":{"3.2":0,"4.0-4.1":0,"4.2-4.3":0,"5.0-5.1":0,"6.0-6.1":0,"7.0-7.1":0.0790690909091,"8":0,"8.1-8.4":0.102130909091,"9.0-9.2":0.078703030303,"9.3":0.515413333333,"10-10.1":2.73996363636},"android":{"2.1":0,"2.2":0,"2.3":0.0152527644176,"3":0,"4":0.132190624953,"4.1":0.419451021485,"4.2-4.3":1.19734200678,"4.4":2.82176141726,"4.4.3-4.4.4":2.1582661651,"53":null},"op_mob":{"10":0,"11":0,"11.1":0,"11.5":0,"12":0,"12.1":0.00524833315288,"0":0.188939993504},"ie":{"5.5":null,"6":0.0193319232409,"7":null,"8":0.238427053305,"9":0.154655385928,"10":0.225539104478,"11":2.37782655864},"edge":{"12":0.229536,"13":0.363432,"14":0.739616},"bb":{"7":0.008154,"10":null},"ie_mob":{"10":0.200276736,"11":0.937659264},"and_ff":{"0":0.061608},"samsung":{"0":1.217664},"and_uc":{"0":1.217664},"op_mini":{"0":2.54555567334},"and_chr":{"0":23.770616}},"total":98.4982220256}