{"id":"CX","name":"Christmas Island","month":"2016-11","access_date":"2016-12-03","data":{"firefox":{"2":null,"3":null,"3.5":null,"3.6":null,"4":null,"5":null,"6":null,"7":null,"8":null,"9":null,"10":null,"11":null,"12":null,"13":null,"14":null,"15":null,"16":null,"17":null,"18":null,"19":null,"20":null,"21":null,"22":null,"23":null,"24":null,"25":null,"26":null,"27":null,"28":null,"29":null,"30":null,"31":null,"32":null,"33":null,"34":null,"35":null,"36":null,"37":null,"38":null,"39":null,"40":null,"41":null,"42":3.083776,"43":null,"44":null,"45":null,"46":6.819328,"47":0.807424,"48":6.167552,"49":11.206656,"50":1.789952,"51":null,"52":null,"53":null},"chrome":{"4":null,"5":null,"6":null,"7":null,"8":null,"9":null,"10":null,"11":null,"12":null,"13":null,"14":null,"15":null,"16":null,"17":null,"18":0.807424,"19":null,"20":null,"21":null,"22":null,"23":null,"24":null,"25":null,"26":null,"27":null,"28":null,"29":null,"30":null,"31":null,"32":null,"33":null,"34":null,"35":0.651776,"36":null,"37":0.165376,"38":null,"39":null,"40":0.4864,"41":0.321024,"42":null,"43":null,"44":null,"45":null,"46":null,"47":null,"48":null,"49":1.9456,"50":6.011904,"51":null,"52":4.542976,"53":8.12288,"54":10.885632,"55":null,"56":null,"57":null},"opera":{"9":null,"9.5-9.6":null,"10.0-10.1":0,"10.5":null,"10.6":null,"11":null,"11.1":null,"11.5":null,"11.6":null,"12":null,"12.1":null,"15":null,"16":null,"17":null,"18":null,"19":null,"20":null,"21":null,"22":null,"23":null,"24":null,"25":null,"26":null,"27":null,"28":null,"29":null,"30":null,"31":null,"32":null,"33":null,"34":null,"35":null,"36":null,"37":null,"38":null,"39":null,"40":null,"41":5.039104,"42":null,"43":null},"safari":{"3.1":null,"3.2":null,"4":0,"5":null,"5.1":0.165376,"6":null,"6.1":null,"7":null,"7.1":null,"8":null,"9":null,"9.1":1.789952,"10":0.4864,"0":null},"ios_saf":{"3.2":0,"4.0-4.1":0,"4.2-4.3":0,"5.0-5.1":0,"6.0-6.1":0,"7.0-7.1":0.0267666354264,"8":0,"8.1-8.4":0.0345735707591,"9.0-9.2":0.026642715818,"9.3":0.174478808706,"10-10.1":0.927538269291},"android":{"2.1":0,"2.2":0,"2.3":0,"3":0,"4":0,"4.1":0,"4.2-4.3":0,"4.4":0,"4.4.3-4.4.4":0,"53":null},"op_mob":{"10":0,"11":0,"11.1":0,"11.5":0,"12":0,"12.1":0,"0":0},"ie":{"5.5":null,"6":null,"7":null,"8":0.651776,"9":3.735552,"10":0.807424,"11":8.60928},"edge":{"12":10.389504,"13":0.4864,"14":0.165376},"bb":{"7":0,"10":null},"ie_mob":{"10":0,"11":0},"and_ff":{"0":0.17},"samsung":{"0":null},"and_uc":{"0":null},"op_mini":{"0":0},"and_chr":{"0":1.841776}},"total":99.3436}