{"id":"CY","name":"Cyprus","month":"2016-11","access_date":"2016-12-03","data":{"firefox":{"2":0.006261,"3":0.012522,"3.5":null,"3.6":0.025044,"4":null,"5":null,"6":null,"7":null,"8":null,"9":null,"10":null,"11":null,"12":null,"13":null,"14":null,"15":null,"16":0.018783,"17":null,"18":null,"19":null,"20":null,"21":0.006261,"22":null,"23":null,"24":null,"25":null,"26":0.156525,"27":null,"28":null,"29":null,"30":null,"31":null,"32":null,"33":null,"34":null,"35":0.006261,"36":0.006261,"37":0.012522,"38":0.056349,"39":0.025044,"40":0.006261,"41":0.012522,"42":0.012522,"43":0.075132,"44":0.018783,"45":0.093915,"46":0.068871,"47":0.319311,"48":0.262962,"49":3.869298,"50":2.25396,"51":0.025044,"52":null,"53":null},"chrome":{"4":0.012522,"5":0.018783,"6":0.006261,"7":null,"8":null,"9":null,"10":null,"11":0.012522,"12":null,"13":null,"14":null,"15":null,"16":null,"17":null,"18":0.018783,"19":null,"20":null,"21":0.012522,"22":0.037566,"23":0.012522,"24":0.012522,"25":null,"26":0.025044,"27":null,"28":0.012522,"29":0.012522,"30":0.018783,"31":0.018783,"32":0.012522,"33":0.018783,"34":0.018783,"35":0.031305,"36":0.012522,"37":0.018783,"38":0.068871,"39":0.068871,"40":0.025044,"41":0.037566,"42":0.669927,"43":0.118959,"44":0.037566,"45":0.012522,"46":0.031305,"47":0.050088,"48":0.075132,"49":2.798667,"50":0.144003,"51":0.976716,"52":0.525924,"53":0.68871,"54":32.194062,"55":0.106437,"56":0.075132,"57":null},"opera":{"9":null,"9.5-9.6":null,"10.0-10.1":0,"10.5":null,"10.6":null,"11":null,"11.1":null,"11.5":null,"11.6":null,"12":null,"12.1":0.068871,"15":null,"16":null,"17":null,"18":null,"19":null,"20":null,"21":null,"22":null,"23":null,"24":null,"25":0.006261,"26":null,"27":null,"28":0.012522,"29":null,"30":null,"31":null,"32":null,"33":null,"34":null,"35":null,"36":0.012522,"37":0.025044,"38":0.087654,"39":null,"40":0.012522,"41":0.50088,"42":null,"43":null},"safari":{"3.1":null,"3.2":null,"4":0.006261,"5":0.043827,"5.1":0.144003,"6":0.012522,"6.1":0.056349,"7":0.018783,"7.1":0.006261,"8":0.112698,"9":0.162786,"9.1":0.557229,"10":1.521423,"0":null},"ios_saf":{"3.2":0,"4.0-4.1":0,"4.2-4.3":0,"5.0-5.1":0,"6.0-6.1":0,"7.0-7.1":0.170557270853,"8":0,"8.1-8.4":0.220303141518,"9.0-9.2":0.169767653858,"9.3":1.11178072852,"10-10.1":5.91028320525},"android":{"2.1":0,"2.2":0,"2.3":0.0048453381078,"3":0,"4":0.0419929302676,"4.1":0.133246797965,"4.2-4.3":0.380359041462,"4.4":0.896387549943,"4.4.3-4.4.4":0.685615342254,"53":null},"op_mob":{"10":0,"11":0,"11.1":0,"11.5":0,"12":0,"12.1":0.000795041602465,"0":0.0286214976888},"ie":{"5.5":null,"6":null,"7":0.0189141967404,"8":1.13485180442,"9":0.170227770664,"10":0.15761830617,"11":3.934152922},"edge":{"12":0.056349,"13":0.288006,"14":1.471335},"bb":{"7":0.01215175,"10":null},"ie_mob":{"10":0.05593544,"11":0.26187956},"and_ff":{"0":0.011217},"samsung":{"0":4.232548},"and_uc":{"0":2.078884},"op_mini":{"0":0.385612460709},"and_chr":{"0":21.205131}},"total":94.99805875}