{"id":"CZ","name":"Czech Republic","month":"2016-11","access_date":"2016-12-03","data":{"firefox":{"2":null,"3":0.017288,"3.5":null,"3.6":0.04322,"4":null,"5":null,"6":null,"7":null,"8":null,"9":null,"10":null,"11":null,"12":0.008644,"13":null,"14":null,"15":null,"16":null,"17":null,"18":null,"19":null,"20":null,"21":0.034576,"22":null,"23":null,"24":0.103728,"25":0.008644,"26":0.017288,"27":null,"28":0.017288,"29":0.008644,"30":0.008644,"31":0.034576,"32":null,"33":0.025932,"34":0.008644,"35":0.08644,"36":0.017288,"37":0.04322,"38":0.121016,"39":0.04322,"40":0.025932,"41":0.034576,"42":0.069152,"43":0.363048,"44":0.060508,"45":0.466776,"46":0.224744,"47":1.400328,"48":0.717452,"49":9.33552,"50":5.298772,"51":0.060508,"52":null,"53":null},"chrome":{"4":null,"5":null,"6":null,"7":null,"8":null,"9":null,"10":0.008644,"11":0.025932,"12":0.008644,"13":null,"14":null,"15":0.017288,"16":null,"17":null,"18":0.017288,"19":null,"20":null,"21":null,"22":0.051864,"23":0.008644,"24":null,"25":0.008644,"26":0.017288,"27":0.017288,"28":null,"29":0.069152,"30":null,"31":0.04322,"32":0.008644,"33":0.017288,"34":0.04322,"35":0.017288,"36":0.017288,"37":0.034576,"38":0.025932,"39":0.060508,"40":0.025932,"41":0.060508,"42":0.017288,"43":0.700164,"44":0.04322,"45":0.04322,"46":0.034576,"47":0.08644,"48":0.155592,"49":2.964892,"50":0.786604,"51":2.221508,"52":0.501352,"53":3.120484,"54":32.950928,"55":0.077796,"56":0.051864,"57":0.008644},"opera":{"9":null,"9.5-9.6":null,"10.0-10.1":0,"10.5":null,"10.6":0.008644,"11":null,"11.1":null,"11.5":null,"11.6":0.017288,"12":0.025932,"12.1":0.319828,"15":0.008644,"16":null,"17":null,"18":null,"19":null,"20":null,"21":null,"22":null,"23":null,"24":null,"25":null,"26":null,"27":0.017288,"28":0.04322,"29":null,"30":null,"31":null,"32":null,"33":null,"34":null,"35":0.008644,"36":0.12966,"37":0.04322,"38":0.38898,"39":0.017288,"40":0.414912,"41":2.601844,"42":0.017288,"43":null},"safari":{"3.1":null,"3.2":null,"4":0.017288,"5":0.017288,"5.1":0.04322,"6":0.008644,"6.1":0.017288,"7":0.017288,"7.1":null,"8":0.069152,"9":0.12966,"9.1":0.414912,"10":1.42626,"0":null},"ios_saf":{"3.2":0,"4.0-4.1":0,"4.2-4.3":0,"5.0-5.1":0,"6.0-6.1":0,"7.0-7.1":0.0526826316776,"8":0,"8.1-8.4":0.0680483992502,"9.0-9.2":0.052438730605,"9.3":0.343412710195,"10-10.1":1.82559952827},"android":{"2.1":0,"2.2":0,"2.3":0.00263625254429,"3":0,"4":0.0228475220505,"4.1":0.072496944968,"4.2-4.3":0.206945824727,"4.4":0.487706720694,"4.4.3-4.4.4":0.373029735017,"53":null},"op_mob":{"10":0,"11":0,"11.1":0,"11.5":0,"12":0,"12.1":0.00084484029484,"0":0.0304142506143},"ie":{"5.5":null,"6":0.00887707385698,"7":0.00887707385698,"8":0.488239062134,"9":0.239680994138,"10":0.239680994138,"11":6.58678880188},"edge":{"12":0.103728,"13":0.587792,"14":2.212864},"bb":{"7":0.018998,"10":null},"ie_mob":{"10":0.067589456,"11":0.316441544},"and_ff":{"0":0.020355},"samsung":{"0":0.902405},"and_uc":{"0":0.092276},"op_mini":{"0":0.409765909091},"and_chr":{"0":8.376227}},"total":93.518638}