{"id":"DE","name":"Germany","month":"2016-11","access_date":"2016-12-03","data":{"firefox":{"2":0.006461,"3":0.012922,"3.5":0.006461,"3.6":0.038766,"4":null,"5":null,"6":null,"7":null,"8":null,"9":0.006461,"10":0.025844,"11":0.006461,"12":0.038766,"13":0.006461,"14":null,"15":0.006461,"16":0.019383,"17":0.006461,"18":0.006461,"19":null,"20":0.012922,"21":0.012922,"22":0.012922,"23":0.006461,"24":0.032305,"25":0.006461,"26":0.019383,"27":0.012922,"28":0.025844,"29":0.019383,"30":0.025844,"31":0.045227,"32":0.019383,"33":0.038766,"34":0.051688,"35":0.051688,"36":0.045227,"37":0.045227,"38":0.633178,"39":0.116298,"40":0.116298,"41":0.122759,"42":0.264901,"43":0.232596,"44":0.109837,"45":0.814086,"46":0.303667,"47":0.982072,"48":0.77532,"49":11.797786,"50":6.454539,"51":0.083993,"52":0.006461,"53":null},"chrome":{"4":null,"5":null,"6":null,"7":null,"8":null,"9":null,"10":null,"11":0.025844,"12":null,"13":null,"14":null,"15":null,"16":null,"17":null,"18":0.012922,"19":null,"20":null,"21":0.006461,"22":0.038766,"23":null,"24":0.006461,"25":null,"26":0.019383,"27":null,"28":0.006461,"29":0.019383,"30":null,"31":0.019383,"32":0.006461,"33":0.019383,"34":0.025844,"35":0.019383,"36":0.012922,"37":0.187369,"38":0.032305,"39":0.045227,"40":0.038766,"41":0.06461,"42":0.051688,"43":0.187369,"44":0.038766,"45":0.058149,"46":0.045227,"47":0.051688,"48":0.12922,"49":0.865774,"50":0.161525,"51":0.788242,"52":0.284284,"53":1.014377,"54":17.470544,"55":0.083993,"56":0.032305,"57":null},"opera":{"9":null,"9.5-9.6":null,"10.0-10.1":0,"10.5":null,"10.6":null,"11":null,"11.1":null,"11.5":null,"11.6":0.006461,"12":0.025844,"12.1":0.232596,"15":null,"16":null,"17":null,"18":null,"19":null,"20":null,"21":null,"22":null,"23":null,"24":null,"25":null,"26":null,"27":null,"28":0.012922,"29":null,"30":null,"31":null,"32":null,"33":0.006461,"34":null,"35":null,"36":0.058149,"37":0.032305,"38":0.096915,"39":0.012922,"40":0.077532,"41":1.318044,"42":0.012922,"43":null},"safari":{"3.1":null,"3.2":null,"4":0.019383,"5":0.058149,"5.1":0.142142,"6":0.012922,"6.1":0.083993,"7":0.038766,"7.1":0.012922,"8":0.180908,"9":0.232596,"9.1":0.949767,"10":2.416414,"0":null},"ios_saf":{"3.2":0,"4.0-4.1":0,"4.2-4.3":0,"5.0-5.1":0,"6.0-6.1":0,"7.0-7.1":0.231723238988,"8":0,"8.1-8.4":0.299309183693,"9.0-9.2":0.230650446215,"9.3":1.51049222451,"10-10.1":8.02985390659},"android":{"2.1":0,"2.2":0,"2.3":0.00404990727478,"3":0,"4":0.0350991963815,"4.1":0.111372450057,"4.2-4.3":0.31791772107,"4.4":0.749232845835,"4.4.3-4.4.4":0.573061879382,"53":null},"op_mob":{"10":0,"11":0,"11.1":0,"11.5":0,"12":0,"12.1":0.000630485237163,"0":0.0226974685379},"ie":{"5.5":null,"6":0.0325776160338,"7":0.0195465696203,"8":0.293198544304,"9":0.254105405063,"10":0.22152778903,"11":6.89993907595},"edge":{"12":0.090454,"13":0.445809,"14":2.448719},"bb":{"7":0.014156,"10":null},"ie_mob":{"10":0.097789648,"11":0.457833352},"and_ff":{"0":0.081397},"samsung":{"0":5.782726},"and_uc":{"0":0.364517},"op_mini":{"0":0.305799046225},"and_chr":{"0":16.240692}},"total":97.564133}