{"id":"DJ","name":"Djibouti","month":"2016-11","access_date":"2016-12-03","data":{"firefox":{"2":null,"3":0.016638,"3.5":0.005546,"3.6":0.005546,"4":0.008319,"5":null,"6":null,"7":null,"8":null,"9":0.011092,"10":0.005546,"11":0.005546,"12":0.013865,"13":0.002773,"14":null,"15":0.005546,"16":null,"17":null,"18":0.02773,"19":null,"20":0.005546,"21":null,"22":0.002773,"23":0.005546,"24":0.002773,"25":0.002773,"26":0.005546,"27":null,"28":0.002773,"29":0.019411,"30":0.038822,"31":0.013865,"32":0.049914,"33":0.044368,"34":0.049914,"35":0.005546,"36":0.041595,"37":0.013865,"38":0.063779,"39":0.024957,"40":0.033276,"41":0.024957,"42":0.011092,"43":0.105374,"44":0.069325,"45":0.033276,"46":0.024957,"47":0.144196,"48":0.094282,"49":2.315455,"50":1.281126,"51":0.105374,"52":null,"53":null},"chrome":{"4":null,"5":null,"6":null,"7":0.002773,"8":null,"9":0.011092,"10":0.022184,"11":0.02773,"12":null,"13":null,"14":null,"15":0.011092,"16":0.008319,"17":null,"18":0.005546,"19":null,"20":0.013865,"21":0.033276,"22":null,"23":0.011092,"24":null,"25":0.05546,"26":0.008319,"27":0.005546,"28":0.005546,"29":null,"30":0.024957,"31":0.044368,"32":0.002773,"33":0.024957,"34":null,"35":null,"36":0.044368,"37":0.008319,"38":0.036049,"39":0.013865,"40":0.033276,"41":0.024957,"42":0.008319,"43":0.280073,"44":0.160834,"45":0.210748,"46":0.019411,"47":0.038822,"48":0.019411,"49":0.923409,"50":0.069325,"51":0.504686,"52":0.196883,"53":0.41595,"54":15.27923,"55":0.052687,"56":0.063779,"57":null},"opera":{"9":null,"9.5-9.6":null,"10.0-10.1":0,"10.5":null,"10.6":null,"11":null,"11.1":null,"11.5":null,"11.6":0.005546,"12":null,"12.1":0.002773,"15":null,"16":null,"17":null,"18":null,"19":null,"20":null,"21":null,"22":null,"23":null,"24":null,"25":null,"26":null,"27":null,"28":0.002773,"29":null,"30":null,"31":0.005546,"32":null,"33":null,"34":null,"35":null,"36":0.008319,"37":0.038822,"38":null,"39":null,"40":0.474183,"41":0.271754,"42":0.008319,"43":null},"safari":{"3.1":null,"3.2":null,"4":0,"5":null,"5.1":0.008319,"6":null,"6.1":0.02773,"7":0.008319,"7.1":0.013865,"8":0.013865,"9":0.036049,"9.1":0.116466,"10":0.327214,"0":null},"ios_saf":{"3.2":0,"4.0-4.1":0,"4.2-4.3":0,"5.0-5.1":0,"6.0-6.1":0,"7.0-7.1":0.0396693233365,"8":0,"8.1-8.4":0.0512395426429,"9.0-9.2":0.0394856690618,"9.3":0.258585218786,"10-10.1":1.37465224617},"android":{"2.1":0,"2.2":0,"2.3":0.0217412137203,"3":0,"4":0.188423852243,"4.1":0.597883377309,"4.2-4.3":1.70668527704,"4.4":4.02212453826,"4.4.3-4.4.4":3.07638174142,"53":null},"op_mob":{"10":0,"11":0,"11.1":0,"11.5":0,"12":0,"12.1":0.0293815656519,"0":1.05773636347},"ie":{"5.5":null,"6":0.00834479534884,"7":0.00278159844961,"8":0.175240702326,"9":0.0584135674419,"10":0.0751031581395,"11":1.46590238295},"edge":{"12":0.058233,"13":0.130331,"14":0.316122},"bb":{"7":0.007228,"10":null},"ie_mob":{"10":0.122124288,"11":0.571763712},"and_ff":{"0":0.014456},"samsung":{"0":2.775552},"and_uc":{"0":16.964116},"op_mini":{"0":14.2506980709},"and_chr":{"0":24.856955}},"total":99.1551162047}