{"id":"DK","name":"Denmark","month":"2016-11","access_date":"2016-12-03","data":{"firefox":{"2":null,"3":null,"3.5":null,"3.6":null,"4":null,"5":null,"6":0.006238,"7":null,"8":null,"9":null,"10":null,"11":null,"12":null,"13":null,"14":null,"15":null,"16":null,"17":null,"18":null,"19":null,"20":null,"21":0.012476,"22":null,"23":null,"24":null,"25":null,"26":null,"27":null,"28":null,"29":0.006238,"30":null,"31":null,"32":null,"33":0.018714,"34":null,"35":0.018714,"36":0.012476,"37":0.018714,"38":0.03119,"39":0.012476,"40":0.018714,"41":0.012476,"42":0.012476,"43":0.068618,"44":0.024952,"45":0.474088,"46":0.049904,"47":0.224568,"48":0.212092,"49":3.268712,"50":1.883876,"51":0.018714,"52":null,"53":null},"chrome":{"4":null,"5":null,"6":null,"7":null,"8":null,"9":null,"10":null,"11":null,"12":null,"13":null,"14":null,"15":null,"16":null,"17":null,"18":null,"19":null,"20":null,"21":null,"22":0.018714,"23":null,"24":null,"25":null,"26":0.006238,"27":0.006238,"28":null,"29":0.006238,"30":null,"31":0.024952,"32":0.012476,"33":0.012476,"34":0.03119,"35":0.024952,"36":0.012476,"37":0.012476,"38":0.037428,"39":0.037428,"40":0.024952,"41":0.081094,"42":0.043666,"43":0.099808,"44":0.06238,"45":0.043666,"46":0.049904,"47":0.056142,"48":0.099808,"49":0.9357,"50":0.09357,"51":0.511516,"52":0.349328,"53":1.241362,"54":29.936162,"55":0.087332,"56":0.024952,"57":null},"opera":{"9":null,"9.5-9.6":null,"10.0-10.1":0,"10.5":null,"10.6":null,"11":null,"11.1":null,"11.5":null,"11.6":null,"12":null,"12.1":0.024952,"15":null,"16":null,"17":null,"18":null,"19":null,"20":null,"21":null,"22":null,"23":null,"24":null,"25":null,"26":null,"27":null,"28":0.024952,"29":null,"30":null,"31":null,"32":null,"33":0.024952,"34":null,"35":null,"36":0.006238,"37":0.006238,"38":0.043666,"39":null,"40":0.006238,"41":0.324376,"42":null,"43":null},"safari":{"3.1":null,"3.2":null,"4":0.006238,"5":0.024952,"5.1":0.074856,"6":0.006238,"6.1":0.081094,"7":0.037428,"7.1":0.018714,"8":0.368042,"9":0.461612,"9.1":2.1833,"10":4.940496,"0":null},"ios_saf":{"3.2":0,"4.0-4.1":0,"4.2-4.3":0,"5.0-5.1":0,"6.0-6.1":0,"7.0-7.1":0.380783505155,"8":0,"8.1-8.4":0.491845360825,"9.0-9.2":0.379020618557,"9.3":2.4821443299,"10-10.1":13.1952061856},"android":{"2.1":0,"2.2":0,"2.3":0.00249287448172,"3":0,"4":0.0216049121749,"4.1":0.0685540482473,"4.2-4.3":0.195690646815,"4.4":0.461181779118,"4.4.3-4.4.4":0.352741739163,"53":null},"op_mob":{"10":0,"11":0,"11.1":0,"11.5":0,"12":0,"12.1":0.000482841960605,"0":0.0173823105818},"ie":{"5.5":null,"6":0.0125419607251,"7":0.0125419607251,"8":0.156774509063,"9":0.244568234139,"10":0.269652155589,"11":7.60669917976},"edge":{"12":0.074856,"13":0.486564,"14":3.418424},"bb":{"7":0.0047025,"10":null},"ie_mob":{"10":0.074156544,"11":0.347187456},"and_ff":{"0":0.03762},"samsung":{"0":3.205224},"and_uc":{"0":1.290366},"op_mini":{"0":0.234188847458},"and_chr":{"0":14.322164}},"total":98.9029945}