{"id":"DM","name":"Dominica","month":"2016-11","access_date":"2016-12-03","data":{"firefox":{"2":null,"3":null,"3.5":null,"3.6":null,"4":null,"5":null,"6":null,"7":null,"8":null,"9":null,"10":null,"11":null,"12":null,"13":null,"14":null,"15":null,"16":null,"17":0.011864,"18":null,"19":null,"20":null,"21":null,"22":null,"23":null,"24":0.011864,"25":null,"26":null,"27":0.005932,"28":null,"29":null,"30":0.017796,"31":0.005932,"32":null,"33":null,"34":null,"35":null,"36":0.005932,"37":0.02966,"38":0.005932,"39":0.017796,"40":null,"41":0.011864,"42":null,"43":0.023728,"44":0.017796,"45":0.02966,"46":0.02966,"47":0.106776,"48":0.189824,"49":3.82614,"50":1.89824,"51":0.071184,"52":null,"53":null},"chrome":{"4":null,"5":null,"6":null,"7":null,"8":null,"9":null,"10":null,"11":0.011864,"12":null,"13":null,"14":null,"15":null,"16":null,"17":null,"18":0.017796,"19":null,"20":null,"21":null,"22":0.071184,"23":null,"24":null,"25":null,"26":null,"27":null,"28":0.005932,"29":null,"30":0.053388,"31":0.023728,"32":0.017796,"33":0.011864,"34":0.041524,"35":0.011864,"36":0.094912,"37":0.011864,"38":0.005932,"39":0.047456,"40":0.023728,"41":0.02966,"42":null,"43":0.035592,"44":0.005932,"45":0.243212,"46":0.011864,"47":0.035592,"48":0.106776,"49":1.049964,"50":0.112708,"51":0.314396,"52":0.569472,"53":0.91946,"54":33.836128,"55":0.112708,"56":0.183892,"57":0.005932},"opera":{"9":null,"9.5-9.6":null,"10.0-10.1":0,"10.5":null,"10.6":null,"11":null,"11.1":null,"11.5":null,"11.6":null,"12":null,"12.1":0.017796,"15":null,"16":null,"17":null,"18":null,"19":null,"20":null,"21":null,"22":null,"23":null,"24":null,"25":null,"26":null,"27":null,"28":null,"29":0.023728,"30":null,"31":null,"32":null,"33":null,"34":null,"35":null,"36":0.130504,"37":0.154232,"38":null,"39":null,"40":null,"41":0.433036,"42":null,"43":null},"safari":{"3.1":null,"3.2":null,"4":0,"5":0.017796,"5.1":0.047456,"6":null,"6.1":0.005932,"7":0.011864,"7.1":0.035592,"8":0.160164,"9":0.278804,"9.1":0.729636,"10":1.441476,"0":null},"ios_saf":{"3.2":0,"4.0-4.1":0,"4.2-4.3":0,"5.0-5.1":0,"6.0-6.1":0,"7.0-7.1":0.0956189690722,"8":0,"8.1-8.4":0.123507835052,"9.0-9.2":0.0951762886598,"9.3":0.623294020619,"10-10.1":3.3134628866},"android":{"2.1":0,"2.2":0,"2.3":0.0158702600829,"3":0,"4":0.137542254052,"4.1":0.43643215228,"4.2-4.3":1.24581541651,"4.4":2.93599811534,"4.4.3-4.4.4":2.24564180173,"53":null},"op_mob":{"10":0,"11":0,"11.1":0,"11.5":0,"12":0,"12.1":0.00103643959522,"0":0.0373118254279},"ie":{"5.5":null,"6":null,"7":null,"8":0.156865943074,"9":0.0904995825427,"10":0.114632804554,"11":2.81152036433},"edge":{"12":0.320328,"13":0.605064,"14":2.206704},"bb":{"7":0.161703,"10":null},"ie_mob":{"10":0.127442304,"11":0.596661696},"and_ff":{"0":0.016272},"samsung":{"0":4.080204},"and_uc":{"0":0.597996},"op_mini":{"0":0.502695734977},"and_chr":{"0":26.862836}},"total":98.3878496945}