{"id":"DO","name":"Dominican Republic","month":"2016-11","access_date":"2016-12-03","data":{"firefox":{"2":null,"3":0.022608,"3.5":null,"3.6":0.016956,"4":null,"5":null,"6":null,"7":null,"8":null,"9":null,"10":null,"11":null,"12":null,"13":null,"14":null,"15":null,"16":null,"17":null,"18":null,"19":null,"20":null,"21":0.005652,"22":null,"23":null,"24":null,"25":null,"26":null,"27":null,"28":null,"29":null,"30":null,"31":0.005652,"32":null,"33":0.005652,"34":null,"35":0.005652,"36":null,"37":0.011304,"38":0.039564,"39":0.016956,"40":0.011304,"41":0.011304,"42":0.016956,"43":0.101736,"44":0.039564,"45":0.107388,"46":0.08478,"47":0.457812,"48":0.259992,"49":1.961244,"50":1.18692,"51":0.022608,"52":null,"53":null},"chrome":{"4":null,"5":null,"6":null,"7":null,"8":null,"9":null,"10":null,"11":0.033912,"12":null,"13":null,"14":null,"15":null,"16":null,"17":0.011304,"18":0.016956,"19":null,"20":null,"21":0.005652,"22":0.02826,"23":0.005652,"24":0.005652,"25":0.011304,"26":0.011304,"27":0.011304,"28":0.011304,"29":0.045216,"30":0.005652,"31":0.033912,"32":0.011304,"33":0.011304,"34":0.02826,"35":0.016956,"36":0.022608,"37":0.022608,"38":0.045216,"39":0.073476,"40":0.033912,"41":0.02826,"42":0.073476,"43":0.220428,"44":0.079128,"45":0.050868,"46":0.073476,"47":0.101736,"48":0.11304,"49":2.944692,"50":0.305208,"51":1.175616,"52":0.531288,"53":1.000404,"54":34.42068,"55":0.129996,"56":0.033912,"57":null},"opera":{"9":null,"9.5-9.6":null,"10.0-10.1":0,"10.5":null,"10.6":null,"11":null,"11.1":null,"11.5":null,"11.6":null,"12":null,"12.1":0.011304,"15":null,"16":null,"17":null,"18":null,"19":null,"20":null,"21":null,"22":null,"23":null,"24":null,"25":null,"26":null,"27":null,"28":0.011304,"29":0.005652,"30":null,"31":null,"32":null,"33":null,"34":0.005652,"35":null,"36":0.022608,"37":0.02826,"38":0.16956,"39":0.011304,"40":0.022608,"41":0.491724,"42":null,"43":null},"safari":{"3.1":null,"3.2":null,"4":0.02826,"5":0.033912,"5.1":0.050868,"6":0.005652,"6.1":0.02826,"7":0.016956,"7.1":0.005652,"8":0.16956,"9":0.203472,"9.1":0.638676,"10":1.333872,"0":null},"ios_saf":{"3.2":0,"4.0-4.1":0,"4.2-4.3":0,"5.0-5.1":0,"6.0-6.1":0,"7.0-7.1":0.130464449859,"8":0,"8.1-8.4":0.168516581068,"9.0-9.2":0.129860447777,"9.3":0.850434932417,"10-10.1":4.52095558888},"android":{"2.1":0,"2.2":0,"2.3":0.0109740701093,"3":0,"4":0.095108607614,"4.1":0.301786928006,"4.2-4.3":0.861464503581,"4.4":2.03020297022,"4.4.3-4.4.4":1.55283092047,"53":null},"op_mob":{"10":0,"11":0,"11.1":0,"11.5":0,"12":0,"12.1":0.00130767734144,"0":0.0470763842918},"ie":{"5.5":null,"6":0.0261335049505,"7":0.00653337623762,"8":0.614137366337,"9":0.209068039604,"10":0.235201544554,"11":1.54841016832},"edge":{"12":0.062172,"13":0.209124,"14":0.627372},"bb":{"7":0.067394,"10":null},"ie_mob":{"10":0.09182976,"11":0.42993024},"and_ff":{"0":0.017392},"samsung":{"0":2.169652},"and_uc":{"0":0.226096},"op_mini":{"0":0.634251938367},"and_chr":{"0":31.062384}},"total":98.410022}