{"id":"DZ","name":"Algeria","month":"2016-11","access_date":"2016-12-03","data":{"firefox":{"2":0.01273,"3":0.07638,"3.5":0.02546,"3.6":0.1273,"4":0.031825,"5":0.006365,"6":0.006365,"7":0.006365,"8":0.01273,"9":0.006365,"10":0.01273,"11":0.02546,"12":0.05092,"13":0.01273,"14":0.02546,"15":0.031825,"16":0.02546,"17":0.02546,"18":0.019095,"19":0.02546,"20":0.02546,"21":0.02546,"22":0.019095,"23":0.02546,"24":0.02546,"25":0.02546,"26":0.03819,"27":0.02546,"28":0.02546,"29":0.070015,"30":0.07638,"31":0.05092,"32":0.06365,"33":0.082745,"34":0.070015,"35":0.082745,"36":0.082745,"37":0.070015,"38":0.133665,"39":0.07638,"40":0.10184,"41":0.11457,"42":0.095475,"43":0.54739,"44":0.19095,"45":0.197315,"46":0.19095,"47":1.012035,"48":0.413725,"49":4.487325,"50":2.603285,"51":0.120935,"52":0.006365,"53":null},"chrome":{"4":0.02546,"5":0.019095,"6":0.019095,"7":0.01273,"8":0.14003,"9":null,"10":0.02546,"11":0.070015,"12":0.031825,"13":0.01273,"14":0.02546,"15":0.057285,"16":0.044555,"17":0.031825,"18":0.11457,"19":0.02546,"20":0.044555,"21":0.02546,"22":0.05092,"23":0.02546,"24":0.019095,"25":0.082745,"26":0.07638,"27":0.03819,"28":0.06365,"29":0.095475,"30":0.08911,"31":0.15276,"32":0.070015,"33":0.2546,"34":0.082745,"35":0.03819,"36":0.05092,"37":0.057285,"38":0.095475,"39":0.133665,"40":0.20368,"41":0.06365,"42":0.07638,"43":2.52054,"44":0.1273,"45":0.146395,"46":0.14003,"47":0.17822,"48":0.235505,"49":3.819,"50":0.30552,"51":1.43849,"52":0.47101,"53":0.833815,"54":28.063285,"55":0.20368,"56":0.120935,"57":0.006365},"opera":{"9":null,"9.5-9.6":null,"10.0-10.1":0,"10.5":null,"10.6":null,"11":null,"11.1":null,"11.5":null,"11.6":0.01273,"12":null,"12.1":0.07638,"15":null,"16":null,"17":0.006365,"18":0.006365,"19":null,"20":null,"21":null,"22":null,"23":null,"24":null,"25":null,"26":null,"27":null,"28":null,"29":null,"30":0.01273,"31":null,"32":null,"33":0.006365,"34":0.01273,"35":0.01273,"36":0.14003,"37":0.03819,"38":0.120935,"39":0.057285,"40":0.070015,"41":1.393935,"42":0.01273,"43":0.006365},"safari":{"3.1":null,"3.2":null,"4":0.019095,"5":0.006365,"5.1":0.02546,"6":0.01273,"6.1":null,"7":0.02546,"7.1":null,"8":0.044555,"9":0.02546,"9.1":0.06365,"10":0.146395,"0":null},"ios_saf":{"3.2":0,"4.0-4.1":0,"4.2-4.3":0,"5.0-5.1":0,"6.0-6.1":0,"7.0-7.1":0.0304154451734,"8":0,"8.1-8.4":0.0392866166823,"9.0-9.2":0.0302746329272,"9.3":0.198263642612,"10-10.1":1.05397966261},"android":{"2.1":0,"2.2":0,"2.3":0.0131369694685,"3":0,"4":0.113853735394,"4.1":0.361266660384,"4.2-4.3":1.03125210328,"4.4":2.43033935168,"4.4.3-4.4.4":1.8588811798,"53":null},"op_mob":{"10":0,"11":0,"11.1":0,"11.5":0,"12":0,"12.1":0.0036418119352,"0":0.131105229667},"ie":{"5.5":null,"6":0.0283069648562,"7":0.0495371884984,"8":0.672290415335,"9":0.205225495208,"10":0.19107201278,"11":1.06858792332},"edge":{"12":0.044555,"13":0.095475,"14":0.171855},"bb":{"7":0.0090875,"10":null},"ie_mob":{"10":0.07613144,"11":0.35643356},"and_ff":{"0":0.02181},"samsung":{"0":1.77388},"and_uc":{"0":1.544875},"op_mini":{"0":1.7663579584},"and_chr":{"0":27.10045}},"total":97.7261925}