{"id":"EC","name":"Ecuador","month":"2016-11","access_date":"2016-12-03","data":{"firefox":{"2":null,"3":0.006792,"3.5":null,"3.6":0.013584,"4":null,"5":null,"6":null,"7":null,"8":null,"9":null,"10":null,"11":0.013584,"12":0.006792,"13":0.006792,"14":0.013584,"15":null,"16":0.013584,"17":0.013584,"18":null,"19":null,"20":0.006792,"21":0.054336,"22":0.013584,"23":0.03396,"24":0.013584,"25":0.020376,"26":0.006792,"27":0.013584,"28":0.020376,"29":0.03396,"30":0.020376,"31":0.040752,"32":0.020376,"33":0.047544,"34":0.03396,"35":0.047544,"36":0.040752,"37":0.10188,"38":0.081504,"39":0.06792,"40":0.06792,"41":0.081504,"42":0.061128,"43":0.298848,"44":0.10188,"45":0.163008,"46":0.122256,"47":0.658824,"48":0.604488,"49":5.542272,"50":3.491088,"51":0.047544,"52":null,"53":null},"chrome":{"4":null,"5":null,"6":null,"7":null,"8":null,"9":null,"10":null,"11":0.020376,"12":null,"13":null,"14":null,"15":null,"16":null,"17":null,"18":0.020376,"19":null,"20":null,"21":0.006792,"22":0.149424,"23":0.013584,"24":null,"25":0.006792,"26":0.054336,"27":0.027168,"28":0.013584,"29":0.03396,"30":0.013584,"31":0.03396,"32":0.027168,"33":0.020376,"34":0.040752,"35":0.03396,"36":0.040752,"37":0.03396,"38":0.054336,"39":0.06792,"40":0.03396,"41":0.10188,"42":0.03396,"43":0.163008,"44":0.088296,"45":0.088296,"46":0.081504,"47":0.13584,"48":0.10188,"49":1.922136,"50":0.183384,"51":0.502608,"52":0.489024,"53":1.05276,"54":42.2802,"55":0.20376,"56":0.054336,"57":null},"opera":{"9":null,"9.5-9.6":null,"10.0-10.1":0,"10.5":null,"10.6":null,"11":null,"11.1":null,"11.5":null,"11.6":null,"12":0.006792,"12.1":0.013584,"15":null,"16":null,"17":null,"18":null,"19":null,"20":null,"21":null,"22":null,"23":null,"24":null,"25":null,"26":null,"27":null,"28":0.06792,"29":null,"30":null,"31":null,"32":null,"33":null,"34":null,"35":null,"36":0.020376,"37":0.013584,"38":0.020376,"39":0.013584,"40":0.020376,"41":0.584112,"42":null,"43":null},"safari":{"3.1":null,"3.2":null,"4":0.006792,"5":0.020376,"5.1":0.054336,"6":0.013584,"6.1":0.027168,"7":0.047544,"7.1":0.006792,"8":0.244512,"9":0.176592,"9.1":0.685992,"10":1.276896,"0":null},"ios_saf":{"3.2":0,"4.0-4.1":0,"4.2-4.3":0,"5.0-5.1":0,"6.0-6.1":0,"7.0-7.1":0.0598720149953,"8":0,"8.1-8.4":0.0773346860356,"9.0-9.2":0.0595948297407,"9.3":0.390276838488,"10-10.1":2.07473163074},"android":{"2.1":0,"2.2":0,"2.3":0.0072674270637,"3":0,"4":0.0629843678854,"4.1":0.199854244252,"4.2-4.3":0.570493024501,"4.4":1.34447400678,"4.4.3-4.4.4":1.02834092951,"53":null},"op_mob":{"10":0,"11":0,"11.1":0,"11.5":0,"12":0,"12.1":0.00320072302503,"0":0.115226028901},"ie":{"5.5":null,"6":null,"7":null,"8":0.198484660194,"9":0.0992423300971,"10":0.141774757282,"11":1.02077825243},"edge":{"12":0.061128,"13":0.163008,"14":0.529776},"bb":{"7":0.067347,"10":null},"ie_mob":{"10":0.204324384,"11":0.956609616},"and_ff":{"0":0.019242},"samsung":{"0":3.30321},"and_uc":{"0":0.330321},"op_mini":{"0":1.55242024807},"and_chr":{"0":20.217414}},"total":98.459019}