{"id":"EE","name":"Estonia","month":"2016-11","access_date":"2016-12-03","data":{"firefox":{"2":0.024405,"3":0.06508,"3.5":0.122025,"3.6":0.300995,"4":0.01627,"5":0.008135,"6":null,"7":null,"8":0.008135,"9":0.008135,"10":null,"11":null,"12":0.01627,"13":0.01627,"14":0.008135,"15":0.105755,"16":0.21151,"17":0.03254,"18":0.008135,"19":0.01627,"20":0.008135,"21":0.024405,"22":null,"23":0.008135,"24":0.024405,"25":null,"26":null,"27":null,"28":0.01627,"29":0.08135,"30":0.008135,"31":0.03254,"32":0.008135,"33":0.03254,"34":0.024405,"35":0.024405,"36":0.01627,"37":0.024405,"38":0.154565,"39":0.03254,"40":0.024405,"41":0.09762,"42":0.089485,"43":0.626395,"44":0.04881,"45":0.707745,"46":0.105755,"47":0.724015,"48":0.366075,"49":7.12626,"50":4.24647,"51":0.04881,"52":null,"53":null},"chrome":{"4":0.024405,"5":0.024405,"6":null,"7":0.01627,"8":null,"9":0.008135,"10":0.008135,"11":0.008135,"12":0.024405,"13":0.024405,"14":0.01627,"15":0.01627,"16":0.008135,"17":0.008135,"18":0.056945,"19":0.024405,"20":0.040675,"21":0.056945,"22":0.04881,"23":0.01627,"24":0.008135,"25":0.008135,"26":0.056945,"27":0.04881,"28":0.01627,"29":null,"30":null,"31":0.024405,"32":0.008135,"33":0.024405,"34":0.024405,"35":0.040675,"36":0.024405,"37":0.024405,"38":0.04881,"39":0.122025,"40":0.04881,"41":0.073215,"42":0.040675,"43":0.13016,"44":0.089485,"45":0.04881,"46":0.040675,"47":0.06508,"48":0.08135,"49":1.54565,"50":0.17897,"51":0.707745,"52":0.219645,"53":1.179575,"54":40.82143,"55":0.154565,"56":0.105755,"57":null},"opera":{"9":null,"9.5-9.6":null,"10.0-10.1":0.056945,"10.5":0.01627,"10.6":0.01627,"11":0.01627,"11.1":0.03254,"11.5":0.024405,"11.6":0.08135,"12":0.11389,"12.1":0.398615,"15":null,"16":null,"17":null,"18":null,"19":null,"20":null,"21":null,"22":null,"23":null,"24":null,"25":0.008135,"26":null,"27":0.06508,"28":null,"29":null,"30":0.03254,"31":null,"32":null,"33":null,"34":null,"35":null,"36":0.122025,"37":0.01627,"38":0.08135,"39":0.01627,"40":0.024405,"41":1.20398,"42":0.024405,"43":null},"safari":{"3.1":0.008135,"3.2":null,"4":0.06508,"5":0.105755,"5.1":0.08135,"6":0.01627,"6.1":0.08135,"7":0.024405,"7.1":0.01627,"8":0.1627,"9":0.21151,"9.1":1.07382,"10":3.001815,"0":null},"ios_saf":{"3.2":0,"4.0-4.1":0,"4.2-4.3":0,"5.0-5.1":0,"6.0-6.1":0,"7.0-7.1":0.107600187441,"8":0,"8.1-8.4":0.138983575445,"9.0-9.2":0.107102038425,"9.3":0.701393814433,"10-10.1":3.72864538425},"android":{"2.1":0,"2.2":0,"2.3":0.00173776102525,"3":0,"4":0.0150605955522,"4.1":0.0477884281945,"4.2-4.3":0.136414240482,"4.4":0.321485789672,"4.4.3-4.4.4":0.245893185074,"53":null},"op_mob":{"10":0,"11":0,"11.1":0,"11.5":0,"12":0,"12.1":0.000342974222296,"0":0.0123470720027},"ie":{"5.5":null,"6":null,"7":0.0163258466819,"8":0.220398930206,"9":0.163258466819,"10":0.179584313501,"11":6.55482744279},"edge":{"12":0.040675,"13":0.34167,"14":1.52938},"bb":{"7":0.001865,"10":null},"ie_mob":{"10":0.04496888,"11":0.21053612},"and_ff":{"0":0.02984},"samsung":{"0":1.98809},"and_uc":{"0":0.042895},"op_mini":{"0":0.166349953775},"and_chr":{"0":10.75853}},"total":97.19673}