{"id":"EG","name":"Egypt","month":"2016-11","access_date":"2016-12-03","data":{"firefox":{"2":0.730997,"3":0.058221,"3.5":0.012938,"3.6":0.148787,"4":0.058221,"5":0.058221,"6":0.006469,"7":0.025876,"8":0.051752,"9":0.051752,"10":0.038814,"11":0.084097,"12":0.077628,"13":0.090566,"14":0.038814,"15":0.815094,"16":0.084097,"17":0.058221,"18":0.782749,"19":0.077628,"20":0.084097,"21":0.815094,"22":0.084097,"23":0.802156,"24":0.109973,"25":1.559029,"26":0.187601,"27":0.181132,"28":0.219946,"29":0.232884,"30":0.232884,"31":0.284636,"32":0.155256,"33":0.051752,"34":0.071159,"35":0.109973,"36":0.148787,"37":0.174663,"38":0.213477,"39":0.187601,"40":0.200539,"41":0.103504,"42":0.032345,"43":0.25876,"44":0.142318,"45":0.097035,"46":0.103504,"47":0.523989,"48":0.310512,"49":3.370349,"50":1.817789,"51":0.12938,"52":null,"53":null},"chrome":{"4":0.045283,"5":0.051752,"6":0.019407,"7":null,"8":null,"9":0.051752,"10":0.006469,"11":0.122911,"12":0.058221,"13":null,"14":null,"15":0.006469,"16":0.071159,"17":0.097035,"18":0.019407,"19":0.750404,"20":0.12938,"21":0.058221,"22":0.038814,"23":0.084097,"24":2.167115,"25":0.122911,"26":0.200539,"27":0.109973,"28":0.168194,"29":0.155256,"30":0.866846,"31":0.329919,"32":0.414016,"33":0.866846,"34":0.485175,"35":1.753099,"36":0.355795,"37":0.426954,"38":0.239353,"39":0.304043,"40":0.304043,"41":0.511051,"42":0.569272,"43":3.338004,"44":1.254986,"45":0.608086,"46":0.265229,"47":0.12938,"48":0.142318,"49":1.707816,"50":0.090566,"51":0.472237,"52":0.304043,"53":0.536927,"54":14.076544,"55":0.051752,"56":0.058221,"57":null},"opera":{"9":null,"9.5-9.6":null,"10.0-10.1":0.730997,"10.5":null,"10.6":null,"11":0.025876,"11.1":null,"11.5":null,"11.6":0.051752,"12":0.012938,"12.1":0.051752,"15":0.025876,"16":null,"17":0.025876,"18":0.032345,"19":0.071159,"20":0.097035,"21":0.097035,"22":0.077628,"23":0.071159,"24":null,"25":null,"26":null,"27":null,"28":0.051752,"29":0.051752,"30":0.077628,"31":0.045283,"32":null,"33":null,"34":null,"35":null,"36":0.06469,"37":0.012938,"38":0.038814,"39":0.006469,"40":0.012938,"41":0.543396,"42":0.006469,"43":null},"safari":{"3.1":null,"3.2":null,"4":0,"5":0.71159,"5.1":0.012938,"6":0.025876,"6.1":null,"7":0.038814,"7.1":null,"8":0.071159,"9":0.038814,"9.1":0.084097,"10":0.161725,"0":null},"ios_saf":{"3.2":0,"4.0-4.1":0,"4.2-4.3":0,"5.0-5.1":0,"6.0-6.1":0,"7.0-7.1":0.057978556701,"8":0,"8.1-8.4":0.0748889690722,"9.0-9.2":0.057710137457,"9.3":0.377934295533,"10-10.1":2.00911804124},"android":{"2.1":0,"2.2":0,"2.3":0.0101577806257,"3":0,"4":0.0880340987561,"4.1":0.279338967207,"4.2-4.3":0.797385779118,"4.4":1.87918941576,"4.4.3-4.4.4":1.43732595854,"53":null},"op_mob":{"10":0,"11":0,"11.1":0,"11.5":0,"12":0,"12.1":0.00355114521301,"0":0.127841227668},"ie":{"5.5":null,"6":0.0131106837782,"7":0.0327767094456,"8":2.15015213963,"9":1.63228013039,"10":1.56017136961,"11":0.996411967146},"edge":{"12":0.045283,"13":0.084097,"14":0.155256},"bb":{"7":0.007062,"10":null},"ie_mob":{"10":0.048473568,"11":0.226944432},"and_ff":{"0":0.052965},"samsung":{"0":2.111538},"and_uc":{"0":1.154637},"op_mini":{"0":1.72238262712},"and_chr":{"0":23.285246}},"total":97.252265}