{"id":"ER","name":"Eritrea","month":"2016-11","access_date":"2016-12-03","data":{"firefox":{"2":null,"3":0.09006,"3.5":null,"3.6":0.276184,"4":0.378252,"5":0.558372,"6":0.03002,"7":0.036024,"8":0.06004,"9":0.564376,"10":0.03002,"11":0.234156,"12":0.276184,"13":0.216144,"14":0.096064,"15":1.0507,"16":0.102068,"17":0.03002,"18":0.186124,"19":0.504336,"20":0.132088,"21":0.624416,"22":0.546364,"23":0.522348,"24":0.27018,"25":0.132088,"26":0.672448,"27":0.114076,"28":0.12008,"29":0.162108,"30":0.36024,"31":0.852568,"32":0.444296,"33":2.317544,"34":0.372248,"35":0.546364,"36":10.020676,"37":0.474316,"38":0.594396,"39":0.414276,"40":1.386924,"41":0.414276,"42":2.593728,"43":6.72448,"44":3.914608,"45":0.36024,"46":0.282188,"47":2.083388,"48":1.14076,"49":7.08472,"50":2.047364,"51":0.174116,"52":null,"53":null},"chrome":{"4":null,"5":null,"6":null,"7":null,"8":null,"9":0.024016,"10":null,"11":0.006004,"12":null,"13":null,"14":null,"15":null,"16":null,"17":null,"18":0.042028,"19":null,"20":null,"21":null,"22":0.024016,"23":null,"24":0.006004,"25":null,"26":null,"27":null,"28":null,"29":null,"30":0.012008,"31":0.126084,"32":null,"33":0.006004,"34":null,"35":0.03002,"36":0.012008,"37":0.012008,"38":0.006004,"39":null,"40":0.06004,"41":0.108072,"42":null,"43":0.336224,"44":0.018012,"45":0.918612,"46":0.084056,"47":0.012008,"48":0.018012,"49":0.09006,"50":0.096064,"51":0.006004,"52":0.162108,"53":0.876584,"54":2.437624,"55":null,"56":null,"57":null},"opera":{"9":null,"9.5-9.6":null,"10.0-10.1":0,"10.5":null,"10.6":null,"11":0.012008,"11.1":null,"11.5":null,"11.6":null,"12":null,"12.1":null,"15":null,"16":null,"17":null,"18":null,"19":null,"20":null,"21":null,"22":null,"23":null,"24":null,"25":null,"26":null,"27":null,"28":null,"29":null,"30":0.072048,"31":null,"32":null,"33":null,"34":null,"35":null,"36":null,"37":null,"38":0.018012,"39":0.006004,"40":0.012008,"41":0.018012,"42":null,"43":null},"safari":{"3.1":null,"3.2":null,"4":0,"5":null,"5.1":0.012008,"6":null,"6.1":null,"7":null,"7.1":null,"8":null,"9":0.006004,"9.1":0.06004,"10":null,"0":null},"ios_saf":{"3.2":0,"4.0-4.1":0,"4.2-4.3":0,"5.0-5.1":0,"6.0-6.1":0,"7.0-7.1":0.0204031940019,"8":0,"8.1-8.4":0.0263541255858,"9.0-9.2":0.0203087347704,"9.3":0.132998597938,"10-10.1":0.707027347704},"android":{"2.1":0,"2.2":0,"2.3":0.0116310260083,"3":0,"4":0.100802225405,"4.1":0.319853215228,"4.2-4.3":0.913035541651,"4.4":2.15173981153,"4.4.3-4.4.4":1.64579018017,"53":null},"op_mob":{"10":0,"11":0,"11.1":0,"11.5":0,"12":0,"12.1":0.00572583050847,"0":0.206129898305},"ie":{"5.5":null,"6":0.054036,"7":null,"8":0.156104,"9":0.06004,"10":0.042028,"11":0.684456},"edge":{"12":null,"13":0.162108,"14":0.006004},"bb":{"7":0,"10":null},"ie_mob":{"10":0.005626368,"11":0.026341632},"and_ff":{"0":0.531468},"samsung":{"0":1.17882},"and_uc":{"0":14.96502},"op_mini":{"0":2.77715227119},"and_chr":{"0":14.46594}},"total":99.741828}