{"id":"ES","name":"Spain","month":"2016-11","access_date":"2016-12-03","data":{"firefox":{"2":null,"3":0.005569,"3.5":null,"3.6":0.027845,"4":null,"5":null,"6":null,"7":null,"8":null,"9":null,"10":null,"11":null,"12":0.011138,"13":null,"14":null,"15":0.005569,"16":0.016707,"17":null,"18":null,"19":null,"20":0.027845,"21":0.011138,"22":null,"23":null,"24":0.016707,"25":0.011138,"26":0.011138,"27":0.011138,"28":0.005569,"29":0.016707,"30":0.011138,"31":0.022276,"32":0.022276,"33":0.016707,"34":0.027845,"35":0.033414,"36":0.016707,"37":0.038983,"38":0.105811,"39":0.061259,"40":0.027845,"41":0.044552,"42":0.050121,"43":0.11138,"44":0.050121,"45":0.172639,"46":0.072397,"47":0.367554,"48":0.478934,"49":4.884013,"50":2.940432,"51":0.016707,"52":null,"53":null},"chrome":{"4":null,"5":null,"6":null,"7":null,"8":null,"9":null,"10":null,"11":0.050121,"12":null,"13":null,"14":null,"15":null,"16":null,"17":null,"18":0.005569,"19":null,"20":null,"21":0.011138,"22":0.027845,"23":null,"24":null,"25":null,"26":0.011138,"27":0.011138,"28":null,"29":0.005569,"30":0.005569,"31":0.027845,"32":0.011138,"33":0.016707,"34":0.033414,"35":0.033414,"36":0.033414,"37":0.027845,"38":0.05569,"39":0.072397,"40":0.044552,"41":0.044552,"42":0.033414,"43":0.094673,"44":0.061259,"45":0.072397,"46":0.094673,"47":0.083535,"48":0.11138,"49":2.734379,"50":0.11138,"51":0.44552,"52":0.228329,"53":0.746246,"54":28.034346,"55":0.072397,"56":0.022276,"57":null},"opera":{"9":null,"9.5-9.6":null,"10.0-10.1":0,"10.5":null,"10.6":null,"11":null,"11.1":null,"11.5":null,"11.6":null,"12":null,"12.1":0.022276,"15":null,"16":null,"17":null,"18":null,"19":null,"20":null,"21":null,"22":null,"23":null,"24":null,"25":null,"26":null,"27":null,"28":0.016707,"29":null,"30":null,"31":null,"32":null,"33":null,"34":null,"35":null,"36":0.038983,"37":0.016707,"38":0.033414,"39":null,"40":0.011138,"41":0.317433,"42":null,"43":null},"safari":{"3.1":null,"3.2":null,"4":0.011138,"5":0.044552,"5.1":0.100242,"6":0.011138,"6.1":0.066828,"7":0.033414,"7.1":0.011138,"8":0.178208,"9":0.261743,"9.1":1.024696,"10":2.333411,"0":null},"ios_saf":{"3.2":0,"4.0-4.1":0,"4.2-4.3":0,"5.0-5.1":0,"6.0-6.1":0,"7.0-7.1":0.194349390815,"8":0,"8.1-8.4":0.251034629803,"9.0-9.2":0.193449625117,"9.3":1.26687010309,"10-10.1":6.73474625117},"android":{"2.1":0,"2.2":0,"2.3":0.00465981530343,"3":0,"4":0.0403850659631,"4.1":0.128144920844,"4.2-4.3":0.365795501319,"4.4":0.862065831135,"4.4.3-4.4.4":0.659363865435,"53":null},"op_mob":{"10":0,"11":0,"11.1":0,"11.5":0,"12":0,"12.1":0.000229180110773,"0":0.00825048398784},"ie":{"5.5":null,"6":0.00562218281037,"7":0.0112443656207,"8":0.314842237381,"9":0.191154215553,"10":0.15742111869,"11":3.44077587995},"edge":{"12":0.050121,"13":0.256174,"14":1.509199},"bb":{"7":0.01218525,"10":null},"ie_mob":{"10":0.060828768,"11":0.284789232},"and_ff":{"0":0.035448},"samsung":{"0":2.685186},"and_uc":{"0":0.084189},"op_mini":{"0":0.111157335901},"and_chr":{"0":31.210944}},"total":98.89037025}