{"id":"ET","name":"Ethiopia","month":"2016-11","access_date":"2016-12-03","data":{"firefox":{"2":null,"3":0.018612,"3.5":0.001692,"3.6":0.015228,"4":0.057528,"5":0.148896,"6":0.003384,"7":0.006768,"8":0.010152,"9":0.001692,"10":0.043992,"11":0.060912,"12":0.054144,"13":0.018612,"14":0.021996,"15":0.01692,"16":0.027072,"17":0.032148,"18":0.028764,"19":0.032148,"20":0.11844,"21":0.020304,"22":0.015228,"23":0.020304,"24":0.03384,"25":0.05922,"26":0.081216,"27":0.037224,"28":0.074448,"29":0.162432,"30":0.099828,"31":0.121824,"32":0.06768,"33":0.055836,"34":0.064296,"35":0.121824,"36":0.089676,"37":0.159048,"38":0.111672,"39":0.2115,"40":0.208116,"41":0.1692,"42":0.179352,"43":0.521136,"44":0.272412,"45":0.2115,"46":0.20304,"47":0.773244,"48":0.421308,"49":1.620936,"50":0.588816,"51":0.027072,"52":0.005076,"53":null},"chrome":{"4":0.010152,"5":0.001692,"6":null,"7":null,"8":0.005076,"9":0.003384,"10":0.01692,"11":0.125208,"12":0.001692,"13":0.003384,"14":null,"15":0.001692,"16":0.00846,"17":0.00846,"18":0.003384,"19":0.005076,"20":0.001692,"21":null,"22":null,"23":0.006768,"24":0.003384,"25":0.030456,"26":0.010152,"27":0.00846,"28":0.003384,"29":0.006768,"30":0.005076,"31":0.028764,"32":0.011844,"33":0.060912,"34":0.011844,"35":0.005076,"36":0.010152,"37":0.005076,"38":0.005076,"39":0.00846,"40":0.054144,"41":0.005076,"42":0.006768,"43":1.213164,"44":0.292716,"45":0.037224,"46":0.013536,"47":0.027072,"48":0.015228,"49":0.247032,"50":0.0423,"51":0.106596,"52":0.064296,"53":0.145512,"54":3.969432,"55":0.030456,"56":0.0423,"57":null},"opera":{"9":null,"9.5-9.6":null,"10.0-10.1":0,"10.5":null,"10.6":0.001692,"11":null,"11.1":null,"11.5":0.003384,"11.6":0.01692,"12":0.018612,"12.1":0.015228,"15":0.005076,"16":null,"17":0.005076,"18":0.003384,"19":0.003384,"20":0.003384,"21":0.01692,"22":0.003384,"23":null,"24":null,"25":null,"26":0.001692,"27":null,"28":null,"29":0.010152,"30":0.010152,"31":0.001692,"32":null,"33":0.005076,"34":0.006768,"35":0.011844,"36":0.018612,"37":0.013536,"38":0.027072,"39":0.011844,"40":0.032148,"41":0.395928,"42":null,"43":null},"safari":{"3.1":null,"3.2":null,"4":0,"5":null,"5.1":0.005076,"6":0.001692,"6.1":null,"7":0.011844,"7.1":null,"8":0.013536,"9":0.032148,"9.1":0.02538,"10":0.043992,"0":null},"ios_saf":{"3.2":0,"4.0-4.1":0,"4.2-4.3":0,"5.0-5.1":0,"6.0-6.1":0,"7.0-7.1":0.0162578294283,"8":0,"8.1-8.4":0.0209996963449,"9.0-9.2":0.0161825616995,"9.3":0.105976962199,"10-10.1":0.563378950328},"android":{"2.1":0,"2.2":0,"2.3":0.0232611473803,"3":0,"4":0.201596610629,"4.1":0.639681552959,"4.2-4.3":1.82600006936,"4.4":4.30331226536,"4.4.3-4.4.4":3.29145235432,"53":null},"op_mob":{"10":0,"11":0,"11.1":0,"11.5":0,"12":0,"12.1":0.0850340908674,"0":3.06122727123},"ie":{"5.5":null,"6":0.0356541030928,"7":0.0339562886598,"8":0.188457402062,"9":0.0407475463918,"10":0.0747038350515,"11":0.601026309278},"edge":{"12":0.065988,"13":0.159048,"14":0.065988},"bb":{"7":0.002077,"10":null},"ie_mob":{"10":0.033630784,"11":0.157453216},"and_ff":{"0":0.033232},"samsung":{"0":0.45694},"and_uc":{"0":2.641944},"op_mini":{"0":41.2433826379},"and_chr":{"0":21.634924}},"total":96.6586264845}