{"id":"FI","name":"Finland","month":"2016-11","access_date":"2016-12-03","data":{"firefox":{"2":null,"3":null,"3.5":null,"3.6":0.013292,"4":null,"5":null,"6":null,"7":null,"8":null,"9":null,"10":0.006646,"11":null,"12":null,"13":null,"14":null,"15":null,"16":0.013292,"17":null,"18":null,"19":null,"20":null,"21":0.006646,"22":null,"23":null,"24":0.006646,"25":null,"26":0.006646,"27":null,"28":0.006646,"29":null,"30":0.019938,"31":0.019938,"32":0.006646,"33":0.006646,"34":0.013292,"35":0.019938,"36":0.019938,"37":0.019938,"38":0.079752,"39":0.019938,"40":0.026584,"41":0.026584,"42":0.046522,"43":0.06646,"44":0.053168,"45":0.677892,"46":0.059814,"47":0.338946,"48":0.525034,"49":9.131604,"50":5.662392,"51":0.06646,"52":null,"53":null},"chrome":{"4":null,"5":null,"6":null,"7":null,"8":null,"9":null,"10":null,"11":null,"12":null,"13":null,"14":null,"15":null,"16":null,"17":null,"18":null,"19":null,"20":null,"21":null,"22":0.019938,"23":null,"24":null,"25":null,"26":null,"27":null,"28":null,"29":null,"30":null,"31":0.013292,"32":0.006646,"33":0.006646,"34":0.019938,"35":0.013292,"36":0.013292,"37":0.013292,"38":0.019938,"39":0.03323,"40":0.013292,"41":0.026584,"42":0.013292,"43":0.06646,"44":0.026584,"45":0.039876,"46":0.073106,"47":0.059814,"48":0.079752,"49":1.036776,"50":0.093044,"51":0.279132,"52":0.239256,"53":1.043422,"54":28.803764,"55":0.146212,"56":0.079752,"57":0.019938},"opera":{"9":null,"9.5-9.6":null,"10.0-10.1":0,"10.5":null,"10.6":null,"11":null,"11.1":null,"11.5":null,"11.6":0.006646,"12":0.006646,"12.1":0.119628,"15":null,"16":null,"17":null,"18":null,"19":null,"20":null,"21":null,"22":null,"23":null,"24":null,"25":null,"26":null,"27":null,"28":0.013292,"29":null,"30":null,"31":0.013292,"32":null,"33":null,"34":null,"35":null,"36":0.046522,"37":0.03323,"38":0.026584,"39":null,"40":0.013292,"41":0.770936,"42":0.013292,"43":null},"safari":{"3.1":null,"3.2":null,"4":0.006646,"5":0.03323,"5.1":0.093044,"6":null,"6.1":0.093044,"7":0.026584,"7.1":0.013292,"8":0.192734,"9":0.225964,"9.1":1.03013,"10":2.439082,"0":null},"ios_saf":{"3.2":0,"4.0-4.1":0,"4.2-4.3":0,"5.0-5.1":0,"6.0-6.1":0,"7.0-7.1":0.202183017807,"8":0,"8.1-8.4":0.261153064667,"9.0-9.2":0.201246985317,"9.3":1.3179337457,"10-10.1":7.0062031865},"android":{"2.1":0,"2.2":0,"2.3":0.00220734413871,"3":0,"4":0.0191303158688,"4.1":0.0607019638145,"4.2-4.3":0.173276514889,"4.4":0.408358665662,"4.4.3-4.4.4":0.312339195628,"53":null},"op_mob":{"10":0,"11":0,"11.1":0,"11.5":0,"12":0,"12.1":0.000488301503352,"0":0.0175788541207},"ie":{"5.5":null,"6":0.00665857521287,"7":0.00665857521287,"8":0.106537203406,"9":0.193098681173,"10":0.153147229896,"11":6.5720137351},"edge":{"12":0.06646,"13":0.378822,"14":2.199826},"bb":{"7":0.0025155,"10":null},"ie_mob":{"10":0.335882976,"11":1.572543024},"and_ff":{"0":0.057018},"samsung":{"0":3.94095},"and_uc":{"0":0.08385},"op_mini":{"0":0.236836844376},"and_chr":{"0":17.108512}},"total":97.4880395}