{"id":"FJ","name":"Fiji","month":"2016-11","access_date":"2016-12-03","data":{"firefox":{"2":null,"3":0.026545,"3.5":0.005309,"3.6":0.010618,"4":0.095562,"5":0.047781,"6":0.047781,"7":0.026545,"8":0.037163,"9":0.005309,"10":0.100871,"11":0.069017,"12":0.090253,"13":0.026545,"14":0.037163,"15":0.037163,"16":0.095562,"17":0.069017,"18":null,"19":0.015927,"20":0.047781,"21":0.05309,"22":0.015927,"23":0.021236,"24":0.026545,"25":0.010618,"26":null,"27":0.063708,"28":0.015927,"29":0.05309,"30":0.037163,"31":0.084944,"32":0.010618,"33":null,"34":0.021236,"35":0.132725,"36":0.058399,"37":0.037163,"38":0.095562,"39":0.069017,"40":0.063708,"41":0.079635,"42":0.042472,"43":0.483119,"44":0.222978,"45":0.21236,"46":0.074326,"47":1.083036,"48":0.764496,"49":7.995354,"50":2.378432,"51":0.138034,"52":0.005309,"53":null},"chrome":{"4":null,"5":0.010618,"6":null,"7":null,"8":null,"9":null,"10":null,"11":0.010618,"12":0.005309,"13":null,"14":null,"15":null,"16":null,"17":null,"18":0.015927,"19":null,"20":0.010618,"21":0.005309,"22":null,"23":null,"24":0.010618,"25":0.021236,"26":0.021236,"27":0.010618,"28":null,"29":0.005309,"30":0.010618,"31":0.042472,"32":0.010618,"33":0.026545,"34":0.037163,"35":0.058399,"36":0.021236,"37":0.010618,"38":0.010618,"39":0.015927,"40":0.021236,"41":0.063708,"42":0.026545,"43":0.047781,"44":0.031854,"45":0.079635,"46":0.079635,"47":0.042472,"48":0.069017,"49":0.90253,"50":0.100871,"51":0.228287,"52":0.180506,"53":0.679552,"54":19.080546,"55":0.079635,"56":0.074326,"57":null},"opera":{"9":null,"9.5-9.6":null,"10.0-10.1":0,"10.5":null,"10.6":null,"11":null,"11.1":null,"11.5":null,"11.6":null,"12":null,"12.1":0.005309,"15":null,"16":null,"17":null,"18":null,"19":null,"20":null,"21":null,"22":null,"23":null,"24":null,"25":null,"26":null,"27":null,"28":0.037163,"29":null,"30":0.005309,"31":null,"32":null,"33":null,"34":null,"35":0.015927,"36":0.010618,"37":0.042472,"38":null,"39":0.005309,"40":null,"41":0.207051,"42":null,"43":null},"safari":{"3.1":null,"3.2":null,"4":0,"5":0.015927,"5.1":0.031854,"6":null,"6.1":0.010618,"7":0.047781,"7.1":null,"8":0.084944,"9":0.079635,"9.1":0.270759,"10":0.440647,"0":null},"ios_saf":{"3.2":0,"4.0-4.1":0,"4.2-4.3":0,"5.0-5.1":0,"6.0-6.1":0,"7.0-7.1":0.0867514301781,"8":0,"8.1-8.4":0.112053930647,"9.0-9.2":0.0863498031865,"9.3":0.565490804124,"10-10.1":3.00617803187},"android":{"2.1":0,"2.2":0,"2.3":0.0108023882397,"3":0,"4":0.0936206980776,"4.1":0.297065676593,"4.2-4.3":0.847987476819,"4.4":1.99844182435,"4.4.3-4.4.4":1.52853793592,"53":null},"op_mob":{"10":0,"11":0,"11.1":0,"11.5":0,"12":0,"12.1":0.00380197959439,"0":0.136871265398},"ie":{"5.5":null,"6":0.0212716907563,"7":0.0265896134454,"8":1.12739961008,"9":0.505202655462,"10":0.499884732773,"11":4.1373438521},"edge":{"12":0.15927,"13":0.361012,"14":0.552136},"bb":{"7":0.02346,"10":null},"ie_mob":{"10":0.378212736,"11":1.770723264},"and_ff":{"0":0.02346},"samsung":{"0":6.489036},"and_uc":{"0":3.44862},"op_mini":{"0":1.84404275501},"and_chr":{"0":30.266769}},"total":99.1216151546}