{"id":"FK","name":"Falkland Islands (Malvinas)","month":"2016-11","access_date":"2016-12-03","data":{"firefox":{"2":null,"3":null,"3.5":null,"3.6":null,"4":null,"5":null,"6":null,"7":null,"8":null,"9":null,"10":null,"11":null,"12":0.013766,"13":null,"14":null,"15":null,"16":null,"17":null,"18":null,"19":null,"20":null,"21":null,"22":null,"23":null,"24":0.736481,"25":0.048181,"26":null,"27":null,"28":null,"29":null,"30":null,"31":null,"32":null,"33":0.048181,"34":null,"35":null,"36":null,"37":null,"38":null,"39":null,"40":null,"41":0.061947,"42":0.130777,"43":0.110128,"44":0.013766,"45":0.371682,"46":0.027532,"47":0.591938,"48":0.770896,"49":5.176016,"50":2.236975,"51":null,"52":null,"53":null},"chrome":{"4":null,"5":null,"6":null,"7":null,"8":null,"9":null,"10":null,"11":null,"12":null,"13":null,"14":null,"15":null,"16":null,"17":null,"18":0.013766,"19":null,"20":null,"21":null,"22":null,"23":null,"24":null,"25":null,"26":null,"27":null,"28":null,"29":null,"30":null,"31":0.034415,"32":null,"33":null,"34":null,"35":0.075713,"36":null,"37":0.061947,"38":null,"39":null,"40":0.034415,"41":0.220256,"42":null,"43":null,"44":null,"45":null,"46":0.034415,"47":null,"48":null,"49":1.596856,"50":0.302852,"51":0.20649,"52":0.302852,"53":1.183876,"54":19.68538,"55":null,"56":null,"57":null},"opera":{"9":null,"9.5-9.6":null,"10.0-10.1":0,"10.5":null,"10.6":null,"11":null,"11.1":null,"11.5":null,"11.6":null,"12":null,"12.1":null,"15":null,"16":null,"17":null,"18":null,"19":null,"20":null,"21":null,"22":null,"23":null,"24":null,"25":null,"26":null,"27":null,"28":null,"29":null,"30":null,"31":null,"32":null,"33":null,"34":null,"35":null,"36":null,"37":0.240905,"38":0.027532,"39":null,"40":0.013766,"41":0.240905,"42":null,"43":null},"safari":{"3.1":null,"3.2":null,"4":0,"5":null,"5.1":null,"6":0.048181,"6.1":0.082596,"7":0.096362,"7.1":null,"8":0.316618,"9":1.211408,"9.1":2.223209,"10":2.863328,"0":null},"ios_saf":{"3.2":0,"4.0-4.1":0,"4.2-4.3":0,"5.0-5.1":0,"6.0-6.1":0,"7.0-7.1":0.226246875351,"8":0,"8.1-8.4":0.292235547329,"9.0-9.2":0.225199436114,"9.3":1.47479444674,"10-10.1":7.84008269447},"android":{"2.1":0,"2.2":0,"2.3":0.00271401055409,"3":0,"4":0.0235214248021,"4.1":0.0746352902375,"4.2-4.3":0.213049828496,"4.4":0.502091952507,"4.4.3-4.4.4":0.384032493404,"53":null},"op_mob":{"10":0,"11":0,"11.1":0,"11.5":0,"12":0,"12.1":0.00140318868946,"0":0.0505147928206},"ie":{"5.5":null,"6":null,"7":null,"8":1.135695,"9":6.807287,"10":1.245823,"11":14.942993},"edge":{"12":0.075713,"13":0.61947,"14":0.48181},"bb":{"7":0,"10":null},"ie_mob":{"10":0.04663032,"11":0.21831468},"and_ff":{"0":0.081042},"samsung":{"0":3.908718},"and_uc":{"0":0.143382},"op_mini":{"0":0.68057701849},"and_chr":{"0":16.238566}},"total":99.392852}