{"id":"FM","name":"Micronesia","month":"2016-11","access_date":"2016-12-03","data":{"firefox":{"2":null,"3":null,"3.5":null,"3.6":null,"4":null,"5":null,"6":null,"7":null,"8":null,"9":null,"10":0.00791,"11":0.01582,"12":null,"13":0.01582,"14":null,"15":null,"16":0.01582,"17":null,"18":0.00791,"19":0.04746,"20":null,"21":null,"22":null,"23":null,"24":0.01582,"25":null,"26":0.01582,"27":null,"28":null,"29":null,"30":0.01582,"31":null,"32":null,"33":null,"34":0.07119,"35":null,"36":null,"37":null,"38":0.05537,"39":0.00791,"40":0.01582,"41":0.25312,"42":0.01582,"43":0.07119,"44":0.03164,"45":0.03164,"46":0.11074,"47":0.28476,"48":0.24521,"49":4.23976,"50":2.62612,"51":0.15029,"52":0.02373,"53":null},"chrome":{"4":null,"5":null,"6":null,"7":null,"8":null,"9":null,"10":null,"11":null,"12":null,"13":null,"14":null,"15":null,"16":null,"17":null,"18":null,"19":null,"20":null,"21":null,"22":null,"23":null,"24":null,"25":0.00791,"26":0.16611,"27":null,"28":null,"29":null,"30":null,"31":null,"32":null,"33":null,"34":null,"35":null,"36":null,"37":null,"38":0.00791,"39":0.02373,"40":0.00791,"41":0.02373,"42":null,"43":0.09492,"44":0.04746,"45":0.02373,"46":0.03164,"47":0.02373,"48":0.03955,"49":0.94129,"50":0.06328,"51":0.52206,"52":0.11074,"53":0.68817,"54":54.53945,"55":0.03955,"56":0.04746,"57":null},"opera":{"9":null,"9.5-9.6":null,"10.0-10.1":0,"10.5":null,"10.6":null,"11":null,"11.1":null,"11.5":null,"11.6":null,"12":null,"12.1":null,"15":null,"16":null,"17":null,"18":null,"19":null,"20":null,"21":null,"22":null,"23":null,"24":null,"25":null,"26":null,"27":null,"28":null,"29":null,"30":null,"31":null,"32":null,"33":null,"34":null,"35":null,"36":null,"37":0.03955,"38":0.00791,"39":null,"40":null,"41":0.12656,"42":null,"43":null},"safari":{"3.1":null,"3.2":null,"4":0.00791,"5":0.01582,"5.1":0.06328,"6":0.05537,"6.1":0.02373,"7":null,"7.1":null,"8":0.21357,"9":0.0791,"9.1":0.48251,"10":0.95711,"0":null},"ios_saf":{"3.2":0,"4.0-4.1":0,"4.2-4.3":0,"5.0-5.1":0,"6.0-6.1":0,"7.0-7.1":0.0840074226804,"8":0,"8.1-8.4":0.108509587629,"9.0-9.2":0.0836184994273,"9.3":0.547603940435,"10-10.1":2.91109054983},"android":{"2.1":0,"2.2":0,"2.3":0.00538846588767,"3":0,"4":0.0467000376932,"4.1":0.148182811911,"4.2-4.3":0.422994572182,"4.4":0.99686618922,"4.4.3-4.4.4":0.762467923106,"53":null},"op_mob":{"10":0,"11":0,"11.1":0,"11.5":0,"12":0,"12.1":0.0003923591388,"0":0.0141249289968},"ie":{"5.5":null,"6":null,"7":0.00791,"8":0.22939,"9":0.10283,"10":0.18193,"11":6.39919},"edge":{"12":0.54579,"13":0.37968,"14":0.96502},"bb":{"7":0.007315,"10":null},"ie_mob":{"10":0.06657904,"11":0.31171096},"and_ff":{"0":null},"samsung":{"0":0.48488},"and_uc":{"0":1.59885},"op_mini":{"0":0.190302711864},"and_chr":{"0":14.0996}},"total":99.618185}