{"id":"FO","name":"Faroe Islands","month":"2016-11","access_date":"2016-12-03","data":{"firefox":{"2":null,"3":null,"3.5":null,"3.6":null,"4":null,"5":null,"6":null,"7":null,"8":null,"9":null,"10":null,"11":null,"12":null,"13":null,"14":0.010804,"15":null,"16":null,"17":null,"18":null,"19":null,"20":null,"21":null,"22":null,"23":null,"24":0.010804,"25":null,"26":null,"27":null,"28":null,"29":null,"30":null,"31":0.010804,"32":null,"33":null,"34":null,"35":null,"36":null,"37":null,"38":0.059422,"39":0.021608,"40":0.016206,"41":null,"42":null,"43":0.021608,"44":0.021608,"45":0.70226,"46":0.010804,"47":0.064824,"48":0.167462,"49":3.306024,"50":1.717836,"51":null,"52":null,"53":null},"chrome":{"4":null,"5":null,"6":null,"7":null,"8":null,"9":null,"10":0.005402,"11":0.016206,"12":null,"13":null,"14":null,"15":null,"16":null,"17":null,"18":null,"19":null,"20":null,"21":null,"22":0.005402,"23":null,"24":null,"25":null,"26":null,"27":null,"28":null,"29":null,"30":null,"31":0.010804,"32":null,"33":0.037814,"34":0.02701,"35":null,"36":0.005402,"37":null,"38":0.070226,"39":0.010804,"40":0.005402,"41":null,"42":0.010804,"43":0.016206,"44":0.037814,"45":0.005402,"46":null,"47":0.010804,"48":0.005402,"49":1.393716,"50":0.016206,"51":0.08103,"52":0.070226,"53":0.464572,"54":21.672824,"55":0.064824,"56":0.032412,"57":null},"opera":{"9":null,"9.5-9.6":null,"10.0-10.1":0,"10.5":null,"10.6":null,"11":null,"11.1":null,"11.5":null,"11.6":null,"12":null,"12.1":0.010804,"15":null,"16":null,"17":null,"18":null,"19":null,"20":null,"21":null,"22":null,"23":null,"24":null,"25":null,"26":null,"27":null,"28":null,"29":null,"30":null,"31":null,"32":null,"33":null,"34":null,"35":null,"36":0.021608,"37":0.010804,"38":null,"39":null,"40":null,"41":0.129648,"42":null,"43":null},"safari":{"3.1":null,"3.2":null,"4":0,"5":0.021608,"5.1":0.086432,"6":0.010804,"6.1":0.232286,"7":0.021608,"7.1":0.010804,"8":0.145854,"9":0.151256,"9.1":1.129018,"10":1.820474,"0":null},"ios_saf":{"3.2":0,"4.0-4.1":0,"4.2-4.3":0,"5.0-5.1":0,"6.0-6.1":0,"7.0-7.1":0.63708371134,"8":0,"8.1-8.4":0.822899793814,"9.0-9.2":0.634134249714,"9.3":4.15284197022,"10-10.1":22.0767202749},"android":{"2.1":0,"2.2":0,"2.3":0.00127905163965,"3":0,"4":0.0110851142103,"4.1":0.0351739200905,"4.2-4.3":0.100405553713,"4.4":0.236624553336,"4.4.3-4.4.4":0.180985807011,"53":null},"op_mob":{"10":0,"11":0,"11.1":0,"11.5":0,"12":0,"12.1":0.000255433806688,"0":0.00919561704077},"ie":{"5.5":null,"6":null,"7":0.02701,"8":0.13505,"9":0.361934,"10":0.210678,"11":13.45098},"edge":{"12":0.08103,"13":0.767084,"14":4.56469},"bb":{"7":0.004598,"10":null},"ie_mob":{"10":0.193410272,"11":0.905511728},"and_ff":{"0":0.036784},"samsung":{"0":5.650942},"and_uc":{"0":null},"op_mini":{"0":0.123890949153},"and_chr":{"0":9.93477}},"total":99.368844}