{"id":"FR","name":"France","month":"2016-11","access_date":"2016-12-03","data":{"firefox":{"2":null,"3":0.006965,"3.5":null,"3.6":0.02786,"4":null,"5":null,"6":null,"7":null,"8":null,"9":null,"10":null,"11":0.006965,"12":0.034825,"13":null,"14":null,"15":0.01393,"16":0.02786,"17":0.020895,"18":null,"19":null,"20":0.01393,"21":0.01393,"22":0.006965,"23":0.006965,"24":0.04179,"25":0.006965,"26":0.01393,"27":0.006965,"28":0.01393,"29":0.01393,"30":0.020895,"31":0.076615,"32":0.020895,"33":0.034825,"34":0.04179,"35":0.04179,"36":0.04179,"37":0.04179,"38":0.26467,"39":0.048755,"40":0.048755,"41":0.05572,"42":0.062685,"43":0.201985,"44":0.076615,"45":0.54327,"46":0.215915,"47":0.78008,"48":0.731325,"49":7.6615,"50":4.76406,"51":0.04179,"52":0.006965,"53":null},"chrome":{"4":null,"5":null,"6":null,"7":null,"8":null,"9":null,"10":null,"11":0.01393,"12":null,"13":null,"14":null,"15":null,"16":0.020895,"17":null,"18":0.006965,"19":null,"20":null,"21":0.006965,"22":0.01393,"23":0.01393,"24":0.006965,"25":0.020895,"26":0.006965,"27":0.006965,"28":0.01393,"29":0.06965,"30":0.006965,"31":0.034825,"32":0.01393,"33":0.020895,"34":0.034825,"35":0.05572,"36":0.02786,"37":0.034825,"38":0.05572,"39":0.08358,"40":0.05572,"41":0.09751,"42":0.09751,"43":0.243775,"44":0.076615,"45":0.09751,"46":0.11144,"47":0.090545,"48":0.160195,"49":2.14522,"50":0.25074,"51":1.28156,"52":0.30646,"53":1.12833,"54":27.003305,"55":0.08358,"56":0.034825,"57":null},"opera":{"9":null,"9.5-9.6":null,"10.0-10.1":0,"10.5":null,"10.6":null,"11":null,"11.1":null,"11.5":null,"11.6":null,"12":0.006965,"12.1":0.04179,"15":null,"16":null,"17":null,"18":null,"19":null,"20":null,"21":null,"22":null,"23":null,"24":null,"25":null,"26":null,"27":null,"28":0.01393,"29":null,"30":null,"31":null,"32":null,"33":null,"34":null,"35":null,"36":0.034825,"37":0.01393,"38":0.174125,"39":null,"40":0.048755,"41":0.480585,"42":null,"43":null},"safari":{"3.1":null,"3.2":null,"4":0.034825,"5":0.11144,"5.1":0.299495,"6":0.02786,"6.1":0.174125,"7":0.06965,"7.1":0.020895,"8":0.29253,"9":0.37611,"9.1":1.567125,"10":3.28748,"0":null},"ios_saf":{"3.2":0,"4.0-4.1":0,"4.2-4.3":0,"5.0-5.1":0,"6.0-6.1":0,"7.0-7.1":0.223981293346,"8":0,"8.1-8.4":0.289309170572,"9.0-9.2":0.222944342914,"9.3":1.46002620848,"10-10.1":7.76157398469},"android":{"2.1":0,"2.2":0,"2.3":0.00257397286091,"3":0,"4":0.0223077647946,"4.1":0.0707842536751,"4.2-4.3":0.202056869582,"4.4":0.476184979269,"4.4.3-4.4.4":0.364217159819,"53":null},"op_mob":{"10":0,"11":0,"11.1":0,"11.5":0,"12":0,"12.1":0.00041278932245,"0":0.0148604156082},"ie":{"5.5":null,"6":0.0141676119403,"7":0.0212514179104,"8":0.290436044776,"9":0.304603656716,"10":0.269184626866,"11":5.74496664179},"edge":{"12":0.118405,"13":0.480585,"14":2.81386},"bb":{"7":0.015175,"10":null},"ie_mob":{"10":0.1041612,"11":0.4876638},"and_ff":{"0":0.04856},"samsung":{"0":3.626825},"and_uc":{"0":0.40669},"op_mini":{"0":0.200211795069},"and_chr":{"0":14.86427}},"total":97.93774}