{"id":"GA","name":"Gabon","month":"2016-11","access_date":"2016-12-03","data":{"firefox":{"2":0.004104,"3":0.038988,"3.5":0.008208,"3.6":0.022572,"4":0.002052,"5":0.004104,"6":0.014364,"7":null,"8":0.004104,"9":null,"10":0.057456,"11":0.034884,"12":0.012312,"13":0.028728,"14":0.012312,"15":0.006156,"16":0.014364,"17":0.008208,"18":0.032832,"19":0.006156,"20":0.006156,"21":0.168264,"22":0.022572,"23":0.024624,"24":0.022572,"25":0.032832,"26":0.006156,"27":0.014364,"28":0.012312,"29":0.028728,"30":0.014364,"31":0.034884,"32":0.0513,"33":0.026676,"34":0.012312,"35":0.075924,"36":0.055404,"37":0.1539,"38":0.036936,"39":0.06156,"40":0.036936,"41":0.047196,"42":0.022572,"43":0.322164,"44":0.053352,"45":0.053352,"46":0.073872,"47":0.455544,"48":0.365256,"49":2.47266,"50":1.054728,"51":0.043092,"52":null,"53":0.004104},"chrome":{"4":0.004104,"5":0.004104,"6":null,"7":null,"8":null,"9":null,"10":null,"11":0.026676,"12":0.002052,"13":null,"14":null,"15":0.004104,"16":0.002052,"17":0.006156,"18":null,"19":null,"20":0.01026,"21":0.002052,"22":0.008208,"23":0.004104,"24":0.002052,"25":0.008208,"26":0.022572,"27":0.049248,"28":0.02052,"29":0.047196,"30":0.012312,"31":0.02052,"32":0.026676,"33":0.026676,"34":0.034884,"35":0.028728,"36":0.034884,"37":0.03078,"38":0.006156,"39":0.014364,"40":0.012312,"41":0.211356,"42":0.006156,"43":0.176472,"44":0.006156,"45":0.08208,"46":0.024624,"47":0.022572,"48":0.02052,"49":0.640224,"50":0.279072,"51":0.104652,"52":0.1026,"53":0.309852,"54":6.21756,"55":0.016416,"56":0.008208,"57":null},"opera":{"9":null,"9.5-9.6":null,"10.0-10.1":0.004104,"10.5":null,"10.6":null,"11":null,"11.1":null,"11.5":null,"11.6":0.016416,"12":0.03078,"12.1":0.03078,"15":null,"16":null,"17":null,"18":null,"19":0.004104,"20":null,"21":null,"22":null,"23":null,"24":null,"25":null,"26":null,"27":null,"28":0.199044,"29":0.004104,"30":0.170316,"31":null,"32":0.002052,"33":0.004104,"34":0.002052,"35":0.004104,"36":0.02052,"37":0.108756,"38":0.006156,"39":0.008208,"40":0.024624,"41":0.334476,"42":0.006156,"43":null},"safari":{"3.1":null,"3.2":null,"4":0.026676,"5":0.018468,"5.1":0.047196,"6":0.01026,"6.1":0.006156,"7":0.022572,"7.1":0.038988,"8":0.043092,"9":0.047196,"9.1":0.196992,"10":0.365256,"0":null},"ios_saf":{"3.2":0,"4.0-4.1":0,"4.2-4.3":0,"5.0-5.1":0,"6.0-6.1":0,"7.0-7.1":0.0339670852858,"8":0,"8.1-8.4":0.0438741518276,"9.0-9.2":0.0338098302614,"9.3":0.221415074456,"10-10.1":1.17705385817},"android":{"2.1":0,"2.2":0,"2.3":0.0163393863551,"3":0,"4":0.141608015077,"4.1":0.449333124764,"4.2-4.3":1.28264182887,"4.4":3.02278647569,"4.4.3-4.4.4":2.31202316924,"53":null},"op_mob":{"10":0,"11":0,"11.1":0,"11.5":0,"12":0,"12.1":0.0854146037563,"0":3.07492573523},"ie":{"5.5":null,"6":0.00450227848101,"7":0.00450227848101,"8":0.459232405063,"9":0.105803544304,"10":0.157579746835,"11":1.38895291139},"edge":{"12":0.096444,"13":0.129276,"14":0.186732},"bb":{"7":0.546425,"10":null},"ie_mob":{"10":0.492394496,"11":2.305301504},"and_ff":{"0":0.03974},"samsung":{"0":3.759404},"and_uc":{"0":1.772404},"op_mini":{"0":41.427939661},"and_chr":{"0":15.073932}},"total":96.5285181646}