{"id":"GB","name":"United Kingdom","month":"2016-11","access_date":"2016-12-03","data":{"firefox":{"2":null,"3":null,"3.5":null,"3.6":0.011122,"4":null,"5":null,"6":null,"7":null,"8":null,"9":null,"10":null,"11":null,"12":null,"13":null,"14":null,"15":null,"16":0.011122,"17":null,"18":null,"19":null,"20":null,"21":null,"22":null,"23":null,"24":0.005561,"25":null,"26":null,"27":null,"28":null,"29":null,"30":0.005561,"31":0.016683,"32":null,"33":0.011122,"34":0.050049,"35":0.027805,"36":0.027805,"37":0.011122,"38":0.061171,"39":0.022244,"40":0.016683,"41":0.027805,"42":0.022244,"43":0.061171,"44":0.027805,"45":0.144586,"46":0.050049,"47":0.266928,"48":0.261367,"49":3.597967,"50":2.013082,"51":0.033366,"52":null,"53":null},"chrome":{"4":null,"5":null,"6":null,"7":null,"8":null,"9":null,"10":null,"11":0.016683,"12":null,"13":null,"14":null,"15":null,"16":null,"17":null,"18":null,"19":null,"20":null,"21":0.011122,"22":0.044488,"23":null,"24":null,"25":null,"26":0.011122,"27":null,"28":0.005561,"29":0.005561,"30":0.005561,"31":0.016683,"32":0.011122,"33":0.022244,"34":0.027805,"35":0.027805,"36":0.022244,"37":0.027805,"38":0.061171,"39":0.038927,"40":0.050049,"41":0.077854,"42":0.066732,"43":0.161269,"44":0.044488,"45":0.072293,"46":0.066732,"47":0.061171,"48":0.083415,"49":1.312396,"50":0.122342,"51":0.428197,"52":0.272489,"53":1.22342,"54":25.0245,"55":0.094537,"56":0.038927,"57":null},"opera":{"9":null,"9.5-9.6":null,"10.0-10.1":0,"10.5":null,"10.6":null,"11":null,"11.1":null,"11.5":null,"11.6":null,"12":null,"12.1":0.027805,"15":null,"16":null,"17":null,"18":null,"19":null,"20":null,"21":null,"22":null,"23":null,"24":null,"25":null,"26":null,"27":null,"28":0.005561,"29":null,"30":null,"31":null,"32":null,"33":null,"34":null,"35":null,"36":0.033366,"37":0.011122,"38":0.033366,"39":null,"40":0.022244,"41":0.367026,"42":null,"43":null},"safari":{"3.1":null,"3.2":null,"4":0.011122,"5":0.050049,"5.1":0.155708,"6":0.011122,"6.1":0.088976,"7":0.061171,"7.1":0.016683,"8":0.261367,"9":0.316977,"9.1":1.317957,"10":2.969574,"0":null},"ios_saf":{"3.2":0,"4.0-4.1":0,"4.2-4.3":0,"5.0-5.1":0,"6.0-6.1":0,"7.0-7.1":0.455998043112,"8":0,"8.1-8.4":0.588997472352,"9.0-9.2":0.45388694106,"9.3":2.97243168843,"10-10.1":15.801598855},"android":{"2.1":0,"2.2":0,"2.3":0.00278085865058,"3":0,"4":0.0241007749717,"4.1":0.0764736128911,"4.2-4.3":0.218297404071,"4.4":0.514458850358,"4.4.3-4.4.4":0.393491499058,"53":null},"op_mob":{"10":0,"11":0,"11.1":0,"11.5":0,"12":0,"12.1":0.00167518502478,"0":0.060306660892},"ie":{"5.5":null,"6":null,"7":0.0167425396146,"8":0.256718940757,"9":0.334850792291,"10":0.279042326909,"11":6.92583055389},"edge":{"12":0.127903,"13":0.506051,"14":3.342161},"bb":{"7":0.19420625,"10":null},"ie_mob":{"10":0.151565216,"11":0.709600784},"and_ff":{"0":0.053268},"samsung":{"0":4.598804},"and_uc":{"0":0.519363},"op_mini":{"0":0.812501154083},"and_chr":{"0":15.152164}},"total":97.6476014035}