{"id":"GD","name":"Grenada","month":"2016-11","access_date":"2016-12-03","data":{"firefox":{"2":null,"3":null,"3.5":null,"3.6":null,"4":null,"5":null,"6":null,"7":null,"8":null,"9":null,"10":null,"11":null,"12":null,"13":null,"14":null,"15":null,"16":null,"17":0.006278,"18":null,"19":null,"20":null,"21":0.09417,"22":null,"23":null,"24":null,"25":null,"26":null,"27":null,"28":null,"29":null,"30":null,"31":null,"32":null,"33":null,"34":null,"35":null,"36":null,"37":0.012556,"38":0.006278,"39":0.037668,"40":0.037668,"41":null,"42":0.395514,"43":0.043946,"44":0.037668,"45":0.169506,"46":0.012556,"47":0.301344,"48":0.175784,"49":2.881602,"50":1.908512,"51":0.056502,"52":null,"53":null},"chrome":{"4":null,"5":null,"6":null,"7":null,"8":null,"9":null,"10":null,"11":0.018834,"12":null,"13":null,"14":null,"15":null,"16":null,"17":null,"18":0.006278,"19":null,"20":null,"21":null,"22":0.09417,"23":null,"24":null,"25":null,"26":null,"27":null,"28":0.025112,"29":null,"30":null,"31":0.012556,"32":0.012556,"33":null,"34":0.018834,"35":0.018834,"36":0.006278,"37":null,"38":0.018834,"39":0.06278,"40":0.012556,"41":0.006278,"42":null,"43":0.025112,"44":0.018834,"45":0.175784,"46":0.012556,"47":0.012556,"48":0.006278,"49":2.078018,"50":0.119282,"51":0.332734,"52":0.263676,"53":0.772194,"54":33.80703,"55":0.081614,"56":0.100448,"57":0.012556},"opera":{"9":null,"9.5-9.6":null,"10.0-10.1":0,"10.5":null,"10.6":null,"11":null,"11.1":null,"11.5":null,"11.6":null,"12":null,"12.1":0.018834,"15":null,"16":null,"17":null,"18":null,"19":null,"20":null,"21":null,"22":null,"23":null,"24":null,"25":null,"26":null,"27":null,"28":null,"29":0.037668,"30":null,"31":null,"32":null,"33":0.012556,"34":null,"35":0.006278,"36":0.056502,"37":0.213452,"38":0.006278,"39":null,"40":0.018834,"41":0.50224,"42":null,"43":null},"safari":{"3.1":null,"3.2":null,"4":0,"5":0.018834,"5.1":0.03139,"6":0.012556,"6.1":0.043946,"7":0.006278,"7.1":null,"8":0.087892,"9":0.075336,"9.1":0.452016,"10":1.38116,"0":null},"ios_saf":{"3.2":0,"4.0-4.1":0,"4.2-4.3":0,"5.0-5.1":0,"6.0-6.1":0,"7.0-7.1":0.104927887535,"8":0,"8.1-8.4":0.135531854733,"9.0-9.2":0.104442110278,"9.3":0.683974378007,"10-10.1":3.63604276945},"android":{"2.1":0,"2.2":0,"2.3":0.0109795522051,"3":0,"4":0.0951561191104,"4.1":0.301937685639,"4.2-4.3":0.861894848096,"4.4":2.03121715793,"4.4.3-4.4.4":1.55360663701,"53":null},"op_mob":{"10":0,"11":0,"11.1":0,"11.5":0,"12":0,"12.1":0.000684661141881,"0":0.0246478011077},"ie":{"5.5":null,"6":null,"7":null,"8":0.09417,"9":0.364124,"10":0.182062,"11":5.706702},"edge":{"12":0.269954,"13":0.514796,"14":3.120166},"bb":{"7":0.11634375,"10":null},"ie_mob":{"10":0.162501504,"11":0.760802496},"and_ff":{"0":0.014892},"samsung":{"0":2.970954},"and_uc":{"0":0.271779},"op_mini":{"0":0.33207553775},"and_chr":{"0":27.054311}},"total":98.77285075}