{"id":"GE","name":"Georgia","month":"2016-11","access_date":"2016-12-03","data":{"firefox":{"2":null,"3":0.047232,"3.5":0.07872,"3.6":0.165312,"4":0.015744,"5":null,"6":null,"7":null,"8":null,"9":null,"10":0.007872,"11":0.007872,"12":0.015744,"13":0.007872,"14":0.015744,"15":0.015744,"16":0.015744,"17":null,"18":0.015744,"19":null,"20":null,"21":0.149568,"22":0.031488,"23":0.023616,"24":0.031488,"25":0.047232,"26":null,"27":0.023616,"28":0.023616,"29":0.015744,"30":null,"31":0.03936,"32":null,"33":0.015744,"34":0.007872,"35":0.015744,"36":0.031488,"37":0.15744,"38":0.015744,"39":0.007872,"40":0.015744,"41":null,"42":null,"43":0.070848,"44":0.023616,"45":0.070848,"46":0.062976,"47":0.267648,"48":0.102336,"49":1.598016,"50":1.054848,"51":0.015744,"52":null,"53":null},"chrome":{"4":0.023616,"5":0.015744,"6":null,"7":null,"8":0.015744,"9":0.007872,"10":0.007872,"11":0.03936,"12":0.03936,"13":0.023616,"14":0.015744,"15":0.031488,"16":0.023616,"17":0.03936,"18":0.03936,"19":0.03936,"20":0.023616,"21":0.03936,"22":0.07872,"23":0.062976,"24":0.047232,"25":0.031488,"26":0.055104,"27":0.07872,"28":0.055104,"29":0.03936,"30":0.062976,"31":0.070848,"32":0.03936,"33":0.086592,"34":0.031488,"35":0.055104,"36":0.055104,"37":0.047232,"38":0.031488,"39":0.110208,"40":0.062976,"41":0.307008,"42":0.03936,"43":0.299136,"44":0.094464,"45":0.086592,"46":0.062976,"47":0.141696,"48":0.149568,"49":2.5584,"50":0.204672,"51":0.771456,"52":0.519552,"53":0.771456,"54":47.727936,"55":0.31488,"56":0.188928,"57":0.007872},"opera":{"9":null,"9.5-9.6":null,"10.0-10.1":0,"10.5":null,"10.6":0.015744,"11":null,"11.1":0.015744,"11.5":0.055104,"11.6":0.11808,"12":0.102336,"12.1":0.558912,"15":0.03936,"16":0.023616,"17":0.015744,"18":0.047232,"19":0.031488,"20":0.055104,"21":null,"22":0.015744,"23":null,"24":0.015744,"25":0.007872,"26":0.015744,"27":0.055104,"28":0.244032,"29":0.015744,"30":0.031488,"31":0.023616,"32":0.023616,"33":0.031488,"34":0.055104,"35":0.133824,"36":0.385728,"37":0.094464,"38":0.165312,"39":0.125952,"40":0.188928,"41":7.580736,"42":0.03936,"43":0.023616},"safari":{"3.1":0.007872,"3.2":null,"4":0.062976,"5":0.070848,"5.1":0.07872,"6":0.007872,"6.1":0.015744,"7":0.015744,"7.1":null,"8":0.031488,"9":0.031488,"9.1":0.125952,"10":0.259776,"0":null},"ios_saf":{"3.2":0,"4.0-4.1":0,"4.2-4.3":0,"5.0-5.1":0,"6.0-6.1":0,"7.0-7.1":0.0819355726336,"8":0,"8.1-8.4":0.105833447985,"9.0-9.2":0.0815562412788,"9.3":0.534098547537,"10-10.1":2.83929519057},"android":{"2.1":0,"2.2":0,"2.3":0.00300932906144,"3":0,"4":0.0260808518658,"4.1":0.0827565491896,"4.2-4.3":0.236232331323,"4.4":0.556725876366,"4.4.3-4.4.4":0.425820062194,"53":null},"op_mob":{"10":0,"11":0,"11.1":0,"11.5":0,"12":0,"12.1":0.00391931761962,"0":0.141095434306},"ie":{"5.5":null,"6":0.00809691428571,"7":0.0161938285714,"8":0.445330285714,"9":0.194325942857,"10":0.145744457143,"11":1.74083657143},"edge":{"12":0.031488,"13":0.897408,"14":0.842304},"bb":{"7":0.03353175,"10":null},"ie_mob":{"10":0.08992896,"11":0.42103104},"and_ff":{"0":0.023419},"samsung":{"0":1.302948},"and_uc":{"0":0.417284},"op_mini":{"0":1.90095424807},"and_chr":{"0":12.014523}},"total":96.80658675}