{"id":"GF","name":"French Guiana","month":"2016-11","access_date":"2016-12-03","data":{"firefox":{"2":null,"3":0.024868,"3.5":null,"3.6":0.006217,"4":null,"5":null,"6":null,"7":null,"8":null,"9":null,"10":null,"11":null,"12":null,"13":null,"14":null,"15":null,"16":null,"17":0.012434,"18":null,"19":0.006217,"20":null,"21":null,"22":0.012434,"23":null,"24":0.06217,"25":null,"26":0.018651,"27":null,"28":null,"29":null,"30":null,"31":0.012434,"32":0.012434,"33":null,"34":null,"35":0.012434,"36":null,"37":0.223812,"38":0.118123,"39":0.024868,"40":0.012434,"41":0.012434,"42":0.031085,"43":0.093255,"44":0.031085,"45":0.111906,"46":0.024868,"47":0.404105,"48":0.341935,"49":7.479051,"50":3.898059,"51":0.012434,"52":null,"53":null},"chrome":{"4":null,"5":null,"6":null,"7":null,"8":null,"9":null,"10":null,"11":null,"12":0.012434,"13":null,"14":null,"15":null,"16":null,"17":null,"18":0.087038,"19":null,"20":null,"21":0.024868,"22":null,"23":0.006217,"24":null,"25":null,"26":null,"27":null,"28":null,"29":0.06217,"30":null,"31":0.024868,"32":0.018651,"33":0.006217,"34":0.006217,"35":0.055953,"36":0.012434,"37":0.018651,"38":0.012434,"39":0.074604,"40":0.031085,"41":0.012434,"42":0.721172,"43":0.093255,"44":0.037302,"45":0.236246,"46":0.012434,"47":0.031085,"48":0.105689,"49":0.752257,"50":0.037302,"51":0.285982,"52":0.447624,"53":0.764691,"54":28.666587,"55":0.074604,"56":0.06217,"57":null},"opera":{"9":null,"9.5-9.6":null,"10.0-10.1":0,"10.5":null,"10.6":null,"11":null,"11.1":null,"11.5":null,"11.6":null,"12":null,"12.1":0.018651,"15":null,"16":null,"17":null,"18":null,"19":null,"20":null,"21":null,"22":null,"23":null,"24":null,"25":null,"26":null,"27":null,"28":null,"29":null,"30":0.012434,"31":null,"32":null,"33":null,"34":null,"35":null,"36":0.024868,"37":0.018651,"38":null,"39":null,"40":0.006217,"41":0.31085,"42":null,"43":null},"safari":{"3.1":null,"3.2":null,"4":0.037302,"5":0.018651,"5.1":0.155425,"6":null,"6.1":0.12434,"7":0.074604,"7.1":null,"8":0.080821,"9":0.167859,"9.1":0.801993,"10":2.144865,"0":null},"ios_saf":{"3.2":0,"4.0-4.1":0,"4.2-4.3":0,"5.0-5.1":0,"6.0-6.1":0,"7.0-7.1":0.103896,"8":0,"8.1-8.4":0.134199,"9.0-9.2":0.103415,"9.3":0.677248,"10-10.1":3.600285},"android":{"2.1":0,"2.2":0,"2.3":0.00572369468526,"3":0,"4":0.0496053539389,"4.1":0.157401603845,"4.2-4.3":0.449310032793,"4.4":1.05888351677,"4.4.3-4.4.4":0.809902797965,"53":null},"op_mob":{"10":0,"11":0,"11.1":0,"11.5":0,"12":0,"12.1":0.00111601099404,"0":0.0401763957856},"ie":{"5.5":null,"6":null,"7":0.0141273463035,"8":0.508584466926,"9":0.233101214008,"10":0.317865291829,"11":4.37241368093},"edge":{"12":0.18651,"13":0.801993,"14":2.36246},"bb":{"7":0.0094575,"10":null},"ie_mob":{"10":0.029295552,"11":0.137156448},"and_ff":{"0":0.022698},"samsung":{"0":5.97714},"and_uc":{"0":0.215631},"op_mini":{"0":0.54128959322},"and_chr":{"0":26.093042}},"total":98.8058805}