{"id":"GG","name":"Guernsey","month":"2016-11","access_date":"2016-12-03","data":{"firefox":{"2":null,"3":null,"3.5":null,"3.6":null,"4":null,"5":null,"6":null,"7":null,"8":null,"9":null,"10":null,"11":null,"12":null,"13":null,"14":null,"15":null,"16":null,"17":null,"18":null,"19":null,"20":null,"21":0.243892,"22":null,"23":null,"24":0.011086,"25":null,"26":0.011086,"27":null,"28":0.011086,"29":null,"30":0.049887,"31":0.044344,"32":0.016629,"33":null,"34":0.005543,"35":null,"36":null,"37":null,"38":null,"39":null,"40":null,"41":null,"42":0.011086,"43":0.011086,"44":0.033258,"45":0.365838,"46":0.011086,"47":0.155204,"48":0.315951,"49":3.253741,"50":1.579755,"51":0.072059,"52":null,"53":null},"chrome":{"4":null,"5":null,"6":null,"7":null,"8":null,"9":null,"10":null,"11":0.105317,"12":null,"13":null,"14":null,"15":null,"16":null,"17":null,"18":0.011086,"19":null,"20":null,"21":null,"22":0.033258,"23":null,"24":null,"25":null,"26":0.005543,"27":null,"28":null,"29":null,"30":null,"31":null,"32":null,"33":0.005543,"34":null,"35":null,"36":0.011086,"37":null,"38":0.027715,"39":0.005543,"40":null,"41":null,"42":null,"43":0.027715,"44":0.044344,"45":0.033258,"46":0.011086,"47":0.044344,"48":0.044344,"49":1.225003,"50":0.049887,"51":0.22172,"52":0.066516,"53":0.914595,"54":22.11657,"55":0.060973,"56":0.011086,"57":null},"opera":{"9":null,"9.5-9.6":null,"10.0-10.1":0,"10.5":null,"10.6":null,"11":null,"11.1":null,"11.5":null,"11.6":null,"12":null,"12.1":null,"15":null,"16":null,"17":null,"18":null,"19":null,"20":null,"21":null,"22":null,"23":null,"24":null,"25":null,"26":null,"27":null,"28":null,"29":null,"30":null,"31":null,"32":null,"33":null,"34":null,"35":null,"36":null,"37":null,"38":null,"39":null,"40":null,"41":0.232806,"42":null,"43":null},"safari":{"3.1":null,"3.2":0.005543,"4":0.011086,"5":1.152944,"5.1":0.27715,"6":0.011086,"6.1":0.216177,"7":0.083145,"7.1":0.005543,"8":0.315951,"9":0.271607,"9.1":1.867991,"10":5.010872,"0":null},"ios_saf":{"3.2":0,"4.0-4.1":0,"4.2-4.3":0,"5.0-5.1":0,"6.0-6.1":0,"7.0-7.1":0.6159811209,"8":0,"8.1-8.4":0.795642281162,"9.0-9.2":0.613129356451,"9.3":4.01528434364,"10-10.1":21.3454568978},"android":{"2.1":0,"2.2":0,"2.3":0.0018652016585,"3":0,"4":0.0161650810403,"4.1":0.0512930456087,"4.2-4.3":0.146418330192,"4.4":0.345062306822,"4.4.3-4.4.4":0.263926034678,"53":null},"op_mob":{"10":0,"11":0,"11.1":0,"11.5":0,"12":0,"12.1":0.000119558239287,"0":0.00430409661433},"ie":{"5.5":null,"6":0.011086,"7":0.016629,"8":0.260521,"9":0.460069,"10":0.16629,"11":9.400928},"edge":{"12":0.099774,"13":0.504413,"14":3.065279},"bb":{"7":0.013374,"10":null},"ie_mob":{"10":0.140444832,"11":0.657537168},"and_ff":{"0":0.008916},"samsung":{"0":4.743312},"and_uc":{"0":0.026748},"op_mini":{"0":0.0579883451464},"and_chr":{"0":10.490664}},"total":99.079671}