{"id":"GH","name":"Ghana","month":"2016-11","access_date":"2016-12-03","data":{"firefox":{"2":null,"3":0.062643,"3.5":null,"3.6":0.020881,"4":0.017898,"5":0.005966,"6":0.005966,"7":0.002983,"8":0.005966,"9":0.005966,"10":0.008949,"11":0.026847,"12":0.020881,"13":0.011932,"14":0.014915,"15":0.011932,"16":0.017898,"17":0.011932,"18":0.011932,"19":0.014915,"20":0.014915,"21":0.020881,"22":0.011932,"23":0.011932,"24":0.02983,"25":0.011932,"26":0.014915,"27":0.017898,"28":0.017898,"29":0.062643,"30":0.050711,"31":0.032813,"32":0.02983,"33":0.02983,"34":0.038779,"35":0.053694,"36":0.056677,"37":0.068609,"38":0.080541,"39":0.071592,"40":0.137218,"41":0.092473,"42":0.095456,"43":0.396739,"44":0.47728,"45":0.184946,"46":0.205827,"47":0.802427,"48":0.462365,"49":3.654175,"50":2.186539,"51":0.399722,"52":null,"53":null},"chrome":{"4":null,"5":null,"6":null,"7":null,"8":null,"9":0.005966,"10":null,"11":0.02983,"12":0.005966,"13":null,"14":0.002983,"15":0.002983,"16":null,"17":0.002983,"18":0.005966,"19":0.005966,"20":0.008949,"21":0.005966,"22":0.011932,"23":0.008949,"24":0.005966,"25":0.011932,"26":0.005966,"27":0.020881,"28":0.011932,"29":0.026847,"30":0.005966,"31":0.050711,"32":0.017898,"33":0.062643,"34":0.008949,"35":0.020881,"36":0.017898,"37":0.005966,"38":0.005966,"39":0.023864,"40":0.020881,"41":0.008949,"42":0.020881,"43":0.235657,"44":0.017898,"45":0.05966,"46":0.023864,"47":0.05966,"48":0.053694,"49":0.557821,"50":0.071592,"51":0.343045,"52":0.247589,"53":0.411654,"54":10.32118,"55":0.083524,"56":0.128269,"57":null},"opera":{"9":null,"9.5-9.6":null,"10.0-10.1":0,"10.5":null,"10.6":0.002983,"11":0.005966,"11.1":null,"11.5":0.005966,"11.6":0.011932,"12":0.002983,"12.1":0.020881,"15":0.002983,"16":0.005966,"17":0.002983,"18":0.002983,"19":0.002983,"20":0.002983,"21":null,"22":0.002983,"23":null,"24":null,"25":null,"26":null,"27":null,"28":0.002983,"29":0.017898,"30":0.005966,"31":0.008949,"32":0.005966,"33":0.011932,"34":0.008949,"35":0.035796,"36":0.032813,"37":0.214776,"38":0.011932,"39":0.017898,"40":0.050711,"41":0.74575,"42":null,"43":null},"safari":{"3.1":null,"3.2":null,"4":0.002983,"5":0.005966,"5.1":0.023864,"6":0.008949,"6.1":0.002983,"7":0.008949,"7.1":0.002983,"8":0.053694,"9":0.074575,"9.1":0.14915,"10":0.399722,"0":null},"ios_saf":{"3.2":0,"4.0-4.1":0,"4.2-4.3":0,"5.0-5.1":0,"6.0-6.1":0,"7.0-7.1":0.0582321424555,"8":0,"8.1-8.4":0.0752165173383,"9.0-9.2":0.0579625492034,"9.3":0.379587298969,"10-10.1":2.01790549203},"android":{"2.1":0,"2.2":0,"2.3":0.0100757482096,"3":0,"4":0.0873231511496,"4.1":0.277083075763,"4.2-4.3":0.790946234452,"4.4":1.86401341877,"4.4.3-4.4.4":1.42571837165,"53":null},"op_mob":{"10":0,"11":0,"11.1":0,"11.5":0,"12":0,"12.1":0.0795651155624,"0":2.86434416025},"ie":{"5.5":null,"6":0.0122482698795,"7":0.00612413493976,"8":0.223530925301,"9":0.0459310120482,"10":0.122482698795,"11":0.857378891566},"edge":{"12":0.17898,"13":0.158099,"14":0.313215},"bb":{"7":0.063144,"10":null},"ie_mob":{"10":0.317347712,"11":1.485764288},"and_ff":{"0":0.056128},"samsung":{"0":1.326024},"and_uc":{"0":5.549656},"op_mini":{"0":38.5908107242},"and_chr":{"0":13.644573}},"total":98.0920669325}