{"id":"GI","name":"Gibraltar","month":"2016-11","access_date":"2016-12-03","data":{"firefox":{"2":null,"3":null,"3.5":null,"3.6":null,"4":null,"5":null,"6":null,"7":null,"8":null,"9":null,"10":null,"11":null,"12":null,"13":null,"14":null,"15":null,"16":null,"17":null,"18":null,"19":null,"20":null,"21":null,"22":null,"23":null,"24":null,"25":null,"26":null,"27":null,"28":null,"29":null,"30":null,"31":null,"32":null,"33":null,"34":null,"35":null,"36":null,"37":0.023667,"38":0.583786,"39":0.031556,"40":0.063112,"41":0.015778,"42":0.047334,"43":0.197225,"44":0.007889,"45":1.459465,"46":2.784817,"47":6.445313,"48":0.07889,"49":1.033459,"50":0.497007,"51":null,"52":null,"53":null},"chrome":{"4":null,"5":null,"6":null,"7":null,"8":null,"9":null,"10":null,"11":null,"12":null,"13":null,"14":null,"15":null,"16":null,"17":null,"18":null,"19":null,"20":null,"21":null,"22":null,"23":null,"24":null,"25":null,"26":null,"27":null,"28":null,"29":null,"30":null,"31":0.055223,"32":0.071001,"33":null,"34":null,"35":0.015778,"36":0.015778,"37":null,"38":null,"39":0.465451,"40":null,"41":0.015778,"42":0.031556,"43":0.039445,"44":0.015778,"45":null,"46":0.047334,"47":0.039445,"48":0.757344,"49":1.167572,"50":6.666205,"51":20.053838,"52":0.023667,"53":0.268226,"54":13.340299,"55":0.031556,"56":0.039445,"57":null},"opera":{"9":null,"9.5-9.6":null,"10.0-10.1":0,"10.5":null,"10.6":null,"11":null,"11.1":null,"11.5":null,"11.6":null,"12":null,"12.1":null,"15":null,"16":null,"17":null,"18":null,"19":null,"20":null,"21":null,"22":null,"23":null,"24":null,"25":null,"26":null,"27":null,"28":null,"29":null,"30":null,"31":null,"32":null,"33":null,"34":null,"35":null,"36":null,"37":null,"38":0.063112,"39":null,"40":null,"41":0.110446,"42":null,"43":null},"safari":{"3.1":null,"3.2":null,"4":0,"5":0.023667,"5.1":0.031556,"6":null,"6.1":0.094668,"7":0.007889,"7.1":null,"8":0.670565,"9":1.120238,"9.1":2.634926,"10":0.844123,"0":null},"ios_saf":{"3.2":0,"4.0-4.1":0,"4.2-4.3":0,"5.0-5.1":0,"6.0-6.1":0,"7.0-7.1":0.270256824742,"8":0,"8.1-8.4":0.349081731959,"9.0-9.2":0.269005635739,"9.3":1.76167411684,"10-10.1":9.36514969072},"android":{"2.1":0,"2.2":0,"2.3":0.00120367282322,"3":0,"4":0.0104318311346,"4.1":0.0331010026385,"4.2-4.3":0.0944883166227,"4.4":0.222679472296,"4.4.3-4.4.4":0.170319704485,"53":null},"op_mob":{"10":0,"11":0,"11.1":0,"11.5":0,"12":0,"12.1":2.83206596427e-5,"0":0.00101954374714},"ie":{"5.5":null,"6":null,"7":null,"8":0.220892,"9":0.118335,"10":0.110446,"11":4.33895},"edge":{"12":0.015778,"13":0.875679,"14":0.852012},"bb":{"7":0.003696,"10":null},"ie_mob":{"10":0.029365248,"11":0.137482752},"and_ff":{"0":0.006336},"samsung":{"0":1.788864},"and_uc":{"0":0.03168},"op_mini":{"0":0.0137361355932},"and_chr":{"0":6.542293}},"total":89.665192}