{"id":"GL","name":"Greenland","month":"2016-11","access_date":"2016-12-03","data":{"firefox":{"2":null,"3":0.017592,"3.5":null,"3.6":8.62008,"4":null,"5":null,"6":null,"7":null,"8":null,"9":null,"10":null,"11":null,"12":null,"13":null,"14":null,"15":null,"16":null,"17":null,"18":null,"19":null,"20":null,"21":null,"22":null,"23":null,"24":null,"25":null,"26":0.011728,"27":null,"28":null,"29":null,"30":null,"31":null,"32":null,"33":null,"34":null,"35":null,"36":0.046912,"37":null,"38":null,"39":null,"40":0.005864,"41":0.005864,"42":0.064504,"43":0.258016,"44":0.052776,"45":0.046912,"46":0.011728,"47":0.240424,"48":0.340112,"49":2.591888,"50":3.307296,"51":0.011728,"52":null,"53":0.005864},"chrome":{"4":null,"5":null,"6":null,"7":null,"8":null,"9":null,"10":null,"11":null,"12":null,"13":null,"14":null,"15":null,"16":null,"17":null,"18":null,"19":null,"20":null,"21":null,"22":null,"23":null,"24":null,"25":null,"26":null,"27":null,"28":null,"29":0.011728,"30":null,"31":0.046912,"32":null,"33":null,"34":0.017592,"35":null,"36":null,"37":0.011728,"38":null,"39":0.070368,"40":null,"41":0.017592,"42":null,"43":0.123144,"44":null,"45":null,"46":0.017592,"47":null,"48":0.005864,"49":1.05552,"50":0.05864,"51":0.123144,"52":0.111416,"53":0.668496,"54":19.26324,"55":0.046912,"56":0.005864,"57":null},"opera":{"9":null,"9.5-9.6":null,"10.0-10.1":0,"10.5":null,"10.6":null,"11":null,"11.1":null,"11.5":null,"11.6":null,"12":null,"12.1":0.035184,"15":null,"16":null,"17":null,"18":null,"19":null,"20":null,"21":null,"22":null,"23":null,"24":null,"25":null,"26":null,"27":null,"28":null,"29":null,"30":null,"31":null,"32":null,"33":null,"34":null,"35":null,"36":0.017592,"37":null,"38":null,"39":0.005864,"40":null,"41":0.340112,"42":null,"43":null},"safari":{"3.1":null,"3.2":null,"4":0,"5":0.046912,"5.1":0.129008,"6":null,"6.1":0.052776,"7":null,"7.1":null,"8":0.299064,"9":0.920648,"9.1":1.442544,"10":3.213472,"0":null},"ios_saf":{"3.2":0,"4.0-4.1":0,"4.2-4.3":0,"5.0-5.1":0,"6.0-6.1":0,"7.0-7.1":0.245136494845,"8":0,"8.1-8.4":0.316634639175,"9.0-9.2":0.244001603666,"9.3":1.59792678121,"10-10.1":8.4946604811},"android":{"2.1":0,"2.2":0,"2.3":0.00226365322277,"3":0,"4":0.0196183279306,"4.1":0.0622504636261,"4.2-4.3":0.177696777987,"4.4":0.418775846212,"4.4.3-4.4.4":0.320306931021,"53":null},"op_mob":{"10":0,"11":0,"11.1":0,"11.5":0,"12":0,"12.1":0.0199660650481,"0":0.718778341732},"ie":{"5.5":null,"6":null,"7":0.017592,"8":0.164192,"9":0.228696,"10":0.8796,"11":8.966056},"edge":{"12":0.158328,"13":0.55708,"14":2.949592},"bb":{"7":0,"10":null},"ie_mob":{"10":0.02547776,"11":0.11928224},"and_ff":{"0":0.024816},"samsung":{"0":4.748128},"and_uc":{"0":3.53628},"op_mini":{"0":9.68397559322},"and_chr":{"0":10.514872}},"total":99.0102}