{"id":"GM","name":"Gambia","month":"2016-11","access_date":"2016-12-03","data":{"firefox":{"2":null,"3":0.0958,"3.5":null,"3.6":0.01916,"4":0.026824,"5":0.003832,"6":0.007664,"7":null,"8":0.007664,"9":null,"10":0.015328,"11":0.034488,"12":0.045984,"13":null,"14":0.01916,"15":0.011496,"16":null,"17":0.042152,"18":0.007664,"19":0.01916,"20":0.022992,"21":0.17244,"22":0.034488,"23":0.022992,"24":0.042152,"25":0.03832,"26":0.003832,"27":0.01916,"28":0.01916,"29":0.126456,"30":0.01916,"31":0.049816,"32":0.015328,"33":0.026824,"34":0.218424,"35":0.011496,"36":0.099632,"37":0.295064,"38":0.034488,"39":0.053648,"40":0.084304,"41":0.053648,"42":0.479,"43":0.436848,"44":0.387032,"45":0.183936,"46":0.145616,"47":0.712752,"48":0.367872,"49":5.885952,"50":3.379824,"51":1.011648,"52":null,"53":null},"chrome":{"4":null,"5":null,"6":null,"7":null,"8":null,"9":null,"10":null,"11":0.01916,"12":null,"13":0.003832,"14":null,"15":null,"16":null,"17":0.011496,"18":null,"19":0.007664,"20":0.007664,"21":0.01916,"22":null,"23":0.042152,"24":null,"25":0.084304,"26":0.01916,"27":0.065144,"28":0.030656,"29":0.049816,"30":0.030656,"31":0.034488,"32":0.042152,"33":0.034488,"34":0.061312,"35":0.030656,"36":0.05748,"37":0.034488,"38":0.007664,"39":0.030656,"40":0.022992,"41":0.26824,"42":0.026824,"43":0.203096,"44":0.026824,"45":0.034488,"46":0.030656,"47":0.0958,"48":0.01916,"49":0.636112,"50":0.034488,"51":0.701256,"52":0.751072,"53":0.781728,"54":11.883032,"55":0.07664,"56":0.061312,"57":null},"opera":{"9":null,"9.5-9.6":null,"10.0-10.1":0,"10.5":null,"10.6":null,"11":0.003832,"11.1":null,"11.5":0.003832,"11.6":0.022992,"12":0.03832,"12.1":0.065144,"15":null,"16":null,"17":null,"18":null,"19":null,"20":0.015328,"21":0.065144,"22":0.015328,"23":null,"24":null,"25":0.003832,"26":null,"27":null,"28":0.245248,"29":0.045984,"30":null,"31":0.003832,"32":null,"33":0.01916,"34":0.007664,"35":null,"36":0.045984,"37":0.026824,"38":0.015328,"39":0.007664,"40":0.030656,"41":0.78556,"42":null,"43":null},"safari":{"3.1":null,"3.2":null,"4":0,"5":0.022992,"5.1":0.030656,"6":null,"6.1":null,"7":0.015328,"7.1":null,"8":0.084304,"9":0.011496,"9.1":0.099632,"10":0.341048,"0":null},"ios_saf":{"3.2":0,"4.0-4.1":0,"4.2-4.3":0,"5.0-5.1":0,"6.0-6.1":0,"7.0-7.1":0.0832284910965,"8":0,"8.1-8.4":0.107503467666,"9.0-9.2":0.0828431740081,"9.3":0.542526460481,"10-10.1":2.88409840675},"android":{"2.1":0,"2.2":0,"2.3":0.0207255831135,"3":0,"4":0.179621720317,"4.1":0.56995353562,"4.2-4.3":1.62695827441,"4.4":3.83423287599,"4.4.3-4.4.4":2.93267001055,"53":null},"op_mob":{"10":0,"11":0,"11.1":0,"11.5":0,"12":0,"12.1":0.0468176307,"0":1.6854347052},"ie":{"5.5":null,"6":0.003832,"7":0.003832,"8":0.22992,"9":0.130288,"10":0.111128,"11":1.406344},"edge":{"12":0.168608,"13":0.199264,"14":0.145616},"bb":{"7":0.0709205,"10":null},"ie_mob":{"10":0.236615456,"11":1.107790544},"and_ff":{"0":0.06167},"samsung":{"0":2.460633},"and_uc":{"0":6.956376},"op_mini":{"0":22.7075686641},"and_chr":{"0":13.581385}},"total":97.4401655}