{"id":"GN","name":"Guinea","month":"2016-11","access_date":"2016-12-03","data":{"firefox":{"2":0.004419,"3":0.047136,"3.5":0.013257,"3.6":0.094272,"4":0.01473,"5":0.010311,"6":0.010311,"7":0.001473,"8":0.007365,"9":null,"10":0.013257,"11":0.011784,"12":0.019149,"13":0.004419,"14":0.002946,"15":0.002946,"16":0.007365,"17":0.017676,"18":0.005892,"19":0.025041,"20":0.035352,"21":0.007365,"22":0.039771,"23":0.008838,"24":0.020622,"25":0.008838,"26":0.004419,"27":0.001473,"28":0.004419,"29":0.01473,"30":0.025041,"31":0.013257,"32":0.013257,"33":0.02946,"34":0.192963,"35":0.013257,"36":0.010311,"37":0.017676,"38":0.042717,"39":0.020622,"40":0.025041,"41":0.042717,"42":0.019149,"43":0.310803,"44":0.048609,"45":0.075123,"46":0.039771,"47":0.45663,"48":0.241572,"49":1.430283,"50":0.659904,"51":0.010311,"52":null,"53":null},"chrome":{"4":null,"5":0.004419,"6":null,"7":null,"8":null,"9":null,"10":null,"11":0.02946,"12":null,"13":null,"14":0.004419,"15":0.001473,"16":0.004419,"17":0.008838,"18":0.001473,"19":0.005892,"20":0.001473,"21":0.004419,"22":null,"23":null,"24":null,"25":0.020622,"26":0.007365,"27":0.002946,"28":0.016203,"29":0.013257,"30":null,"31":0.026514,"32":0.007365,"33":0.061866,"34":null,"35":null,"36":0.007365,"37":0.022095,"38":0.013257,"39":0.005892,"40":0.011784,"41":0.005892,"42":0.013257,"43":0.318168,"44":0.004419,"45":0.119313,"46":0.055974,"47":0.076596,"48":0.048609,"49":0.181179,"50":0.033879,"51":0.141408,"52":0.078069,"53":0.334371,"54":3.946167,"55":0.007365,"56":0.011784,"57":null},"opera":{"9":null,"9.5-9.6":0.001473,"10.0-10.1":0,"10.5":null,"10.6":0.002946,"11":0.001473,"11.1":null,"11.5":0.002946,"11.6":0.001473,"12":null,"12.1":0.005892,"15":0.010311,"16":null,"17":0.004419,"18":0.002946,"19":0.002946,"20":0.001473,"21":null,"22":0.002946,"23":null,"24":null,"25":null,"26":null,"27":null,"28":null,"29":0.078069,"30":0.010311,"31":0.002946,"32":0.005892,"33":0.016203,"34":0.013257,"35":0.013257,"36":0.010311,"37":0.466941,"38":0.004419,"39":0.007365,"40":0.039771,"41":0.380034,"42":null,"43":0.002946},"safari":{"3.1":null,"3.2":null,"4":0,"5":null,"5.1":0.013257,"6":0.08838,"6.1":0.008838,"7":0.005892,"7.1":0.002946,"8":0.036825,"9":0.066285,"9.1":0.153192,"10":0.231261,"0":null},"ios_saf":{"3.2":0,"4.0-4.1":0,"4.2-4.3":0,"5.0-5.1":0,"6.0-6.1":0,"7.0-7.1":0.0419987403936,"8":0,"8.1-8.4":0.0542483730084,"9.0-9.2":0.0418043017807,"9.3":0.27376956701,"10-10.1":1.45537301781},"android":{"2.1":0,"2.2":0,"2.3":0.0153487282322,"3":0,"4":0.133022311346,"4.1":0.422090026385,"4.2-4.3":1.20487516623,"4.4":2.83951472296,"4.4.3-4.4.4":2.17184504485,"53":null},"op_mob":{"10":0,"11":0,"11.1":0,"11.5":0,"12":0,"12.1":0.0665065636114,"0":2.39423629001},"ie":{"5.5":null,"6":0.0044904021544,"7":0.0299360143627,"8":0.158660876122,"9":0.022452010772,"10":0.0748400359066,"11":0.53735145781},"edge":{"12":0.125205,"13":0.081015,"14":0.125205},"bb":{"7":0.0063945,"10":null},"ie_mob":{"10":0.085532832,"11":0.400449168},"and_ff":{"0":0.306936},"samsung":{"0":1.688148},"and_uc":{"0":2.992626},"op_mini":{"0":32.2571291464},"and_chr":{"0":35.99235}},"total":97.5605122971}