{"id":"GP","name":"Guadeloupe","month":"2016-11","access_date":"2016-12-03","data":{"firefox":{"2":null,"3":null,"3.5":0.006289,"3.6":0.088046,"4":null,"5":null,"6":null,"7":null,"8":null,"9":null,"10":null,"11":null,"12":null,"13":null,"14":null,"15":null,"16":0.044023,"17":null,"18":null,"19":null,"20":0.006289,"21":null,"22":null,"23":null,"24":0.012578,"25":0.031445,"26":null,"27":null,"28":null,"29":null,"30":0.018867,"31":null,"32":null,"33":null,"34":null,"35":null,"36":0.006289,"37":0.012578,"38":0.094335,"39":0.06289,"40":0.031445,"41":0.006289,"42":0.012578,"43":0.081757,"44":0.037734,"45":0.106913,"46":0.088046,"47":0.213826,"48":0.729524,"49":5.326783,"50":2.729426,"51":0.025156,"52":null,"53":null},"chrome":{"4":null,"5":null,"6":null,"7":null,"8":null,"9":null,"10":null,"11":0.012578,"12":null,"13":null,"14":null,"15":null,"16":null,"17":null,"18":0.006289,"19":null,"20":null,"21":null,"22":0.327028,"23":null,"24":null,"25":null,"26":null,"27":null,"28":null,"29":null,"30":0.012578,"31":0.006289,"32":null,"33":0.012578,"34":0.012578,"35":0.025156,"36":0.025156,"37":0.031445,"38":0.025156,"39":0.025156,"40":0.075468,"41":0.006289,"42":0.06289,"43":0.050312,"44":0.075468,"45":0.018867,"46":0.037734,"47":0.050312,"48":0.050312,"49":1.163465,"50":0.088046,"51":0.270427,"52":0.232693,"53":0.69179,"54":29.174671,"55":0.138358,"56":0.025156,"57":null},"opera":{"9":null,"9.5-9.6":null,"10.0-10.1":0,"10.5":null,"10.6":null,"11":null,"11.1":null,"11.5":null,"11.6":null,"12":null,"12.1":0.025156,"15":null,"16":null,"17":null,"18":null,"19":null,"20":null,"21":null,"22":null,"23":null,"24":null,"25":null,"26":null,"27":null,"28":null,"29":null,"30":null,"31":null,"32":null,"33":null,"34":null,"35":null,"36":0.025156,"37":0.006289,"38":null,"39":0.006289,"40":0.006289,"41":0.584877,"42":null,"43":null},"safari":{"3.1":null,"3.2":null,"4":0.012578,"5":0.150936,"5.1":0.270427,"6":0.025156,"6.1":0.194959,"7":0.094335,"7.1":0.012578,"8":0.327028,"9":0.471675,"9.1":1.817521,"10":3.175945,"0":null},"ios_saf":{"3.2":0,"4.0-4.1":0,"4.2-4.3":0,"5.0-5.1":0,"6.0-6.1":0,"7.0-7.1":0.151917975633,"8":0,"8.1-8.4":0.196227385192,"9.0-9.2":0.151214651671,"9.3":0.990280137457,"10-10.1":5.26437985005},"android":{"2.1":0,"2.2":0,"2.3":0.00415441764041,"3":0,"4":0.0360049528835,"4.1":0.114246485111,"4.2-4.3":0.326121784772,"4.4":0.768567263475,"4.4.3-4.4.4":0.587850096118,"53":null},"op_mob":{"10":0,"11":0,"11.1":0,"11.5":0,"12":0,"12.1":0.000234593678424,"0":0.00844537242327},"ie":{"5.5":null,"6":null,"7":null,"8":0.094335,"9":0.144647,"10":0.257849,"11":4.433745},"edge":{"12":0.295583,"13":0.798703,"14":3.597308},"bb":{"7":0.01206075,"10":null},"ie_mob":{"10":0.039841296,"11":0.186529704},"and_ff":{"0":0.033399},"samsung":{"0":5.00985},"and_uc":{"0":0.044532},"op_mini":{"0":0.113783033898},"and_chr":{"0":25.143094}},"total":98.51944975}