{"id":"GQ","name":"Equatorial Guinea","month":"2016-11","access_date":"2016-12-03","data":{"firefox":{"2":null,"3":0.18843,"3.5":null,"3.6":0.078798,"4":0.023982,"5":0.106206,"6":0.03426,"7":null,"8":0.044538,"9":0.013704,"10":null,"11":0.01713,"12":0.020556,"13":0.023982,"14":0.044538,"15":0.010278,"16":0.003426,"17":0.006852,"18":0.006852,"19":0.037686,"20":0.020556,"21":0.010278,"22":0.010278,"23":0.010278,"24":0.054816,"25":0.006852,"26":0.030834,"27":null,"28":null,"29":0.054816,"30":1.041504,"31":0.459084,"32":0.041112,"33":0.315192,"34":0.123336,"35":0.164448,"36":0.006852,"37":0.030834,"38":0.078798,"39":0.058242,"40":0.1713,"41":0.195282,"42":0.03426,"43":0.842796,"44":0.133614,"45":0.41112,"46":0.113058,"47":0.849648,"48":0.349452,"49":2.53524,"50":1.120302,"51":0.044538,"52":null,"53":null},"chrome":{"4":null,"5":0.006852,"6":0.01713,"7":null,"8":null,"9":null,"10":null,"11":0.05139,"12":null,"13":0.006852,"14":0.010278,"15":null,"16":null,"17":0.003426,"18":0.006852,"19":0.010278,"20":null,"21":0.03426,"22":0.027408,"23":0.003426,"24":0.010278,"25":0.006852,"26":0.006852,"27":0.006852,"28":0.006852,"29":0.003426,"30":0.003426,"31":0.01713,"32":0.023982,"33":0.041112,"34":0.35973,"35":0.061668,"36":null,"37":0.003426,"38":0.006852,"39":0.010278,"40":0.013704,"41":0.013704,"42":0.126762,"43":0.109632,"44":0.089076,"45":0.287784,"46":0.065094,"47":0.010278,"48":0.106206,"49":0.613254,"50":0.167874,"51":0.332322,"52":0.352878,"53":0.555012,"54":11.233854,"55":0.020556,"56":0.061668,"57":null},"opera":{"9":null,"9.5-9.6":null,"10.0-10.1":0,"10.5":null,"10.6":null,"11":null,"11.1":null,"11.5":0.020556,"11.6":null,"12":null,"12.1":0.013704,"15":null,"16":null,"17":null,"18":0.003426,"19":0.003426,"20":null,"21":null,"22":null,"23":null,"24":null,"25":null,"26":null,"27":null,"28":null,"29":0.003426,"30":null,"31":null,"32":null,"33":null,"34":null,"35":0.006852,"36":0.023982,"37":null,"38":0.006852,"39":null,"40":0.054816,"41":0.332322,"42":null,"43":null},"safari":{"3.1":null,"3.2":null,"4":0,"5":0.006852,"5.1":null,"6":null,"6.1":0.006852,"7":null,"7.1":null,"8":0.044538,"9":0.08565,"9.1":0.116484,"10":0.380286,"0":null},"ios_saf":{"3.2":0,"4.0-4.1":0,"4.2-4.3":0,"5.0-5.1":0,"6.0-6.1":0,"7.0-7.1":0.0391792689784,"8":0,"8.1-8.4":0.0506065557638,"9.0-9.2":0.0389978834739,"9.3":0.255390790378,"10-10.1":1.35767050141},"android":{"2.1":0,"2.2":0,"2.3":0.0155492453826,"3":0,"4":0.134760126649,"4.1":0.427604248021,"4.2-4.3":1.22061576253,"4.4":2.87661039578,"4.4.3-4.4.4":2.20021822164,"53":null},"op_mob":{"10":0,"11":0,"11.1":0,"11.5":0,"12":0,"12.1":0.0482503583892,"0":1.73701290201},"ie":{"5.5":null,"6":0.010343814301,"7":null,"8":0.403408757737,"9":0.151709276414,"10":0.455127829242,"11":5.4373983842},"edge":{"12":0.150744,"13":0.246672,"14":0.39399},"bb":{"7":0.0492975,"10":null},"ie_mob":{"10":0.056685552,"11":0.265391448},"and_ff":{"0":0.078876},"samsung":{"0":3.306219},"and_uc":{"0":8.886696},"op_mini":{"0":23.4024727396},"and_chr":{"0":19.372239}},"total":99.0662255619}