{"id":"GR","name":"Greece","month":"2016-11","access_date":"2016-12-03","data":{"firefox":{"2":null,"3":0.01513,"3.5":0.01513,"3.6":0.04539,"4":0.09078,"5":0.083215,"6":0.083215,"7":null,"8":null,"9":null,"10":0.01513,"11":null,"12":0.098345,"13":null,"14":null,"15":null,"16":0.007565,"17":null,"18":null,"19":null,"20":0.007565,"21":null,"22":null,"23":null,"24":null,"25":null,"26":null,"27":null,"28":0.007565,"29":null,"30":0.01513,"31":0.01513,"32":null,"33":0.03026,"34":0.022695,"35":0.01513,"36":0.01513,"37":0.022695,"38":0.06052,"39":0.037825,"40":0.037825,"41":0.03026,"42":0.098345,"43":0.13617,"44":0.06052,"45":0.13617,"46":0.083215,"47":0.491725,"48":0.37825,"49":8.59384,"50":5.67375,"51":0.04539,"52":null,"53":null},"chrome":{"4":null,"5":0.01513,"6":null,"7":null,"8":null,"9":null,"10":0.01513,"11":0.143735,"12":null,"13":null,"14":null,"15":null,"16":0.083215,"17":null,"18":null,"19":null,"20":null,"21":0.022695,"22":0.098345,"23":0.01513,"24":0.007565,"25":null,"26":0.04539,"27":0.022695,"28":null,"29":0.01513,"30":0.03026,"31":0.052955,"32":0.007565,"33":0.01513,"34":0.083215,"35":0.04539,"36":0.03026,"37":0.022695,"38":0.07565,"39":0.10591,"40":0.04539,"41":0.022695,"42":0.01513,"43":0.12104,"44":0.113475,"45":0.037825,"46":0.068085,"47":0.128605,"48":0.13617,"49":5.52245,"50":0.12104,"51":0.49929,"52":0.3026,"53":0.869975,"54":37.02311,"55":0.098345,"56":0.068085,"57":null},"opera":{"9":null,"9.5-9.6":null,"10.0-10.1":0,"10.5":null,"10.6":0.01513,"11":null,"11.1":null,"11.5":null,"11.6":null,"12":0.249645,"12.1":0.12104,"15":null,"16":null,"17":null,"18":null,"19":null,"20":null,"21":null,"22":null,"23":null,"24":null,"25":null,"26":0.007565,"27":null,"28":null,"29":null,"30":0.007565,"31":null,"32":null,"33":null,"34":null,"35":null,"36":0.09078,"37":0.03026,"38":0.06052,"39":null,"40":0.01513,"41":0.658155,"42":null,"43":null},"safari":{"3.1":null,"3.2":null,"4":0.022695,"5":0.083215,"5.1":0.189125,"6":null,"6.1":0.03026,"7":0.01513,"7.1":0.007565,"8":0.04539,"9":0.052955,"9.1":0.25721,"10":0.643025,"0":null},"ios_saf":{"3.2":0,"4.0-4.1":0,"4.2-4.3":0,"5.0-5.1":0,"6.0-6.1":0,"7.0-7.1":0.0723516776007,"8":0,"8.1-8.4":0.0934542502343,"9.0-9.2":0.0720167161304,"9.3":0.471625750286,"10-10.1":2.50718660575},"android":{"2.1":0,"2.2":0,"2.3":0.00527568036185,"3":0,"4":0.0457225631361,"4.1":0.145081209951,"4.2-4.3":0.414140908406,"4.4":0.976000866943,"4.4.3-4.4.4":0.746508771202,"53":null},"op_mob":{"10":0,"11":0,"11.1":0,"11.5":0,"12":0,"12.1":0.000485113896639,"0":0.017464100279},"ie":{"5.5":null,"6":0.0530353566009,"7":0.143953110774,"8":0.606118361153,"9":0.333365098634,"10":0.265176783005,"11":3.59125128983},"edge":{"12":0.06052,"13":0.19669,"14":1.248225},"bb":{"7":0.00913125,"10":null},"ie_mob":{"10":0.10799712,"11":0.50562288},"and_ff":{"0":0.021915},"samsung":{"0":1.98696},"and_uc":{"0":0.19967},"op_mini":{"0":0.235290785824},"and_chr":{"0":16.4057}},"total":96.75580125}