{"id":"GT","name":"Guatemala","month":"2016-11","access_date":"2016-12-03","data":{"firefox":{"2":null,"3":0.041816,"3.5":null,"3.6":0.015681,"4":null,"5":null,"6":null,"7":null,"8":null,"9":null,"10":null,"11":null,"12":0.010454,"13":null,"14":null,"15":null,"16":0.010454,"17":null,"18":null,"19":null,"20":null,"21":0.010454,"22":null,"23":null,"24":null,"25":null,"26":null,"27":null,"28":null,"29":null,"30":0.010454,"31":0.005227,"32":0.005227,"33":0.005227,"34":0.010454,"35":0.010454,"36":0.005227,"37":0.031362,"38":0.031362,"39":0.026135,"40":0.015681,"41":0.015681,"42":0.036589,"43":0.109767,"44":0.036589,"45":0.078405,"46":0.041816,"47":0.219534,"48":0.297939,"49":2.597819,"50":1.484468,"51":0.026135,"52":0.005227,"53":null},"chrome":{"4":null,"5":null,"6":null,"7":null,"8":null,"9":null,"10":null,"11":0.015681,"12":null,"13":null,"14":null,"15":null,"16":null,"17":null,"18":0.026135,"19":null,"20":null,"21":0.005227,"22":0.036589,"23":null,"24":null,"25":0.005227,"26":0.015681,"27":0.005227,"28":0.010454,"29":0.010454,"30":0.005227,"31":0.047043,"32":0.005227,"33":0.010454,"34":0.036589,"35":0.020908,"36":0.020908,"37":0.031362,"38":0.031362,"39":0.031362,"40":0.05227,"41":0.036589,"42":0.020908,"43":0.067951,"44":0.078405,"45":0.041816,"46":0.047043,"47":0.083632,"48":0.078405,"49":2.326015,"50":0.120221,"51":0.256123,"52":0.20908,"53":0.815412,"54":31.565853,"55":0.067951,"56":0.020908,"57":0.005227},"opera":{"9":null,"9.5-9.6":null,"10.0-10.1":0,"10.5":null,"10.6":null,"11":null,"11.1":null,"11.5":null,"11.6":null,"12":null,"12.1":0.010454,"15":null,"16":null,"17":null,"18":null,"19":null,"20":null,"21":null,"22":null,"23":null,"24":null,"25":null,"26":null,"27":null,"28":0.015681,"29":0.015681,"30":null,"31":null,"32":null,"33":0.005227,"34":null,"35":0.005227,"36":0.026135,"37":0.078405,"38":0.010454,"39":null,"40":0.015681,"41":0.376344,"42":0.010454,"43":null},"safari":{"3.1":null,"3.2":null,"4":0.005227,"5":0.031362,"5.1":0.057497,"6":0.010454,"6.1":0.036589,"7":0.026135,"7.1":0.026135,"8":0.287485,"9":0.277031,"9.1":0.757915,"10":1.296296,"0":null},"ios_saf":{"3.2":0,"4.0-4.1":0,"4.2-4.3":0,"5.0-5.1":0,"6.0-6.1":0,"7.0-7.1":0.0738629578257,"8":0,"8.1-8.4":0.0954063205248,"9.0-9.2":0.0735209996876,"9.3":0.481477058419,"10-10.1":2.55955666354},"android":{"2.1":0,"2.2":0,"2.3":0.0120251534112,"3":0,"4":0.104217996231,"4.1":0.330691718809,"4.2-4.3":0.943974542782,"4.4":2.22465338108,"4.4.3-4.4.4":1.70155920769,"53":null},"op_mob":{"10":0,"11":0,"11.1":0,"11.5":0,"12":0,"12.1":0.00985647457627,"0":0.354833084746},"ie":{"5.5":null,"6":null,"7":0.00527569875776,"8":0.147719565217,"9":0.105513975155,"10":0.14244386646,"11":1.29782189441},"edge":{"12":0.078405,"13":0.167264,"14":0.496565},"bb":{"7":0.05608275,"10":null},"ie_mob":{"10":0.103325904,"11":0.483753096},"and_ff":{"0":0.014319},"samsung":{"0":3.780216},"and_uc":{"0":2.48196},"op_mini":{"0":4.78060444068},"and_chr":{"0":31.145161}},"total":99.09449975}