{"id":"GU","name":"Guam","month":"2016-11","access_date":"2016-12-03","data":{"firefox":{"2":null,"3":null,"3.5":null,"3.6":null,"4":null,"5":null,"6":0.067886,"7":null,"8":null,"9":null,"10":0.009698,"11":0.014547,"12":null,"13":null,"14":null,"15":null,"16":null,"17":null,"18":null,"19":null,"20":null,"21":null,"22":null,"23":null,"24":null,"25":null,"26":null,"27":null,"28":null,"29":null,"30":null,"31":0.004849,"32":null,"33":null,"34":null,"35":null,"36":null,"37":0.004849,"38":0.024245,"39":0.024245,"40":0.019396,"41":0.029094,"42":null,"43":0.029094,"44":0.004849,"45":0.014547,"46":0.014547,"47":0.19396,"48":0.179413,"49":3.025776,"50":1.735942,"51":0.019396,"52":null,"53":null},"chrome":{"4":null,"5":null,"6":null,"7":null,"8":null,"9":null,"10":null,"11":0.009698,"12":null,"13":null,"14":null,"15":null,"16":null,"17":null,"18":0.004849,"19":null,"20":null,"21":0.024245,"22":0.009698,"23":null,"24":null,"25":null,"26":0.004849,"27":null,"28":null,"29":null,"30":null,"31":0.009698,"32":null,"33":null,"34":0.004849,"35":null,"36":0.014547,"37":0.004849,"38":0.058188,"39":0.029094,"40":null,"41":0.024245,"42":0.004849,"43":0.043641,"44":0.029094,"45":0.043641,"46":0.029094,"47":0.038792,"48":0.043641,"49":1.585623,"50":0.077584,"51":0.087282,"52":0.232752,"53":1.042535,"54":23.658271,"55":0.101829,"56":0.04849,"57":null},"opera":{"9":null,"9.5-9.6":null,"10.0-10.1":0,"10.5":null,"10.6":null,"11":null,"11.1":null,"11.5":null,"11.6":null,"12":null,"12.1":null,"15":null,"16":null,"17":null,"18":null,"19":null,"20":null,"21":null,"22":null,"23":null,"24":null,"25":null,"26":null,"27":null,"28":0.004849,"29":0.024245,"30":null,"31":null,"32":null,"33":0.014547,"34":null,"35":0.004849,"36":0.029094,"37":0.213356,"38":null,"39":null,"40":null,"41":0.101829,"42":0.009698,"43":null},"safari":{"3.1":null,"3.2":null,"4":0,"5":0.038792,"5.1":0.077584,"6":0.043641,"6.1":0.09698,"7":0.033943,"7.1":0.024245,"8":0.363675,"9":0.320034,"9.1":1.561378,"10":2.919098,"0":null},"ios_saf":{"3.2":0,"4.0-4.1":0,"4.2-4.3":0,"5.0-5.1":0,"6.0-6.1":0,"7.0-7.1":0.543505327085,"8":0,"8.1-8.4":0.702027714152,"9.0-9.2":0.540989098719,"9.3":3.54284953952,"10-10.1":18.8339693205},"android":{"2.1":0,"2.2":0,"2.3":0.00608101470034,"3":0,"4":0.0527021274029,"4.1":0.167227904259,"4.2-4.3":0.477359653977,"4.4":1.12498771956,"4.4.3-4.4.4":0.860463580098,"53":null},"op_mob":{"10":0,"11":0,"11.1":0,"11.5":0,"12":0,"12.1":0.000749922791821,"0":0.0269972205056},"ie":{"5.5":null,"6":null,"7":null,"8":0.15552760139,"9":0.194409501738,"10":0.145807126304,"11":3.69864077057},"edge":{"12":0.135772,"13":0.790387,"14":2.264483},"bb":{"7":0.0025755,"10":null},"ie_mob":{"10":0.017224944,"11":0.080644056},"and_ff":{"0":0.030906},"samsung":{"0":7.10838},"and_uc":{"0":0.133926},"op_mini":{"0":0.363728856703},"and_chr":{"0":18.241256}},"total":98.8076755}