{"id":"GW","name":"Guinea-Bissau","month":"2016-11","access_date":"2016-12-03","data":{"firefox":{"2":0.034371,"3":0.011457,"3.5":null,"3.6":0.11457,"4":0.015276,"5":null,"6":null,"7":null,"8":null,"9":0.022914,"10":0.034371,"11":0.03819,"12":0.015276,"13":0.053466,"14":null,"15":0.236778,"16":0.015276,"17":0.015276,"18":null,"19":0.042009,"20":null,"21":0.011457,"22":null,"23":null,"24":null,"25":null,"26":0.129846,"27":0.015276,"28":0.011457,"29":null,"30":null,"31":0.015276,"32":null,"33":0.183312,"34":0.022914,"35":0.015276,"36":0.011457,"37":0.064923,"38":0.164217,"39":0.030552,"40":0.034371,"41":0.106932,"42":0.003819,"43":0.072561,"44":0.061104,"45":0.042009,"46":0.003819,"47":0.637773,"48":0.259692,"49":6.244065,"50":2.780232,"51":0.030552,"52":null,"53":null},"chrome":{"4":null,"5":null,"6":null,"7":null,"8":null,"9":null,"10":0.003819,"11":1.500867,"12":null,"13":null,"14":0.015276,"15":0.007638,"16":null,"17":null,"18":0.022914,"19":null,"20":null,"21":0.007638,"22":0.011457,"23":null,"24":null,"25":0.034371,"26":0.042009,"27":0.019095,"28":0.011457,"29":null,"30":0.022914,"31":null,"32":0.072561,"33":0.145122,"34":null,"35":0.015276,"36":0.042009,"37":0.080199,"38":null,"39":0.141303,"40":0.301701,"41":0.034371,"42":0.061104,"43":0.935655,"44":0.007638,"45":0.171855,"46":0.064923,"47":0.045828,"48":0.030552,"49":0.427728,"50":0.557574,"51":0.435366,"52":0.255873,"53":0.99294,"54":12.255171,"55":0.022914,"56":0.022914,"57":0.003819},"opera":{"9":null,"9.5-9.6":null,"10.0-10.1":0,"10.5":null,"10.6":null,"11":null,"11.1":null,"11.5":null,"11.6":null,"12":null,"12.1":0.007638,"15":null,"16":0.003819,"17":null,"18":null,"19":null,"20":0.015276,"21":null,"22":null,"23":null,"24":null,"25":null,"26":null,"27":null,"28":null,"29":0.015276,"30":0.003819,"31":null,"32":null,"33":null,"34":0.244416,"35":null,"36":0.030552,"37":0.080199,"38":null,"39":0.022914,"40":0.011457,"41":0.255873,"42":null,"43":null},"safari":{"3.1":null,"3.2":null,"4":0.015276,"5":0.019095,"5.1":0.175674,"6":null,"6.1":0.015276,"7":0.042009,"7.1":null,"8":0.015276,"9":0.019095,"9.1":0.061104,"10":0.255873,"0":null},"ios_saf":{"3.2":0,"4.0-4.1":0,"4.2-4.3":0,"5.0-5.1":0,"6.0-6.1":0,"7.0-7.1":0.0497724011246,"8":0,"8.1-8.4":0.0642893514527,"9.0-9.2":0.0495419733417,"9.3":0.324442318442,"10-10.1":1.72475195564},"android":{"2.1":0,"2.2":0,"2.3":0.0106239577836,"3":0,"4":0.0920743007916,"4.1":0.29215883905,"4.2-4.3":0.833980686016,"4.4":1.96543218997,"4.4.3-4.4.4":1.50329002639,"53":null},"op_mob":{"10":0,"11":0,"11.1":0,"11.5":0,"12":0,"12.1":0.0410155026028,"0":1.4765580937},"ie":{"5.5":null,"6":null,"7":null,"8":0.30612596679,"9":0.0941926051661,"10":0.439565490775,"11":3.41448193727},"edge":{"12":0.15276,"13":0.080199,"14":0.622497},"bb":{"7":0.006181,"10":null},"ie_mob":{"10":0.090292048,"11":0.422730952},"and_ff":{"0":1.452535},"samsung":{"0":3.492265},"and_uc":{"0":2.373504},"op_mini":{"0":19.8934104037},"and_chr":{"0":25.741003}},"total":98.745565}