{"id":"GY","name":"Guyana","month":"2016-11","access_date":"2016-12-03","data":{"firefox":{"2":null,"3":0.010028,"3.5":null,"3.6":0.005014,"4":null,"5":null,"6":null,"7":null,"8":null,"9":null,"10":null,"11":null,"12":null,"13":null,"14":null,"15":null,"16":null,"17":null,"18":null,"19":null,"20":null,"21":null,"22":0.015042,"23":null,"24":null,"25":0.010028,"26":0.02507,"27":null,"28":null,"29":null,"30":0.110308,"31":0.040112,"32":null,"33":null,"34":0.035098,"35":0.02507,"36":null,"37":0.020056,"38":0.045126,"39":0.030084,"40":0.02507,"41":0.030084,"42":0.020056,"43":0.120336,"44":0.065182,"45":0.040112,"46":0.045126,"47":0.361008,"48":0.165462,"49":2.622322,"50":1.674676,"51":0.110308,"52":null,"53":null},"chrome":{"4":null,"5":0.010028,"6":null,"7":null,"8":null,"9":null,"10":null,"11":0.030084,"12":0.010028,"13":null,"14":null,"15":null,"16":null,"17":null,"18":0.005014,"19":null,"20":0.035098,"21":null,"22":0.055154,"23":null,"24":null,"25":0.010028,"26":0.015042,"27":null,"28":null,"29":0.020056,"30":null,"31":0.02507,"32":0.015042,"33":0.020056,"34":0.040112,"35":0.010028,"36":0.030084,"37":0.005014,"38":0.030084,"39":0.020056,"40":0.020056,"41":0.005014,"42":0.035098,"43":0.270756,"44":0.215602,"45":0.135378,"46":0.02507,"47":0.055154,"48":0.035098,"49":0.45126,"50":0.295826,"51":0.907534,"52":0.355994,"53":0.792212,"54":26.940222,"55":0.135378,"56":0.120336,"57":null},"opera":{"9":null,"9.5-9.6":null,"10.0-10.1":0,"10.5":null,"10.6":null,"11":null,"11.1":null,"11.5":null,"11.6":null,"12":null,"12.1":0.02507,"15":null,"16":null,"17":null,"18":null,"19":null,"20":null,"21":null,"22":null,"23":null,"24":null,"25":null,"26":null,"27":0.030084,"28":null,"29":0.12535,"30":null,"31":null,"32":null,"33":0.090252,"34":null,"35":0.010028,"36":0.005014,"37":0.315882,"38":0.05014,"39":0.010028,"40":0.030084,"41":0.722016,"42":null,"43":null},"safari":{"3.1":null,"3.2":null,"4":0,"5":0.005014,"5.1":0.02507,"6":null,"6.1":null,"7":0.010028,"7.1":0.010028,"8":0.035098,"9":0.020056,"9.1":0.07521,"10":0.245686,"0":null},"ios_saf":{"3.2":0,"4.0-4.1":0,"4.2-4.3":0,"5.0-5.1":0,"6.0-6.1":0,"7.0-7.1":0.0915143617619,"8":0,"8.1-8.4":0.118206050609,"9.0-9.2":0.0910906841612,"9.3":0.596538061856,"10-10.1":3.17122684161},"android":{"2.1":0,"2.2":0,"2.3":0.0120205261968,"3":0,"4":0.104177893705,"4.1":0.330564470411,"4.2-4.3":0.943611306446,"4.4":2.2237973464,"4.4.3-4.4.4":1.70090445684,"53":null},"op_mob":{"10":0,"11":0,"11.1":0,"11.5":0,"12":0,"12.1":0.00757420180735,"0":0.272671265065},"ie":{"5.5":null,"6":null,"7":0.010028,"8":0.235658,"9":0.115322,"10":0.17549,"11":2.186104},"edge":{"12":0.386078,"13":0.87745,"14":1.65462},"bb":{"7":0.361485,"10":null},"ie_mob":{"10":0.11846736,"11":0.55464264},"and_ff":{"0":0.019944},"samsung":{"0":4.58712},"and_uc":{"0":2.896866},"op_mini":{"0":3.67365253313},"and_chr":{"0":31.669604}},"total":97.859411}