{"id":"HK","name":"Hong Kong","month":"2016-11","access_date":"2016-12-03","data":{"firefox":{"2":null,"3":null,"3.5":null,"3.6":0.012646,"4":null,"5":null,"6":null,"7":null,"8":null,"9":null,"10":null,"11":null,"12":0.006323,"13":null,"14":0.006323,"15":null,"16":0.018969,"17":0.050584,"18":null,"19":null,"20":null,"21":0.012646,"22":null,"23":null,"24":null,"25":0.006323,"26":0.006323,"27":null,"28":0.006323,"29":null,"30":0.044261,"31":0.012646,"32":null,"33":0.031615,"34":0.018969,"35":0.037938,"36":0.012646,"37":0.025292,"38":0.075876,"39":0.025292,"40":0.044261,"41":0.018969,"42":0.044261,"43":0.075876,"44":0.037938,"45":0.170721,"46":0.082199,"47":0.303504,"48":0.309827,"49":3.749539,"50":1.195047,"51":0.025292,"52":null,"53":null},"chrome":{"4":null,"5":null,"6":null,"7":null,"8":null,"9":null,"10":null,"11":0.018969,"12":null,"13":null,"14":null,"15":null,"16":null,"17":null,"18":0.006323,"19":null,"20":null,"21":0.006323,"22":0.012646,"23":null,"24":null,"25":0.018969,"26":0.006323,"27":0.012646,"28":null,"29":0.006323,"30":0.012646,"31":0.037938,"32":0.006323,"33":0.018969,"34":0.012646,"35":0.018969,"36":0.025292,"37":0.025292,"38":0.044261,"39":0.056907,"40":0.031615,"41":0.044261,"42":0.094845,"43":0.164398,"44":0.12646,"45":0.594362,"46":0.088522,"47":0.164398,"48":0.132783,"49":2.130851,"50":0.398349,"51":0.676561,"52":0.625977,"53":1.511197,"54":31.798367,"55":0.132783,"56":0.069553,"57":0.012646},"opera":{"9":null,"9.5-9.6":null,"10.0-10.1":0,"10.5":null,"10.6":null,"11":null,"11.1":null,"11.5":null,"11.6":null,"12":0.006323,"12.1":0.025292,"15":null,"16":null,"17":null,"18":null,"19":null,"20":null,"21":null,"22":null,"23":null,"24":null,"25":null,"26":null,"27":null,"28":0.018969,"29":null,"30":null,"31":null,"32":null,"33":null,"34":null,"35":null,"36":0.012646,"37":0.018969,"38":0.044261,"39":null,"40":null,"41":0.183367,"42":null,"43":null},"safari":{"3.1":null,"3.2":null,"4":0,"5":0.044261,"5.1":0.113814,"6":0.031615,"6.1":0.082199,"7":0.107491,"7.1":0.025292,"8":0.373057,"9":0.322473,"9.1":1.384737,"10":2.371125,"0":null},"ios_saf":{"3.2":0,"4.0-4.1":0,"4.2-4.3":0,"5.0-5.1":0,"6.0-6.1":0,"7.0-7.1":0.326271700094,"8":0,"8.1-8.4":0.421434279288,"9.0-9.2":0.324761182964,"9.3":2.12680811913,"10-10.1":11.3062207185},"android":{"2.1":0,"2.2":0,"2.3":0.00330050207312,"3":0,"4":0.0286043513004,"4.1":0.0907638070109,"4.2-4.3":0.25908941274,"4.4":0.610592883528,"4.4.3-4.4.4":0.467021043347,"53":null},"op_mob":{"10":0,"11":0,"11.1":0,"11.5":0,"12":0,"12.1":0.000802771165619,"0":0.0288997619623},"ie":{"5.5":null,"6":0.0258347467811,"7":0.0387521201717,"8":0.497318875536,"9":0.413355948498,"10":0.284182214592,"11":6.26492609442},"edge":{"12":0.082199,"13":0.335119,"14":1.58075},"bb":{"7":0.00919,"10":null},"ie_mob":{"10":0.014880448,"11":0.069667552},"and_ff":{"0":0.029408},"samsung":{"0":4.164908},"and_uc":{"0":0.595512},"op_mini":{"0":0.389361466872},"and_chr":{"0":17.295962}},"total":98.865911}