{"id":"HN","name":"Honduras","month":"2016-11","access_date":"2016-12-03","data":{"firefox":{"2":null,"3":0.015123,"3.5":null,"3.6":0.005041,"4":null,"5":null,"6":null,"7":null,"8":null,"9":null,"10":null,"11":null,"12":0.015123,"13":null,"14":null,"15":null,"16":0.005041,"17":null,"18":null,"19":null,"20":null,"21":0.015123,"22":null,"23":0.015123,"24":0.005041,"25":null,"26":null,"27":null,"28":0.010082,"29":0.005041,"30":null,"31":0.005041,"32":null,"33":0.005041,"34":0.005041,"35":0.010082,"36":0.010082,"37":0.025205,"38":0.015123,"39":0.035287,"40":0.020164,"41":0.025205,"42":0.010082,"43":0.070574,"44":0.020164,"45":0.085697,"46":0.025205,"47":0.186517,"48":0.161312,"49":2.943944,"50":1.603038,"51":0.010082,"52":null,"53":null},"chrome":{"4":null,"5":null,"6":null,"7":null,"8":null,"9":null,"10":null,"11":0.035287,"12":null,"13":null,"14":null,"15":null,"16":null,"17":null,"18":0.030246,"19":null,"20":0.005041,"21":null,"22":0.025205,"23":null,"24":null,"25":null,"26":0.010082,"27":0.010082,"28":0.005041,"29":0.015123,"30":null,"31":0.030246,"32":0.015123,"33":0.010082,"34":0.030246,"35":0.020164,"36":0.030246,"37":0.020164,"38":0.030246,"39":0.045369,"40":0.030246,"41":0.05041,"42":0.010082,"43":0.115943,"44":0.055451,"45":0.035287,"46":0.035287,"47":0.060492,"48":0.085697,"49":1.487095,"50":0.075615,"51":0.297419,"52":0.35287,"53":0.730945,"54":31.622193,"55":0.085697,"56":0.035287,"57":null},"opera":{"9":null,"9.5-9.6":null,"10.0-10.1":0,"10.5":null,"10.6":null,"11":null,"11.1":null,"11.5":null,"11.6":null,"12":null,"12.1":0.010082,"15":null,"16":null,"17":null,"18":null,"19":null,"20":null,"21":null,"22":null,"23":null,"24":null,"25":null,"26":null,"27":0.010082,"28":0.030246,"29":0.095779,"30":null,"31":null,"32":null,"33":0.045369,"34":null,"35":0.005041,"36":0.020164,"37":0.186517,"38":0.025205,"39":null,"40":0.015123,"41":0.620043,"42":null,"43":null},"safari":{"3.1":null,"3.2":null,"4":0.005041,"5":0.010082,"5.1":0.015123,"6":null,"6.1":0.015123,"7":null,"7.1":0.005041,"8":0.090738,"9":0.141148,"9.1":0.55451,"10":1.129184,"0":null},"ios_saf":{"3.2":0,"4.0-4.1":0,"4.2-4.3":0,"5.0-5.1":0,"6.0-6.1":0,"7.0-7.1":0.0899214995314,"8":0,"8.1-8.4":0.116148603561,"9.0-9.2":0.0895051962928,"9.3":0.586154959908,"10-10.1":3.11602974071},"android":{"2.1":0,"2.2":0,"2.3":0.0183069430833,"3":0,"4":0.158660173389,"4.1":0.503440934791,"4.2-4.3":1.43709503204,"4.4":3.38678447041,"4.4.3-4.4.4":2.59043244629,"53":null},"op_mob":{"10":0,"11":0,"11.1":0,"11.5":0,"12":0,"12.1":0.00453222504477,"0":0.163160101612},"ie":{"5.5":null,"6":null,"7":0.0103767953216,"8":0.217912701754,"9":0.134898339181,"10":0.12970994152,"11":1.27634582456},"edge":{"12":0.110902,"13":0.211722,"14":0.529305},"bb":{"7":0.08432,"10":null},"ie_mob":{"10":0.08380416,"11":0.39235584},"and_ff":{"0":0.01488},"samsung":{"0":4.0176},"and_uc":{"0":1.11104},"op_mini":{"0":2.19822767334},"and_chr":{"0":32.307854}},"total":99.0187006023}