{"id":"HR","name":"Croatia","month":"2016-11","access_date":"2016-12-03","data":{"firefox":{"2":null,"3":0.006354,"3.5":null,"3.6":0.019062,"4":null,"5":null,"6":null,"7":null,"8":null,"9":null,"10":0.03177,"11":null,"12":0.012708,"13":null,"14":null,"15":null,"16":0.012708,"17":null,"18":0.012708,"19":0.006354,"20":0.019062,"21":null,"22":null,"23":null,"24":0.006354,"25":null,"26":0.012708,"27":null,"28":0.012708,"29":0.012708,"30":0.006354,"31":0.012708,"32":0.006354,"33":0.012708,"34":0.019062,"35":0.025416,"36":0.012708,"37":0.025416,"38":0.050832,"39":0.06354,"40":0.03177,"41":0.057186,"42":0.038124,"43":0.133434,"44":0.057186,"45":0.139788,"46":0.069894,"47":0.425718,"48":0.273222,"49":7.396056,"50":4.60665,"51":0.050832,"52":null,"53":null},"chrome":{"4":null,"5":null,"6":null,"7":null,"8":null,"9":null,"10":null,"11":0.019062,"12":null,"13":null,"14":null,"15":null,"16":null,"17":null,"18":0.006354,"19":null,"20":null,"21":null,"22":0.044478,"23":null,"24":null,"25":null,"26":0.038124,"27":null,"28":null,"29":null,"30":0.006354,"31":0.044478,"32":0.012708,"33":0.03177,"34":0.057186,"35":0.019062,"36":0.012708,"37":0.038124,"38":0.050832,"39":0.057186,"40":0.038124,"41":0.019062,"42":0.012708,"43":0.19062,"44":0.120726,"45":0.044478,"46":0.050832,"47":0.082602,"48":0.076248,"49":2.471706,"50":0.108018,"51":0.298638,"52":0.209682,"53":0.648108,"54":34.27983,"55":0.09531,"56":0.076248,"57":null},"opera":{"9":null,"9.5-9.6":null,"10.0-10.1":0,"10.5":null,"10.6":null,"11":null,"11.1":null,"11.5":null,"11.6":null,"12":null,"12.1":0.108018,"15":null,"16":null,"17":0.012708,"18":null,"19":null,"20":null,"21":null,"22":null,"23":null,"24":null,"25":null,"26":null,"27":null,"28":0.012708,"29":null,"30":0.012708,"31":null,"32":null,"33":null,"34":null,"35":0.006354,"36":0.088956,"37":0.03177,"38":0.03177,"39":0.006354,"40":0.019062,"41":1.194552,"42":0.006354,"43":null},"safari":{"3.1":null,"3.2":null,"4":0,"5":0.019062,"5.1":0.044478,"6":null,"6.1":0.025416,"7":0.012708,"7.1":null,"8":0.057186,"9":0.050832,"9.1":0.228744,"10":0.533736,"0":null},"ios_saf":{"3.2":0,"4.0-4.1":0,"4.2-4.3":0,"5.0-5.1":0,"6.0-6.1":0,"7.0-7.1":0.135561492034,"8":0,"8.1-8.4":0.175100260544,"9.0-9.2":0.134933892534,"9.3":0.88366009622,"10-10.1":4.69758225867},"android":{"2.1":0,"2.2":0,"2.3":0.0055493961553,"3":0,"4":0.0480947666792,"4.1":0.152608394271,"4.2-4.3":0.435627598191,"4.4":1.02663828873,"4.4.3-4.4.4":0.785239555974,"53":null},"op_mob":{"10":0,"11":0,"11.1":0,"11.5":0,"12":0,"12.1":0.00074034464665,"0":0.0266524072794},"ie":{"5.5":null,"6":null,"7":0.006354,"8":0.209682,"9":0.171558,"10":0.19062,"11":3.882294},"edge":{"12":0.057186,"13":0.247806,"14":1.073826},"bb":{"7":0.009115,"10":null},"ie_mob":{"10":0.196358976,"11":0.919317024},"and_ff":{"0":0.021876},"samsung":{"0":3.018888},"and_uc":{"0":0.065628},"op_mini":{"0":0.359083248074},"and_chr":{"0":23.980812}},"total":98.363397}