{"id":"HT","name":"Haiti","month":"2016-11","access_date":"2016-12-03","data":{"firefox":{"2":null,"3":0.10025,"3.5":null,"3.6":0.01604,"4":0.002005,"5":null,"6":null,"7":0.002005,"8":null,"9":0.006015,"10":0.00401,"11":0.00802,"12":0.010025,"13":0.006015,"14":0.00802,"15":0.002005,"16":0.00401,"17":0.010025,"18":0.00802,"19":0.00802,"20":0.00401,"21":0.070175,"22":0.01604,"23":0.010025,"24":0.01203,"25":0.01604,"26":0.002005,"27":0.010025,"28":0.01203,"29":0.018045,"30":0.00401,"31":0.018045,"32":0.01604,"33":0.018045,"34":0.00401,"35":0.00802,"36":0.014035,"37":0.06416,"38":0.046115,"39":0.010025,"40":0.006015,"41":0.01604,"42":0.00401,"43":0.05614,"44":0.04812,"45":0.03208,"46":0.02005,"47":0.22857,"48":0.11629,"49":1.29523,"50":0.964405,"51":0.00802,"52":0.00401,"53":null},"chrome":{"4":null,"5":null,"6":null,"7":null,"8":null,"9":null,"10":0.01203,"11":0.1604,"12":0.02807,"13":0.01203,"14":0.00401,"15":0.002005,"16":null,"17":0.00802,"18":0.00401,"19":null,"20":null,"21":null,"22":null,"23":0.002005,"24":0.00401,"25":null,"26":0.006015,"27":0.02406,"28":0.014035,"29":0.0401,"30":0.01604,"31":0.014035,"32":0.018045,"33":0.018045,"34":0.014035,"35":0.02005,"36":0.034085,"37":0.01604,"38":0.01203,"39":0.010025,"40":0.06015,"41":0.11228,"42":0.010025,"43":0.0401,"44":0.01604,"45":0.06015,"46":0.01203,"47":0.022055,"48":0.01203,"49":0.32481,"50":0.042105,"51":0.194485,"52":0.14436,"53":0.330825,"54":7.829525,"55":0.026065,"56":0.010025,"57":null},"opera":{"9":null,"9.5-9.6":null,"10.0-10.1":0,"10.5":null,"10.6":null,"11":null,"11.1":null,"11.5":0.006015,"11.6":0.01203,"12":0.02005,"12.1":0.074185,"15":null,"16":null,"17":0.00401,"18":null,"19":null,"20":0.00401,"21":null,"22":null,"23":null,"24":null,"25":null,"26":null,"27":0.04411,"28":0.098245,"29":0.08421,"30":0.01203,"31":null,"32":null,"33":0.038095,"34":0.00401,"35":0.00802,"36":0.02807,"37":0.110275,"38":0.006015,"39":0.01604,"40":0.02406,"41":0.467165,"42":0.002005,"43":null},"safari":{"3.1":null,"3.2":null,"4":0,"5":0.034085,"5.1":0.04812,"6":0.01203,"6.1":0.02807,"7":0.018045,"7.1":0.00401,"8":0.078195,"9":0.026065,"9.1":0.2406,"10":0.647615,"0":null},"ios_saf":{"3.2":0,"4.0-4.1":0,"4.2-4.3":0,"5.0-5.1":0,"6.0-6.1":0,"7.0-7.1":0.0712131958763,"8":0,"8.1-8.4":0.0919837113402,"9.0-9.2":0.0708835051546,"9.3":0.464204536082,"10-10.1":2.46773505155},"android":{"2.1":0,"2.2":0,"2.3":0.0261095665285,"3":0,"4":0.226282909913,"4.1":0.718013079533,"4.2-4.3":2.04960097248,"4.4":4.83026980776,"4.4.3-4.4.4":3.69450366378,"53":null},"op_mob":{"10":0,"11":0,"11.1":0,"11.5":0,"12":0,"12.1":0.0594852238371,"0":2.14146805814},"ie":{"5.5":null,"6":0.026065,"7":0.006015,"8":0.24461,"9":0.09624,"10":0.158395,"11":1.30325},"edge":{"12":0.14035,"13":0.21654,"14":0.302755},"bb":{"7":0.07395375,"10":null},"ie_mob":{"10":0.15900456,"11":0.74443044},"and_ff":{"0":0.03198},"samsung":{"0":1.95078},"and_uc":{"0":3.66171},"op_mini":{"0":28.851626718},"and_chr":{"0":28.87008}},"total":99.05570875}