{"id":"HU","name":"Hungary","month":"2016-11","access_date":"2016-12-03","data":{"firefox":{"2":null,"3":0.007868,"3.5":null,"3.6":0.031472,"4":null,"5":null,"6":null,"7":null,"8":null,"9":null,"10":null,"11":null,"12":0.015736,"13":null,"14":null,"15":0.007868,"16":null,"17":null,"18":null,"19":null,"20":null,"21":null,"22":null,"23":null,"24":null,"25":null,"26":null,"27":null,"28":0.007868,"29":null,"30":0.015736,"31":0.023604,"32":0.007868,"33":0.015736,"34":0.015736,"35":0.031472,"36":0.015736,"37":0.023604,"38":0.062944,"39":0.03934,"40":0.031472,"41":0.03934,"42":0.03934,"43":0.125888,"44":2.39974,"45":0.15736,"46":7.136276,"47":0.440608,"48":0.251776,"49":13.045144,"50":4.79948,"51":0.023604,"52":null,"53":null},"chrome":{"4":0.031472,"5":null,"6":null,"7":null,"8":null,"9":null,"10":null,"11":0.007868,"12":0.007868,"13":null,"14":null,"15":null,"16":null,"17":null,"18":null,"19":null,"20":null,"21":null,"22":0.023604,"23":null,"24":null,"25":null,"26":0.023604,"27":0.007868,"28":null,"29":null,"30":null,"31":0.023604,"32":null,"33":0.015736,"34":0.03934,"35":0.015736,"36":0.007868,"37":0.031472,"38":0.023604,"39":0.070812,"40":0.015736,"41":0.015736,"42":0.015736,"43":0.062944,"44":0.031472,"45":0.023604,"46":0.023604,"47":0.047208,"48":0.070812,"49":3.367504,"50":4.657856,"51":0.27538,"52":0.133756,"53":0.448476,"54":26.648916,"55":0.086548,"56":0.03934,"57":null},"opera":{"9":null,"9.5-9.6":null,"10.0-10.1":0,"10.5":null,"10.6":null,"11":null,"11.1":null,"11.5":null,"11.6":null,"12":0.007868,"12.1":5.554808,"15":null,"16":null,"17":null,"18":null,"19":null,"20":null,"21":null,"22":null,"23":null,"24":null,"25":null,"26":null,"27":null,"28":0.007868,"29":null,"30":null,"31":null,"32":null,"33":null,"34":null,"35":null,"36":0.110152,"37":0.031472,"38":0.031472,"39":null,"40":0.015736,"41":1.125124,"42":0.015736,"43":null},"safari":{"3.1":null,"3.2":null,"4":0.007868,"5":0.015736,"5.1":0.031472,"6":null,"6.1":0.015736,"7":0.007868,"7.1":null,"8":0.03934,"9":0.055076,"9.1":0.204568,"10":0.605836,"0":null},"ios_saf":{"3.2":0,"4.0-4.1":0,"4.2-4.3":0,"5.0-5.1":0,"6.0-6.1":0,"7.0-7.1":0.0760086972821,"8":0,"8.1-8.4":0.098177900656,"9.0-9.2":0.0756568051651,"9.3":0.495464100802,"10-10.1":2.63391249609},"android":{"2.1":0,"2.2":0,"2.3":0.00321608141726,"3":0,"4":0.0278727056163,"4.1":0.0884422389747,"4.2-4.3":0.252462391255,"4.4":0.594975062194,"4.4.3-4.4.4":0.455075520543,"53":null},"op_mob":{"10":0,"11":0,"11.1":0,"11.5":0,"12":0,"12.1":0.00136409644776,"0":0.0491074721193},"ie":{"5.5":null,"6":0.00795352173913,"7":0.00795352173913,"8":0.159070434783,"9":0.230652130435,"10":0.111349304348,"11":2.40991708696},"edge":{"12":0.03934,"13":0.165228,"14":0.920556},"bb":{"7":0.009594,"10":null},"ie_mob":{"10":0.151218496,"11":0.707977504},"and_ff":{"0":0.019188},"samsung":{"0":1.402856},"and_uc":{"0":0.119392},"op_mini":{"0":0.661616431433},"and_chr":{"0":13.553524}},"total":98.520558}