{"id":"ID","name":"Indonesia","month":"2016-11","access_date":"2016-12-03","data":{"firefox":{"2":null,"3":0.25424,"3.5":0.006356,"3.6":0.038136,"4":0.019068,"5":0.012712,"6":0.006356,"7":0.009534,"8":0.009534,"9":0.009534,"10":0.019068,"11":0.019068,"12":0.041314,"13":0.022246,"14":0.022246,"15":0.022246,"16":0.03178,"17":0.022246,"18":0.019068,"19":0.022246,"20":0.025424,"21":0.025424,"22":0.019068,"23":0.022246,"24":0.025424,"25":0.028602,"26":0.028602,"27":0.03178,"28":0.025424,"29":0.073094,"30":0.076272,"31":0.04767,"32":0.050848,"33":0.060382,"34":0.12712,"35":0.114408,"36":0.130298,"37":0.149366,"38":0.28602,"39":0.139832,"40":0.149366,"41":0.184324,"42":0.114408,"43":0.645134,"44":0.387716,"45":0.235172,"46":0.209748,"47":1.010604,"48":0.527548,"49":4.03606,"50":2.354898,"51":0.244706,"52":0.003178,"53":null},"chrome":{"4":0.009534,"5":0.009534,"6":0.01589,"7":0.009534,"8":0.003178,"9":0.006356,"10":0.012712,"11":0.03178,"12":0.012712,"13":0.003178,"14":0.006356,"15":0.006356,"16":0.009534,"17":0.006356,"18":0.009534,"19":0.009534,"20":0.009534,"21":0.022246,"22":0.012712,"23":0.01589,"24":0.009534,"25":0.01589,"26":0.019068,"27":0.019068,"28":0.022246,"29":0.022246,"30":0.028602,"31":0.168434,"32":0.025424,"33":0.066738,"34":0.022246,"35":0.019068,"36":0.01589,"37":0.038136,"38":0.025424,"39":0.044492,"40":0.038136,"41":0.022246,"42":0.041314,"43":0.330512,"44":0.060382,"45":0.069916,"46":0.120764,"47":0.085806,"48":0.152544,"49":0.902552,"50":0.108052,"51":0.42903,"52":0.212926,"53":0.502124,"54":11.374062,"55":0.054026,"56":0.066738,"57":null},"opera":{"9":null,"9.5-9.6":null,"10.0-10.1":0,"10.5":null,"10.6":null,"11":null,"11.1":null,"11.5":null,"11.6":null,"12":null,"12.1":0.022246,"15":null,"16":null,"17":null,"18":null,"19":null,"20":null,"21":null,"22":null,"23":null,"24":null,"25":null,"26":null,"27":null,"28":0.006356,"29":null,"30":null,"31":null,"32":null,"33":null,"34":0.009534,"35":0.006356,"36":0.019068,"37":0.073094,"38":0.025424,"39":0.009534,"40":0.01589,"41":0.320978,"42":null,"43":null},"safari":{"3.1":null,"3.2":null,"4":0,"5":0.006356,"5.1":0.025424,"6":0.006356,"6.1":0.006356,"7":0.012712,"7.1":0.01589,"8":0.066738,"9":0.06356,"9.1":0.165256,"10":0.308266,"0":null},"ios_saf":{"3.2":0,"4.0-4.1":0,"4.2-4.3":0,"5.0-5.1":0,"6.0-6.1":0,"7.0-7.1":0.0550874901593,"8":0,"8.1-8.4":0.0711546747891,"9.0-9.2":0.0548324554827,"9.3":0.359088824742,"10-10.1":1.90893455483},"android":{"2.1":0,"2.2":0,"2.3":0.00785314285714,"3":0,"4":0.0680605714286,"4.1":0.215961428571,"4.2-4.3":0.616471714286,"4.4":1.45283142857,"4.4.3-4.4.4":1.11121971429,"53":null},"op_mob":{"10":0,"11":0,"11.1":0,"11.5":0,"12":0,"12.1":0.0211316371965,"0":0.760738939075},"ie":{"5.5":null,"6":0.0100247205882,"7":0.00668314705882,"8":0.133662941176,"9":0.0267325882353,"10":0.0434404558824,"11":0.233910147059},"edge":{"12":0.034958,"13":0.054026,"14":0.136654},"bb":{"7":0.559404,"10":null},"ie_mob":{"10":0.04802688,"11":0.22485312},"and_ff":{"0":0.047754},"samsung":{"0":2.380878},"and_uc":{"0":27.738252},"op_mini":{"0":10.2493034237},"and_chr":{"0":19.22963}},"total":96.600214}