{"id":"IE","name":"Ireland","month":"2016-11","access_date":"2016-12-03","data":{"firefox":{"2":null,"3":0.075842,"3.5":0.011668,"3.6":0.005834,"4":null,"5":null,"6":null,"7":null,"8":null,"9":null,"10":0.017502,"11":null,"12":null,"13":null,"14":null,"15":null,"16":0.02917,"17":null,"18":0.011668,"19":null,"20":null,"21":null,"22":0.017502,"23":null,"24":null,"25":null,"26":null,"27":null,"28":0.005834,"29":null,"30":null,"31":0.005834,"32":null,"33":0.023336,"34":null,"35":0.005834,"36":0.017502,"37":0.011668,"38":0.151684,"39":0.017502,"40":0.005834,"41":0.023336,"42":0.011668,"43":0.344206,"44":0.099178,"45":0.396712,"46":0.513392,"47":1.69186,"48":0.571732,"49":2.759482,"50":1.324318,"51":0.017502,"52":0.005834,"53":null},"chrome":{"4":null,"5":null,"6":null,"7":null,"8":null,"9":null,"10":null,"11":0.011668,"12":null,"13":null,"14":null,"15":null,"16":null,"17":null,"18":null,"19":null,"20":null,"21":null,"22":0.040838,"23":null,"24":null,"25":null,"26":0.011668,"27":null,"28":null,"29":0.180854,"30":null,"31":0.011668,"32":0.017502,"33":0.040838,"34":0.02917,"35":0.02917,"36":0.017502,"37":0.11668,"38":0.075842,"39":0.385044,"40":0.02917,"41":0.035004,"42":0.05834,"43":0.460886,"44":0.070008,"45":0.11668,"46":0.046672,"47":0.052506,"48":0.507558,"49":1.499338,"50":0.659242,"51":4.445508,"52":0.752586,"53":1.353488,"54":21.457452,"55":0.070008,"56":0.035004,"57":0.011668},"opera":{"9":null,"9.5-9.6":0.011668,"10.0-10.1":0,"10.5":null,"10.6":null,"11":null,"11.1":null,"11.5":null,"11.6":null,"12":null,"12.1":0.02917,"15":null,"16":null,"17":null,"18":null,"19":null,"20":null,"21":null,"22":null,"23":null,"24":null,"25":null,"26":null,"27":null,"28":0.017502,"29":null,"30":null,"31":null,"32":null,"33":null,"34":null,"35":null,"36":0.017502,"37":0.017502,"38":0.740918,"39":0.023336,"40":0.02917,"41":0.23336,"42":null,"43":null},"safari":{"3.1":null,"3.2":null,"4":0.11668,"5":0.040838,"5.1":0.08751,"6":0.005834,"6.1":0.05834,"7":0.02917,"7.1":0.011668,"8":0.140016,"9":0.163352,"9.1":0.775922,"10":1.289314,"0":null},"ios_saf":{"3.2":0,"4.0-4.1":0,"4.2-4.3":0,"5.0-5.1":0,"6.0-6.1":0,"7.0-7.1":0.364989840675,"8":0,"8.1-8.4":0.471445210872,"9.0-9.2":0.363300072894,"9.3":2.37919303551,"10-10.1":12.64791184},"android":{"2.1":0,"2.2":0,"2.3":0.00257153034301,"3":0,"4":0.0222865963061,"4.1":0.0707170844327,"4.2-4.3":0.201865131926,"4.4":0.475733113456,"4.4.3-4.4.4":0.363871543536,"53":null},"op_mob":{"10":0,"11":0,"11.1":0,"11.5":0,"12":0,"12.1":0.00031914379711,"0":0.011489176696},"ie":{"5.5":null,"6":0.131874962901,"7":0.117993387858,"8":1.84624948061,"9":0.735723477234,"10":0.874539227656,"11":4.52539346374},"edge":{"12":0.23336,"13":0.52506,"14":1.446832},"bb":{"7":0.0062475,"10":null},"ie_mob":{"10":0.11655336,"11":0.54568164},"and_ff":{"0":0.029155},"samsung":{"0":3.169565},"and_uc":{"0":0.05831},"op_mini":{"0":0.154791679507},"and_chr":{"0":20.274603}},"total":96.8093945}