{"id":"IL","name":"Israel","month":"2016-11","access_date":"2016-12-03","data":{"firefox":{"2":null,"3":0.02418,"3.5":0.030225,"3.6":0.163215,"4":0.006045,"5":0.006045,"6":null,"7":null,"8":null,"9":0.03627,"10":0.018135,"11":0.006045,"12":0.006045,"13":0.006045,"14":null,"15":null,"16":0.01209,"17":null,"18":0.006045,"19":null,"20":0.01209,"21":0.01209,"22":0.01209,"23":0.006045,"24":0.018135,"25":0.02418,"26":0.04836,"27":0.006045,"28":0.006045,"29":0.006045,"30":null,"31":0.01209,"32":0.006045,"33":0.01209,"34":0.042315,"35":0.01209,"36":0.018135,"37":0.018135,"38":0.030225,"39":0.01209,"40":0.01209,"41":0.01209,"42":0.018135,"43":0.054405,"44":0.02418,"45":0.08463,"46":0.054405,"47":0.259935,"48":0.2418,"49":2.037165,"50":1.22109,"51":0.018135,"52":null,"53":null},"chrome":{"4":0.01209,"5":null,"6":0.006045,"7":null,"8":null,"9":0.006045,"10":0.018135,"11":0.04836,"12":0.01209,"13":0.01209,"14":0.01209,"15":0.01209,"16":0.01209,"17":0.006045,"18":0.030225,"19":0.01209,"20":0.01209,"21":0.030225,"22":0.030225,"23":0.02418,"24":0.02418,"25":0.02418,"26":0.018135,"27":0.02418,"28":0.01209,"29":0.02418,"30":0.006045,"31":0.090675,"32":0.02418,"33":0.01209,"34":0.030225,"35":0.03627,"36":0.018135,"37":0.02418,"38":0.04836,"39":0.14508,"40":0.042315,"41":0.042315,"42":0.030225,"43":0.187395,"44":0.06045,"45":0.04836,"46":0.199485,"47":0.06045,"48":0.090675,"49":2.09157,"50":0.114855,"51":0.6045,"52":0.29016,"53":1.06392,"54":37.20093,"55":0.14508,"56":0.08463,"57":0.006045},"opera":{"9":null,"9.5-9.6":null,"10.0-10.1":0.01209,"10.5":0.01209,"10.6":0.018135,"11":null,"11.1":null,"11.5":0.006045,"11.6":0.04836,"12":0.04836,"12.1":0.114855,"15":null,"16":null,"17":0.006045,"18":0.006045,"19":null,"20":null,"21":0.006045,"22":null,"23":null,"24":null,"25":null,"26":null,"27":0.018135,"28":0.01209,"29":null,"30":null,"31":null,"32":null,"33":null,"34":0.01209,"35":null,"36":0.01209,"37":0.01209,"38":0.066495,"39":null,"40":null,"41":0.21762,"42":null,"43":null},"safari":{"3.1":null,"3.2":null,"4":0.02418,"5":0.04836,"5.1":0.090675,"6":0.02418,"6.1":0.03627,"7":0.018135,"7.1":0.01209,"8":0.102765,"9":0.090675,"9.1":0.3627,"10":0.731445,"0":null},"ios_saf":{"3.2":0,"4.0-4.1":0,"4.2-4.3":0,"5.0-5.1":0,"6.0-6.1":0,"7.0-7.1":0.212257844424,"8":0,"8.1-8.4":0.274166382381,"9.0-9.2":0.211275169218,"9.3":1.38360668958,"10-10.1":7.3553239144},"android":{"2.1":0,"2.2":0,"2.3":0.00314849604222,"3":0,"4":0.0272869656992,"4.1":0.0865836411609,"4.2-4.3":0.247156939314,"4.4":0.58247176781,"4.4.3-4.4.4":0.445512189974,"53":null},"op_mob":{"10":0,"11":0,"11.1":0,"11.5":0,"12":0,"12.1":0.00028032357473,"0":0.0100916486903},"ie":{"5.5":null,"6":0.0122185031001,"7":0.0122185031001,"8":0.445975363153,"9":0.274916319752,"10":0.311571829052,"11":5.84044448184},"edge":{"12":0.054405,"13":0.296205,"14":1.54752},"bb":{"7":0.0059325,"10":null},"ie_mob":{"10":0.0139216,"11":0.0651784},"and_ff":{"0":0.01582},"samsung":{"0":3.484355},"and_uc":{"0":0.106785},"op_mini":{"0":0.135963027735},"and_chr":{"0":25.527205}},"total":99.0544875}