{"id":"IM","name":"Isle of Man","month":"2016-11","access_date":"2016-12-03","data":{"firefox":{"2":null,"3":null,"3.5":null,"3.6":null,"4":null,"5":null,"6":null,"7":null,"8":null,"9":null,"10":null,"11":null,"12":null,"13":null,"14":null,"15":null,"16":null,"17":null,"18":null,"19":null,"20":null,"21":null,"22":0.039408,"23":null,"24":null,"25":null,"26":0.019704,"27":null,"28":null,"29":null,"30":null,"31":null,"32":0.026272,"33":null,"34":0.013136,"35":null,"36":null,"37":null,"38":0.039408,"39":0.091952,"40":0.013136,"41":null,"42":0.013136,"43":0.052544,"44":0.006568,"45":0.019704,"46":0.013136,"47":0.052544,"48":0.19704,"49":3.664944,"50":1.60916,"51":0.013136,"52":null,"53":null},"chrome":{"4":null,"5":null,"6":null,"7":null,"8":null,"9":null,"10":null,"11":0.013136,"12":null,"13":null,"14":null,"15":null,"16":null,"17":null,"18":null,"19":null,"20":null,"21":null,"22":null,"23":null,"24":null,"25":null,"26":null,"27":null,"28":null,"29":null,"30":null,"31":null,"32":0.013136,"33":null,"34":0.006568,"35":null,"36":0.006568,"37":null,"38":0.013136,"39":null,"40":null,"41":0.006568,"42":null,"43":0.019704,"44":null,"45":0.013136,"46":null,"47":0.026272,"48":0.039408,"49":1.655136,"50":0.03284,"51":0.09852,"52":0.223312,"53":6.902968,"54":28.124176,"55":0.045976,"56":0.019704,"57":null},"opera":{"9":null,"9.5-9.6":null,"10.0-10.1":0,"10.5":null,"10.6":null,"11":null,"11.1":null,"11.5":null,"11.6":null,"12":null,"12.1":null,"15":null,"16":null,"17":null,"18":null,"19":null,"20":null,"21":null,"22":null,"23":null,"24":null,"25":null,"26":null,"27":null,"28":0.013136,"29":null,"30":null,"31":null,"32":null,"33":null,"34":null,"35":0.006568,"36":null,"37":0.039408,"38":0.006568,"39":null,"40":null,"41":0.078816,"42":null,"43":null},"safari":{"3.1":null,"3.2":null,"4":0.006568,"5":0.06568,"5.1":0.177336,"6":0.013136,"6.1":0.072248,"7":0.026272,"7.1":0.091952,"8":0.144496,"9":0.68964,"9.1":1.536912,"10":2.778264,"0":null},"ios_saf":{"3.2":0,"4.0-4.1":0,"4.2-4.3":0,"5.0-5.1":0,"6.0-6.1":0,"7.0-7.1":0.410990845361,"8":0,"8.1-8.4":0.530863175258,"9.0-9.2":0.409088109966,"9.3":2.67905143643,"10-10.1":14.241974433},"android":{"2.1":0,"2.2":0,"2.3":0.00158340294007,"3":0,"4":0.0137228254806,"4.1":0.0435435808519,"4.2-4.3":0.124297130795,"4.4":0.292929543913,"4.4.3-4.4.4":0.22405151602,"53":null},"op_mob":{"10":0,"11":0,"11.1":0,"11.5":0,"12":0,"12.1":0.000144637654604,"0":0.00520695556574},"ie":{"5.5":null,"6":null,"7":0.013136,"8":0.413784,"9":0.72248,"10":0.210176,"11":9.09668},"edge":{"12":0.09852,"13":0.676504,"14":4.781504},"bb":{"7":0.011154,"10":null},"ie_mob":{"10":0.157652352,"11":0.738099648},"and_ff":{"0":0.020592},"samsung":{"0":4.416984},"and_uc":{"0":0.037752},"op_mini":{"0":0.0701524067797},"and_chr":{"0":9.619184}},"total":98.953994}