{"id":"IN","name":"India","month":"2016-11","access_date":"2016-12-03","data":{"firefox":{"2":null,"3":0.071521,"3.5":0.005799,"3.6":0.013531,"4":0.009665,"5":0.005799,"6":0.003866,"7":0.003866,"8":0.003866,"9":0.003866,"10":0.007732,"11":0.009665,"12":0.017397,"13":0.007732,"14":0.011598,"15":0.009665,"16":0.009665,"17":0.007732,"18":0.007732,"19":0.007732,"20":0.009665,"21":0.017397,"22":0.009665,"23":0.007732,"24":0.007732,"25":0.007732,"26":0.007732,"27":0.007732,"28":0.015464,"29":0.021263,"30":0.013531,"31":0.067655,"32":0.009665,"33":0.013531,"34":0.013531,"35":0.015464,"36":0.013531,"37":0.023196,"38":0.028995,"39":0.023196,"40":0.01933,"41":0.01933,"42":0.01933,"43":0.088918,"44":0.108248,"45":0.071521,"46":0.040593,"47":0.218429,"48":0.102449,"49":1.173331,"50":0.829257,"51":0.137243,"52":0.001933,"53":null},"chrome":{"4":0.005799,"5":0.005799,"6":0.007732,"7":0.005799,"8":0.005799,"9":0.003866,"10":0.007732,"11":0.013531,"12":0.009665,"13":0.003866,"14":0.007732,"15":0.005799,"16":0.005799,"17":0.009665,"18":0.015464,"19":0.013531,"20":0.013531,"21":0.009665,"22":0.015464,"23":0.015464,"24":0.011598,"25":0.023196,"26":0.013531,"27":0.023196,"28":0.042526,"29":0.025129,"30":0.023196,"31":0.241625,"32":0.017397,"33":0.05799,"34":0.011598,"35":0.011598,"36":0.011598,"37":0.007732,"38":0.015464,"39":0.017397,"40":0.017397,"41":0.028995,"42":0.011598,"43":0.056057,"44":0.021263,"45":0.017397,"46":0.052191,"47":0.030928,"48":0.030928,"49":0.856319,"50":0.052191,"51":0.237759,"52":0.11598,"53":0.351806,"54":10.194642,"55":0.07732,"56":0.085052,"57":null},"opera":{"9":null,"9.5-9.6":null,"10.0-10.1":0,"10.5":null,"10.6":null,"11":null,"11.1":null,"11.5":null,"11.6":0.003866,"12":0.005799,"12.1":0.011598,"15":null,"16":null,"17":null,"18":null,"19":null,"20":null,"21":null,"22":null,"23":null,"24":null,"25":null,"26":null,"27":null,"28":0.01933,"29":0.001933,"30":0.003866,"31":null,"32":0.005799,"33":null,"34":null,"35":0.001933,"36":0.011598,"37":0.023196,"38":0.011598,"39":0.003866,"40":0.009665,"41":0.228094,"42":null,"43":null},"safari":{"3.1":null,"3.2":null,"4":0,"5":0.003866,"5.1":0.005799,"6":null,"6.1":null,"7":0.005799,"7.1":0.001933,"8":0.013531,"9":0.011598,"9.1":0.03866,"10":0.09665,"0":null},"ios_saf":{"3.2":0,"4.0-4.1":0,"4.2-4.3":0,"5.0-5.1":0,"6.0-6.1":0,"7.0-7.1":0.0333869465792,"8":0,"8.1-8.4":0.0431248059981,"9.0-9.2":0.0332323773821,"9.3":0.217633429553,"10-10.1":1.15695044049},"android":{"2.1":0,"2.2":0,"2.3":0.0041961779118,"3":0,"4":0.0363668752356,"4.1":0.115394892574,"4.2-4.3":0.329399966076,"4.4":0.776292913683,"4.4.3-4.4.4":0.593759174519,"53":null},"op_mob":{"10":0,"11":0,"11.1":0,"11.5":0,"12":0,"12.1":0.0185131485445,"0":0.666473347603},"ie":{"5.5":null,"6":0.0058480056338,"7":0.00389867042254,"8":0.177389504225,"9":0.0467840450704,"10":0.0662773971831,"11":0.391816377465},"edge":{"12":0.034794,"13":0.05799,"14":0.102449},"bb":{"7":0.02218425,"10":null},"ie_mob":{"10":0.093706272,"11":0.438715728},"and_ff":{"0":0.016134},"samsung":{"0":1.903812},"and_uc":{"0":46.175508},"op_mini":{"0":8.97927950385},"and_chr":{"0":18.288952}},"total":97.70728625}