{"id":"IQ","name":"Iraq","month":"2016-11","access_date":"2016-12-03","data":{"firefox":{"2":null,"3":0.00539,"3.5":null,"3.6":0.018865,"4":0.00539,"5":0.008085,"6":0.018865,"7":null,"8":0.00539,"9":null,"10":0.008085,"11":0.01617,"12":0.018865,"13":0.013475,"14":0.00539,"15":0.01078,"16":0.00539,"17":null,"18":0.008085,"19":0.008085,"20":0.00539,"21":0.01078,"22":0.008085,"23":0.008085,"24":0.00539,"25":0.00539,"26":0.00539,"27":0.008085,"28":0.002695,"29":0.01078,"30":0.01617,"31":0.024255,"32":0.00539,"33":0.018865,"34":0.008085,"35":0.01078,"36":0.008085,"37":0.035035,"38":0.018865,"39":0.01617,"40":0.01078,"41":0.018865,"42":0.01617,"43":0.088935,"44":0.07546,"45":0.056595,"46":0.03773,"47":0.266805,"48":0.121275,"49":1.684375,"50":0.92708,"51":0.07546,"52":null,"53":null},"chrome":{"4":0.00539,"5":0.00539,"6":0.01078,"7":null,"8":0.008085,"9":null,"10":0.00539,"11":0.03234,"12":0.008085,"13":0.02156,"14":0.008085,"15":0.01078,"16":0.002695,"17":0.00539,"18":0.01617,"19":0.02156,"20":0.01078,"21":0.018865,"22":0.024255,"23":0.018865,"24":0.01617,"25":0.01617,"26":0.01078,"27":0.024255,"28":0.018865,"29":0.02156,"30":0.03234,"31":0.06468,"32":0.029645,"33":0.110495,"34":0.04312,"35":0.013475,"36":0.018865,"37":0.00539,"38":0.07546,"39":0.029645,"40":0.051205,"41":0.02695,"42":0.029645,"43":1.47686,"44":0.035035,"45":0.051205,"46":0.02695,"47":0.08624,"48":0.04851,"49":0.347655,"50":0.0539,"51":0.525525,"52":0.207515,"53":0.455455,"54":15.024625,"55":0.067375,"56":0.08085,"57":null},"opera":{"9":null,"9.5-9.6":null,"10.0-10.1":0,"10.5":null,"10.6":null,"11":null,"11.1":null,"11.5":null,"11.6":null,"12":0.00539,"12.1":0.013475,"15":0.01078,"16":null,"17":null,"18":null,"19":null,"20":null,"21":null,"22":null,"23":null,"24":null,"25":null,"26":null,"27":null,"28":0.013475,"29":null,"30":null,"31":null,"32":null,"33":null,"34":0.00539,"35":null,"36":0.01078,"37":0.013475,"38":0.024255,"39":0.008085,"40":0.024255,"41":0.51205,"42":0.00539,"43":0.002695},"safari":{"3.1":null,"3.2":null,"4":0.00539,"5":0.002695,"5.1":0.01078,"6":null,"6.1":0.002695,"7":0.00539,"7.1":null,"8":0.013475,"9":0.008085,"9.1":0.045815,"10":0.14014,"0":null},"ios_saf":{"3.2":0,"4.0-4.1":0,"4.2-4.3":0,"5.0-5.1":0,"6.0-6.1":0,"7.0-7.1":0.351790178069,"8":0,"8.1-8.4":0.454395646673,"9.0-9.2":0.350161519838,"9.3":2.29315079038,"10-10.1":12.190506865},"android":{"2.1":0,"2.2":0,"2.3":0.0164713569544,"3":0,"4":0.142751760271,"4.1":0.452962316246,"4.2-4.3":1.29300152092,"4.4":3.04720103656,"4.4.3-4.4.4":2.33069700905,"53":null},"op_mob":{"10":0,"11":0,"11.1":0,"11.5":0,"12":0,"12.1":0.00130141131887,"0":0.0468508074793},"ie":{"5.5":null,"6":0.00557326,"7":0.00557326,"8":0.24801007,"9":0.10589194,"10":0.07245238,"11":0.95581409},"edge":{"12":0.029645,"13":0.07007,"14":0.212905},"bb":{"7":0.007305,"10":null},"ie_mob":{"10":0.02957064,"11":0.13844436},"and_ff":{"0":0.04383},"samsung":{"0":8.451885},"and_uc":{"0":0.54057},"op_mini":{"0":0.631212781202},"and_chr":{"0":40.47345}},"total":99.005895}