{"id":"IR","name":"Iran","month":"2016-11","access_date":"2016-12-03","data":{"firefox":{"2":null,"3":0.02757,"3.5":0.011028,"3.6":0.05514,"4":0.049626,"5":0.011028,"6":0.005514,"7":0.011028,"8":0.016542,"9":0.011028,"10":0.016542,"11":0.02757,"12":0.071682,"13":0.02757,"14":0.033084,"15":0.02757,"16":0.038598,"17":0.016542,"18":0.022056,"19":0.011028,"20":0.022056,"21":0.02757,"22":0.022056,"23":0.022056,"24":0.044112,"25":0.033084,"26":0.033084,"27":0.02757,"28":0.016542,"29":0.071682,"30":0.060654,"31":0.071682,"32":0.049626,"33":0.093738,"34":0.060654,"35":0.077196,"36":0.05514,"37":0.077196,"38":0.115794,"39":0.11028,"40":0.099252,"41":0.148878,"42":0.132336,"43":0.672708,"44":0.314298,"45":0.2757,"46":0.253644,"47":1.51635,"48":0.727848,"49":8.337168,"50":4.32849,"51":0.336354,"52":null,"53":null},"chrome":{"4":0.011028,"5":0.005514,"6":0.005514,"7":0.005514,"8":0.016542,"9":null,"10":0.005514,"11":0.077196,"12":0.011028,"13":0.011028,"14":0.022056,"15":0.016542,"16":null,"17":0.011028,"18":0.016542,"19":0.011028,"20":0.022056,"21":0.011028,"22":0.044112,"23":0.033084,"24":0.02757,"25":0.011028,"26":0.022056,"27":0.016542,"28":0.022056,"29":0.05514,"30":0.02757,"31":0.05514,"32":0.016542,"33":0.044112,"34":0.02757,"35":0.022056,"36":0.033084,"37":0.022056,"38":0.093738,"39":0.05514,"40":0.038598,"41":0.038598,"42":0.02757,"43":0.16542,"44":0.049626,"45":0.08271,"46":0.08271,"47":0.071682,"48":0.099252,"49":0.942894,"50":0.11028,"51":0.474204,"52":0.369438,"53":0.79953,"54":18.119004,"55":0.05514,"56":0.038598,"57":null},"opera":{"9":null,"9.5-9.6":null,"10.0-10.1":0,"10.5":null,"10.6":null,"11":null,"11.1":null,"11.5":0.005514,"11.6":0.011028,"12":0.005514,"12.1":0.033084,"15":null,"16":null,"17":null,"18":null,"19":null,"20":null,"21":null,"22":null,"23":0.005514,"24":null,"25":null,"26":null,"27":null,"28":null,"29":null,"30":null,"31":null,"32":null,"33":null,"34":null,"35":null,"36":0.02757,"37":0.011028,"38":0.038598,"39":0.02757,"40":0.066168,"41":0.336354,"42":null,"43":null},"safari":{"3.1":null,"3.2":null,"4":0.016542,"5":null,"5.1":0.016542,"6":0.005514,"6.1":null,"7":0.005514,"7.1":null,"8":0.044112,"9":0.060654,"9.1":0.115794,"10":0.242616,"0":null},"ios_saf":{"3.2":0,"4.0-4.1":0,"4.2-4.3":0,"5.0-5.1":0,"6.0-6.1":0,"7.0-7.1":0.0819336157451,"8":0,"8.1-8.4":0.105830920337,"9.0-9.2":0.08155429345,"9.3":0.534085791523,"10-10.1":2.83922737894},"android":{"2.1":0,"2.2":0,"2.3":0.0146805322277,"3":0,"4":0.127231279306,"4.1":0.403714636261,"4.2-4.3":1.15242177987,"4.4":2.71589846212,"4.4.3-4.4.4":2.07729531021,"53":null},"op_mob":{"10":0,"11":0,"11.1":0,"11.5":0,"12":0,"12.1":0.00751072935493,"0":0.270386256778},"ie":{"5.5":null,"6":0.611083737323,"7":0.723209193712,"8":3.54316442191,"9":1.12686083671,"10":0.930641288032,"11":4.12061052231},"edge":{"12":0.16542,"13":0.204018,"14":0.314298},"bb":{"7":0.0123365,"10":null},"ie_mob":{"10":0.01579072,"11":0.07392928},"and_ff":{"0":0.237758},"samsung":{"0":7.720406},"and_uc":{"0":1.040752},"op_mini":{"0":3.64286701387},"and_chr":{"0":21.875788}},"total":99.0244865}