{"id":"IS","name":"Iceland","month":"2016-11","access_date":"2016-12-03","data":{"firefox":{"2":null,"3":null,"3.5":null,"3.6":0.014442,"4":null,"5":null,"6":null,"7":null,"8":null,"9":null,"10":null,"11":null,"12":0.014442,"13":null,"14":null,"15":null,"16":0.014442,"17":null,"18":null,"19":null,"20":0.007221,"21":null,"22":null,"23":null,"24":null,"25":null,"26":null,"27":null,"28":null,"29":null,"30":null,"31":null,"32":null,"33":null,"34":null,"35":0.064989,"36":null,"37":null,"38":0.028884,"39":0.021663,"40":0.007221,"41":0.050547,"42":0.108315,"43":0.404376,"44":0.014442,"45":0.093873,"46":0.064989,"47":0.223851,"48":0.281619,"49":4.130412,"50":2.375709,"51":0.028884,"52":null,"53":null},"chrome":{"4":null,"5":null,"6":null,"7":null,"8":null,"9":null,"10":null,"11":null,"12":null,"13":null,"14":null,"15":null,"16":null,"17":null,"18":null,"19":null,"20":null,"21":0.014442,"22":null,"23":null,"24":null,"25":null,"26":null,"27":null,"28":null,"29":null,"30":null,"31":0.021663,"32":0.007221,"33":0.050547,"34":0.050547,"35":0.014442,"36":0.007221,"37":0.021663,"38":0.028884,"39":0.079431,"40":0.014442,"41":0.007221,"42":0.014442,"43":0.07221,"44":0.137199,"45":0.021663,"46":0.036105,"47":0.036105,"48":0.14442,"49":1.689714,"50":0.115536,"51":0.404376,"52":0.238293,"53":1.292559,"54":37.729725,"55":0.122757,"56":0.057768,"57":null},"opera":{"9":null,"9.5-9.6":null,"10.0-10.1":0,"10.5":null,"10.6":null,"11":null,"11.1":null,"11.5":null,"11.6":null,"12":null,"12.1":0.151641,"15":null,"16":null,"17":null,"18":null,"19":null,"20":null,"21":null,"22":null,"23":null,"24":null,"25":0.007221,"26":null,"27":null,"28":null,"29":null,"30":null,"31":null,"32":null,"33":null,"34":null,"35":null,"36":0.021663,"37":null,"38":0.043326,"39":null,"40":0.014442,"41":0.491028,"42":null,"43":null},"safari":{"3.1":null,"3.2":null,"4":0.014442,"5":0.057768,"5.1":0.093873,"6":0.007221,"6.1":0.115536,"7":0.036105,"7.1":0.007221,"8":0.368271,"9":0.418818,"9.1":1.884681,"10":2.967831,"0":null},"ios_saf":{"3.2":0,"4.0-4.1":0,"4.2-4.3":0,"5.0-5.1":0,"6.0-6.1":0,"7.0-7.1":0.260564423618,"8":0,"8.1-8.4":0.336562380506,"9.0-9.2":0.259358106842,"9.3":1.69849402062,"10-10.1":9.02928106842},"android":{"2.1":0,"2.2":0,"2.3":0.00105625329815,"3":0,"4":0.00915419525066,"4.1":0.0290469656992,"4.2-4.3":0.082915883905,"4.4":0.195406860158,"4.4.3-4.4.4":0.149459841689,"53":null},"op_mob":{"10":0,"11":0,"11.1":0,"11.5":0,"12":0,"12.1":0.000367455961354,"0":0.0132284146088},"ie":{"5.5":null,"6":null,"7":null,"8":0.123674809346,"9":0.0654748990654,"10":0.0800248766355,"11":3.62294441495},"edge":{"12":0.07221,"13":0.274398,"14":2.122974},"bb":{"7":0.00695,"10":null},"ie_mob":{"10":0.04501376,"11":0.21074624},"and_ff":{"0":0.02224},"samsung":{"0":3.28318},"and_uc":{"0":0.01946},"op_mini":{"0":0.17822412943},"and_chr":{"0":11.861578}},"total":91.135994}