{"id":"IT","name":"Italy","month":"2016-11","access_date":"2016-12-03","data":{"firefox":{"2":null,"3":null,"3.5":null,"3.6":0.025472,"4":null,"5":null,"6":null,"7":null,"8":null,"9":null,"10":null,"11":0.012736,"12":0.012736,"13":null,"14":null,"15":null,"16":0.025472,"17":null,"18":null,"19":null,"20":0.006368,"21":0.019104,"22":null,"23":null,"24":0.006368,"25":0.006368,"26":0.006368,"27":0.006368,"28":0.012736,"29":0.012736,"30":0.012736,"31":0.019104,"32":0.012736,"33":0.012736,"34":0.038208,"35":0.025472,"36":0.019104,"37":0.038208,"38":0.057312,"39":0.03184,"40":0.025472,"41":0.03184,"42":0.044576,"43":0.22288,"44":0.044576,"45":0.25472,"46":0.140096,"47":0.560384,"48":0.579488,"49":5.79488,"50":3.355936,"51":0.03184,"52":null,"53":null},"chrome":{"4":null,"5":null,"6":null,"7":null,"8":null,"9":null,"10":null,"11":0.019104,"12":null,"13":null,"14":null,"15":null,"16":null,"17":null,"18":null,"19":null,"20":null,"21":0.012736,"22":0.044576,"23":null,"24":null,"25":0.03184,"26":0.025472,"27":0.012736,"28":null,"29":0.006368,"30":0.006368,"31":0.025472,"32":0.019104,"33":0.019104,"34":0.057312,"35":0.038208,"36":0.057312,"37":0.025472,"38":0.057312,"39":0.057312,"40":0.03184,"41":0.06368,"42":0.038208,"43":0.210144,"44":0.050944,"45":0.070048,"46":0.06368,"47":0.076416,"48":0.101888,"49":2.878336,"50":0.140096,"51":0.496704,"52":0.267456,"53":1.20992,"54":29.649408,"55":0.089152,"56":0.050944,"57":null},"opera":{"9":null,"9.5-9.6":null,"10.0-10.1":0,"10.5":null,"10.6":null,"11":null,"11.1":null,"11.5":null,"11.6":null,"12":null,"12.1":0.038208,"15":null,"16":null,"17":null,"18":null,"19":null,"20":null,"21":null,"22":null,"23":null,"24":null,"25":null,"26":null,"27":null,"28":0.03184,"29":null,"30":null,"31":null,"32":null,"33":null,"34":null,"35":null,"36":0.038208,"37":0.012736,"38":0.038208,"39":null,"40":0.076416,"41":0.585856,"42":null,"43":null},"safari":{"3.1":null,"3.2":null,"4":0.025472,"5":0.089152,"5.1":0.22288,"6":0.012736,"6.1":0.120992,"7":0.038208,"7.1":0.019104,"8":0.197408,"9":0.273824,"9.1":1.01888,"10":2.700032,"0":null},"ios_saf":{"3.2":0,"4.0-4.1":0,"4.2-4.3":0,"5.0-5.1":0,"6.0-6.1":0,"7.0-7.1":0.17699894283,"8":0,"8.1-8.4":0.228623634489,"9.0-9.2":0.17617950328,"9.3":1.1537708866,"10-10.1":6.1335050328},"android":{"2.1":0,"2.2":0,"2.3":0.00477370448549,"3":0,"4":0.0413721055409,"4.1":0.131276873351,"4.2-4.3":0.374735802111,"4.4":0.883135329815,"4.4.3-4.4.4":0.675479184697,"53":null},"op_mob":{"10":0,"11":0,"11.1":0,"11.5":0,"12":0,"12.1":0.000403649856328,"0":0.0145313948278},"ie":{"5.5":null,"6":0.0128335404814,"7":0.0256670809628,"8":0.404256525164,"9":0.295171431072,"10":0.224586958425,"11":4.90241246389},"edge":{"12":0.09552,"13":0.394816,"14":2.056864},"bb":{"7":0.01544025,"10":null},"ie_mob":{"10":0.234662736,"11":1.098648264},"and_ff":{"0":0.054495},"samsung":{"0":3.738357},"and_uc":{"0":0.366933},"op_mini":{"0":0.195778955316},"and_chr":{"0":20.859874}},"total":98.02291125}