{"id":"JE","name":"Jersey","month":"2016-11","access_date":"2016-12-03","data":{"firefox":{"2":null,"3":null,"3.5":null,"3.6":null,"4":null,"5":null,"6":null,"7":null,"8":null,"9":0.026955,"10":null,"11":null,"12":0.005391,"13":0.010782,"14":null,"15":0.010782,"16":0.005391,"17":null,"18":0.005391,"19":0.021564,"20":null,"21":0.021564,"22":null,"23":null,"24":null,"25":null,"26":0.010782,"27":null,"28":null,"29":null,"30":null,"31":null,"32":null,"33":0.070083,"34":null,"35":0.005391,"36":null,"37":null,"38":0.005391,"39":null,"40":0.010782,"41":0.010782,"42":0.005391,"43":0.026955,"44":0.032346,"45":0.026955,"46":0.005391,"47":0.091647,"48":0.21564,"49":2.609244,"50":1.708947,"51":0.080865,"52":null,"53":null},"chrome":{"4":null,"5":null,"6":null,"7":null,"8":null,"9":null,"10":null,"11":0.010782,"12":null,"13":null,"14":null,"15":null,"16":null,"17":null,"18":null,"19":null,"20":null,"21":0.005391,"22":0.016173,"23":null,"24":null,"25":null,"26":null,"27":null,"28":null,"29":null,"30":null,"31":null,"32":0.026955,"33":null,"34":0.016173,"35":null,"36":null,"37":null,"38":0.021564,"39":0.016173,"40":0.005391,"41":0.016173,"42":null,"43":0.026955,"44":0.048519,"45":null,"46":0.032346,"47":0.010782,"48":0.043128,"49":1.148283,"50":0.032346,"51":0.129384,"52":0.075474,"53":1.072809,"54":20.027565,"55":0.134775,"56":0.075474,"57":0.037737},"opera":{"9":null,"9.5-9.6":null,"10.0-10.1":0,"10.5":null,"10.6":null,"11":null,"11.1":null,"11.5":null,"11.6":null,"12":null,"12.1":0.016173,"15":null,"16":null,"17":null,"18":null,"19":null,"20":null,"21":null,"22":null,"23":null,"24":null,"25":null,"26":null,"27":null,"28":null,"29":null,"30":null,"31":null,"32":null,"33":null,"34":null,"35":null,"36":0.005391,"37":null,"38":null,"39":null,"40":null,"41":0.134775,"42":null,"43":null},"safari":{"3.1":null,"3.2":null,"4":0.05391,"5":0.064692,"5.1":0.366588,"6":0.010782,"6.1":0.221031,"7":0.032346,"7.1":0.026955,"8":0.48519,"9":0.469017,"9.1":1.983888,"10":4.814163,"0":null},"ios_saf":{"3.2":0,"4.0-4.1":0,"4.2-4.3":0,"5.0-5.1":0,"6.0-6.1":0,"7.0-7.1":0.581715463918,"8":0,"8.1-8.4":0.751382474227,"9.0-9.2":0.57902233677,"9.3":3.79192302405,"10-10.1":20.158056701},"android":{"2.1":0,"2.2":0,"2.3":0.00207476064832,"3":0,"4":0.0179812589521,"4.1":0.0570559178289,"4.2-4.3":0.162868710893,"4.4":0.38383071994,"4.4.3-4.4.4":0.293578631738,"53":null},"op_mob":{"10":0,"11":0,"11.1":0,"11.5":0,"12":0,"12.1":0.00052986299088,"0":0.0190750676717},"ie":{"5.5":null,"6":null,"7":null,"8":0.183294,"9":0.339633,"10":0.625356,"11":11.003031},"edge":{"12":0.134775,"13":0.393543,"14":3.385548},"bb":{"7":0.108335,"10":null},"ie_mob":{"10":0.15172432,"11":0.71034568},"and_ff":{"0":0.03227},"samsung":{"0":4.45787},"and_uc":{"0":0.30426},"op_mini":{"0":0.256995069337},"and_chr":{"0":12.950478}},"total":98.576218}