{"id":"JM","name":"Jamaica","month":"2016-11","access_date":"2016-12-03","data":{"firefox":{"2":null,"3":null,"3.5":0.012182,"3.6":0.006091,"4":0.018273,"5":0.018273,"6":0.018273,"7":null,"8":null,"9":null,"10":0.012182,"11":null,"12":null,"13":null,"14":null,"15":null,"16":null,"17":null,"18":null,"19":0.012182,"20":null,"21":0.018273,"22":null,"23":0.012182,"24":null,"25":null,"26":null,"27":0.006091,"28":0.012182,"29":0.006091,"30":null,"31":null,"32":null,"33":null,"34":0.006091,"35":0.006091,"36":0.006091,"37":0.048728,"38":0.048728,"39":0.018273,"40":0.012182,"41":0.012182,"42":0.030455,"43":0.097456,"44":0.054819,"45":0.067001,"46":0.054819,"47":0.389824,"48":0.310641,"49":3.179502,"50":1.626297,"51":0.127911,"52":0.036546,"53":null},"chrome":{"4":null,"5":null,"6":null,"7":null,"8":null,"9":null,"10":0.012182,"11":0.030455,"12":0.006091,"13":null,"14":null,"15":null,"16":0.018273,"17":null,"18":0.018273,"19":null,"20":null,"21":0.030455,"22":0.073092,"23":null,"24":null,"25":null,"26":0.024364,"27":0.006091,"28":0.018273,"29":0.018273,"30":0.012182,"31":0.042637,"32":0.006091,"33":0.024364,"34":0.024364,"35":0.012182,"36":0.030455,"37":0.030455,"38":0.024364,"39":0.048728,"40":0.018273,"41":0.079183,"42":0.036546,"43":0.164457,"44":0.036546,"45":0.054819,"46":0.042637,"47":0.073092,"48":0.042637,"49":1.650661,"50":0.140093,"51":0.907559,"52":0.536008,"53":1.248655,"54":33.731958,"55":0.170548,"56":0.383733,"57":0.024364},"opera":{"9":null,"9.5-9.6":null,"10.0-10.1":0,"10.5":null,"10.6":null,"11":null,"11.1":null,"11.5":null,"11.6":null,"12":null,"12.1":0.054819,"15":null,"16":null,"17":null,"18":null,"19":null,"20":null,"21":null,"22":null,"23":null,"24":null,"25":null,"26":null,"27":0.018273,"28":0.024364,"29":0.091365,"30":null,"31":null,"32":null,"33":0.048728,"34":0.018273,"35":null,"36":0.018273,"37":0.274095,"38":0.091365,"39":0.012182,"40":0.012182,"41":0.517735,"42":null,"43":null},"safari":{"3.1":null,"3.2":null,"4":0.006091,"5":0.024364,"5.1":0.085274,"6":0.024364,"6.1":0.024364,"7":0.018273,"7.1":0.012182,"8":0.085274,"9":0.097456,"9.1":0.408097,"10":1.27911,"0":null},"ios_saf":{"3.2":0,"4.0-4.1":0,"4.2-4.3":0,"5.0-5.1":0,"6.0-6.1":0,"7.0-7.1":0.103461278351,"8":0,"8.1-8.4":0.133637484536,"9.0-9.2":0.102982290951,"9.3":0.674414258877,"10-10.1":3.58522068729},"android":{"2.1":0,"2.2":0,"2.3":0.0120907892951,"3":0,"4":0.104786840558,"4.1":0.332496705616,"4.2-4.3":0.949126959668,"4.4":2.2367960196,"4.4.3-4.4.4":1.71084668526,"53":null},"op_mob":{"10":0,"11":0,"11.1":0,"11.5":0,"12":0,"12.1":0.00329396243701,"0":0.118582647732},"ie":{"5.5":null,"6":null,"7":0.0244640574949,"8":0.250756589322,"9":0.207944488706,"10":0.140668330595,"11":2.35466553388},"edge":{"12":0.188821,"13":0.542099,"14":2.046576},"bb":{"7":0.127987,"10":null},"ie_mob":{"10":0.094917504,"11":0.444386496},"and_ff":{"0":0.027356},"samsung":{"0":2.700428},"and_uc":{"0":1.746876},"op_mini":{"0":1.59764338983},"and_chr":{"0":25.978808}},"total":97.927962}