{"id":"JO","name":"Jordan","month":"2016-11","access_date":"2016-12-03","data":{"firefox":{"2":null,"3":0.008344,"3.5":null,"3.6":0.012516,"4":null,"5":null,"6":null,"7":null,"8":null,"9":null,"10":0.012516,"11":0.004172,"12":0.008344,"13":0.004172,"14":0.004172,"15":null,"16":0.004172,"17":null,"18":0.008344,"19":0.008344,"20":null,"21":0.008344,"22":null,"23":null,"24":null,"25":null,"26":null,"27":0.008344,"28":null,"29":0.004172,"30":0.008344,"31":0.008344,"32":0.004172,"33":0.012516,"34":0.012516,"35":0.033376,"36":0.016688,"37":0.016688,"38":0.025032,"39":0.008344,"40":0.016688,"41":0.025032,"42":0.012516,"43":0.108472,"44":0.050064,"45":0.070924,"46":0.058408,"47":0.321244,"48":0.241976,"49":1.910776,"50":1.043,"51":0.045892,"52":0.004172,"53":0.004172},"chrome":{"4":null,"5":null,"6":0.004172,"7":0.004172,"8":0.008344,"9":null,"10":0.004172,"11":0.058408,"12":0.008344,"13":0.008344,"14":0.004172,"15":0.004172,"16":0.008344,"17":0.008344,"18":0.02086,"19":0.012516,"20":0.012516,"21":0.008344,"22":0.025032,"23":0.02086,"24":0.02086,"25":0.012516,"26":0.012516,"27":0.033376,"28":0.037548,"29":0.025032,"30":0.037548,"31":0.04172,"32":0.025032,"33":0.08344,"34":0.012516,"35":0.008344,"36":0.016688,"37":0.012516,"38":0.037548,"39":0.02086,"40":0.054236,"41":0.037548,"42":0.033376,"43":0.27118,"44":0.04172,"45":0.033376,"46":0.029204,"47":0.100128,"48":0.08344,"49":1.693832,"50":0.1043,"51":0.504812,"52":0.329588,"53":0.621628,"54":24.956904,"55":0.091784,"56":0.06258,"57":null},"opera":{"9":null,"9.5-9.6":null,"10.0-10.1":0,"10.5":null,"10.6":null,"11":null,"11.1":null,"11.5":null,"11.6":null,"12":null,"12.1":0.012516,"15":null,"16":null,"17":null,"18":null,"19":0.008344,"20":null,"21":null,"22":null,"23":null,"24":null,"25":null,"26":null,"27":null,"28":0.008344,"29":null,"30":null,"31":null,"32":null,"33":null,"34":null,"35":null,"36":0.016688,"37":0.02086,"38":0.054236,"39":0.016688,"40":0.008344,"41":0.467264,"42":0.004172,"43":null},"safari":{"3.1":null,"3.2":null,"4":0.008344,"5":0.012516,"5.1":0.04172,"6":0.02086,"6.1":0.02086,"7":0.025032,"7.1":null,"8":0.070924,"9":0.079268,"9.1":0.350448,"10":0.5215,"0":null},"ios_saf":{"3.2":0,"4.0-4.1":0,"4.2-4.3":0,"5.0-5.1":0,"6.0-6.1":0,"7.0-7.1":0.140265267104,"8":0,"8.1-8.4":0.181175970009,"9.0-9.2":0.139615890867,"9.3":0.914321741123,"10-10.1":4.8605811309},"android":{"2.1":0,"2.2":0,"2.3":0.0145908692047,"3":0,"4":0.126454199774,"4.1":0.401248903129,"4.2-4.3":1.14538323257,"4.4":2.69931080286,"4.4.3-4.4.4":2.06460799246,"53":null},"op_mob":{"10":0,"11":0,"11.1":0,"11.5":0,"12":0,"12.1":0.00336045008953,"0":0.120976203223},"ie":{"5.5":null,"6":0.0214033522084,"7":0.0214033522084,"8":0.731994645527,"9":0.265401567384,"10":0.248278885617,"11":2.49135019706},"edge":{"12":0.087612,"13":0.16688,"14":0.550704},"bb":{"7":0.010199,"10":null},"ie_mob":{"10":0.140524736,"11":0.657911264},"and_ff":{"0":0.02914},"samsung":{"0":5.30348},"and_uc":{"0":1.334612},"op_mini":{"0":1.62989134669},"and_chr":{"0":36.723636}},"total":98.859367}