{"id":"JP","name":"Japan","month":"2016-11","access_date":"2016-12-03","data":{"firefox":{"2":null,"3":0.028588,"3.5":null,"3.6":0.028588,"4":null,"5":null,"6":null,"7":null,"8":null,"9":null,"10":0.014294,"11":0.007147,"12":0.014294,"13":null,"14":null,"15":null,"16":0.035735,"17":null,"18":null,"19":0.014294,"20":null,"21":0.014294,"22":null,"23":null,"24":0.007147,"25":0.007147,"26":null,"27":null,"28":0.014294,"29":0.007147,"30":null,"31":0.014294,"32":null,"33":0.014294,"34":0.021441,"35":0.050029,"36":0.042882,"37":0.028588,"38":0.100058,"39":0.028588,"40":0.028588,"41":0.028588,"42":0.035735,"43":0.235851,"44":0.064323,"45":0.28588,"46":0.235851,"47":0.92911,"48":0.779023,"49":5.538925,"50":3.437707,"51":0.035735,"52":0.007147,"53":null},"chrome":{"4":null,"5":null,"6":null,"7":null,"8":null,"9":null,"10":null,"11":0.014294,"12":null,"13":null,"14":null,"15":null,"16":null,"17":0.028588,"18":null,"19":null,"20":null,"21":0.014294,"22":0.014294,"23":null,"24":null,"25":null,"26":null,"27":0.014294,"28":null,"29":0.042882,"30":0.007147,"31":0.014294,"32":null,"33":0.007147,"34":0.014294,"35":0.014294,"36":0.007147,"37":0.007147,"38":0.014294,"39":0.150087,"40":0.014294,"41":0.042882,"42":0.078617,"43":0.228704,"44":0.021441,"45":0.207263,"46":0.035735,"47":0.050029,"48":0.235851,"49":1.936837,"50":0.343056,"51":1.915396,"52":0.371644,"53":0.793317,"54":21.162267,"55":0.085764,"56":0.064323,"57":null},"opera":{"9":null,"9.5-9.6":null,"10.0-10.1":0,"10.5":null,"10.6":0.007147,"11":null,"11.1":null,"11.5":null,"11.6":0.007147,"12":null,"12.1":0.192969,"15":null,"16":null,"17":null,"18":null,"19":null,"20":null,"21":null,"22":null,"23":null,"24":null,"25":null,"26":null,"27":null,"28":0.014294,"29":null,"30":null,"31":null,"32":null,"33":null,"34":null,"35":null,"36":0.028588,"37":0.042882,"38":0.321615,"39":0.014294,"40":0.014294,"41":0.314468,"42":null,"43":null},"safari":{"3.1":null,"3.2":null,"4":0.085764,"5":0.128646,"5.1":0.378791,"6":0.092911,"6.1":0.264439,"7":0.114352,"7.1":0.035735,"8":0.293027,"9":0.242998,"9.1":1.236431,"10":2.07263,"0":null},"ios_saf":{"3.2":0,"4.0-4.1":0,"4.2-4.3":0,"5.0-5.1":0,"6.0-6.1":0,"7.0-7.1":0.451645675726,"8":0,"8.1-8.4":0.58337566448,"9.0-9.2":0.449554723524,"9.3":2.94406070103,"10-10.1":15.6507772352},"android":{"2.1":0,"2.2":0,"2.3":0.00312937429325,"3":0,"4":0.0271212438749,"4.1":0.0860577930645,"4.2-4.3":0.24565588202,"4.4":0.578934244252,"4.4.3-4.4.4":0.442806462495,"53":null},"op_mob":{"10":0,"11":0,"11.1":0,"11.5":0,"12":0,"12.1":0.000169423978678,"0":0.00609926323242},"ie":{"5.5":null,"6":0.0883629090909,"7":0.0662721818182,"8":0.949901272727,"9":0.736357575758,"10":0.530177454545,"11":14.3957906061},"edge":{"12":0.057176,"13":0.443114,"14":2.830212},"bb":{"7":0.0042795,"10":null},"ie_mob":{"10":0.009038304,"11":0.042315696},"and_ff":{"0":0.039942},"samsung":{"0":0.707544},"and_uc":{"0":0.242505},"op_mini":{"0":0.0821743127889},"and_chr":{"0":8.360999}},"total":97.0464945}