{"id":"KE","name":"Kenya","month":"2016-11","access_date":"2016-12-03","data":{"firefox":{"2":null,"3":0.005165,"3.5":0.001033,"3.6":0.005165,"4":0.002066,"5":0.002066,"6":0.001033,"7":0.003099,"8":0.001033,"9":0.001033,"10":0.003099,"11":0.011363,"12":0.007231,"13":0.004132,"14":0.006198,"15":0.005165,"16":0.006198,"17":0.003099,"18":0.004132,"19":0.003099,"20":0.009297,"21":0.005165,"22":0.003099,"23":0.003099,"24":0.004132,"25":0.003099,"26":0.003099,"27":0.003099,"28":0.004132,"29":0.01033,"30":0.011363,"31":0.009297,"32":0.007231,"33":0.016528,"34":0.013429,"35":0.014462,"36":0.011363,"37":0.014462,"38":0.019627,"39":0.015495,"40":0.017561,"41":0.019627,"42":0.016528,"43":0.101234,"44":0.109498,"45":0.057848,"46":0.040287,"47":0.224161,"48":0.121894,"49":1.577391,"50":0.956558,"51":0.121894,"52":null,"53":null},"chrome":{"4":null,"5":null,"6":null,"7":null,"8":null,"9":null,"10":0.001033,"11":0.018594,"12":null,"13":null,"14":null,"15":0.003099,"16":null,"17":null,"18":null,"19":0.001033,"20":null,"21":null,"22":0.002066,"23":null,"24":0.001033,"25":0.002066,"26":0.001033,"27":0.003099,"28":0.002066,"29":0.004132,"30":0.002066,"31":0.012396,"32":0.004132,"33":0.008264,"34":0.006198,"35":0.001033,"36":0.004132,"37":null,"38":0.004132,"39":0.003099,"40":0.007231,"41":0.002066,"42":0.004132,"43":0.027891,"44":0.003099,"45":0.009297,"46":0.006198,"47":0.007231,"48":0.008264,"49":0.17561,"50":0.017561,"51":0.066112,"52":0.05165,"53":0.104333,"54":3.60517,"55":0.02066,"56":0.02066,"57":null},"opera":{"9":null,"9.5-9.6":null,"10.0-10.1":0,"10.5":null,"10.6":null,"11":null,"11.1":null,"11.5":null,"11.6":null,"12":null,"12.1":0.004132,"15":0.008264,"16":null,"17":null,"18":null,"19":0.003099,"20":null,"21":null,"22":null,"23":null,"24":null,"25":null,"26":null,"27":null,"28":0.002066,"29":0.011363,"30":0.004132,"31":null,"32":0.006198,"33":0.007231,"34":0.01033,"35":0.011363,"36":0.009297,"37":0.236557,"38":0.003099,"39":0.003099,"40":0.007231,"41":0.170445,"42":0.001033,"43":null},"safari":{"3.1":null,"3.2":null,"4":0.001033,"5":0.003099,"5.1":0.003099,"6":null,"6.1":0.002066,"7":0.002066,"7.1":0.005165,"8":0.016528,"9":0.012396,"9.1":0.037188,"10":0.098135,"0":null},"ios_saf":{"3.2":0,"4.0-4.1":0,"4.2-4.3":0,"5.0-5.1":0,"6.0-6.1":0,"7.0-7.1":0.0084702230553,"8":0,"8.1-8.4":0.0109407047798,"9.0-9.2":0.00843100905967,"9.3":0.0552133058419,"10-10.1":0.293516757263},"android":{"2.1":0,"2.2":0,"2.3":0.00614405880136,"3":0,"4":0.0532485096118,"4.1":0.168961617037,"4.2-4.3":0.482308615907,"4.4":1.13665087825,"4.4.3-4.4.4":0.869384320392,"53":null},"op_mob":{"10":0,"11":0,"11.1":0,"11.5":0,"12":0,"12.1":0.145304983134,"0":5.23097939283},"ie":{"5.5":null,"6":null,"7":null,"8":0.0503326550523,"9":0.0153186341463,"10":0.0240721393728,"11":0.224308571429},"edge":{"12":0.021693,"13":0.03099,"14":0.087805},"bb":{"7":0.0336225,"10":null},"ie_mob":{"10":0.178315808,"11":0.834842192},"and_ff":{"0":0.035864},"samsung":{"0":0.76211},"and_uc":{"0":2.546344},"op_mini":{"0":70.476075624},"and_chr":{"0":6.820042}},"total":99.1345735}