{"id":"KG","name":"Kyrgyzstan","month":"2016-11","access_date":"2016-12-03","data":{"firefox":{"2":0.112896,"3":0.395136,"3.5":0.7056,"3.6":2.646,"4":0.1764,"5":0.10584,"6":0.03528,"7":0.007056,"8":0.028224,"9":0.028224,"10":0.091728,"11":0.183456,"12":0.021168,"13":0.049392,"14":0.10584,"15":0.098784,"16":0.098784,"17":0.042336,"18":0.091728,"19":0.084672,"20":0.098784,"21":0.127008,"22":0.091728,"23":0.084672,"24":0.098784,"25":0.07056,"26":0.028224,"27":0.014112,"28":0.056448,"29":0.049392,"30":null,"31":0.056448,"32":0.03528,"33":0.07056,"34":0.03528,"35":0.148176,"36":0.021168,"37":null,"38":0.042336,"39":0.014112,"40":0.007056,"41":0.021168,"42":0.03528,"43":0.091728,"44":0.014112,"45":0.021168,"46":0.021168,"47":0.197568,"48":0.056448,"49":1.495872,"50":0.938448,"51":0.021168,"52":null,"53":null},"chrome":{"4":0.162288,"5":0.084672,"6":0.112896,"7":0.049392,"8":0.1764,"9":0.07056,"10":0.091728,"11":0.07056,"12":0.183456,"13":0.204624,"14":0.148176,"15":0.303408,"16":0.134064,"17":0.324576,"18":0.402192,"19":0.197568,"20":0.183456,"21":0.444528,"22":0.3528,"23":0.324576,"24":0.204624,"25":0.1764,"26":0.119952,"27":0.127008,"28":0.063504,"29":0.042336,"30":0.07056,"31":0.162288,"32":0.028224,"33":0.077616,"34":0.077616,"35":0.239904,"36":0.112896,"37":0.042336,"38":0.119952,"39":0.254016,"40":0.232848,"41":0.289296,"42":0.1764,"43":0.169344,"44":0.289296,"45":0.084672,"46":0.028224,"47":0.254016,"48":0.07056,"49":1.467648,"50":1.44648,"51":0.303408,"52":0.345744,"53":0.49392,"54":27.708912,"55":0.049392,"56":0.261072,"57":null},"opera":{"9":null,"9.5-9.6":null,"10.0-10.1":0.10584,"10.5":0.190512,"10.6":0.310464,"11":0.112896,"11.1":0.112896,"11.5":0.148176,"11.6":0.691488,"12":0.832608,"12.1":2.533104,"15":0.042336,"16":null,"17":0.049392,"18":0.042336,"19":0.098784,"20":0.091728,"21":0.063504,"22":0.021168,"23":0.049392,"24":0.07056,"25":0.049392,"26":0.021168,"27":0.345744,"28":0.049392,"29":0.03528,"30":null,"31":null,"32":0.014112,"33":null,"34":0.007056,"35":0.007056,"36":0.148176,"37":0.042336,"38":0.021168,"39":0.014112,"40":0.021168,"41":2.57544,"42":0.007056,"43":null},"safari":{"3.1":0.021168,"3.2":null,"4":0.261072,"5":0.409248,"5.1":0.261072,"6":0.134064,"6.1":0.049392,"7":0.021168,"7.1":null,"8":0.028224,"9":0.042336,"9.1":0.134064,"10":0.38808,"0":null},"ios_saf":{"3.2":0,"4.0-4.1":0,"4.2-4.3":0,"5.0-5.1":0,"6.0-6.1":0,"7.0-7.1":0.0737933645736,"8":0,"8.1-8.4":0.0953164292409,"9.0-9.2":0.0734517286265,"9.3":0.481023413517,"10-10.1":2.55714506404},"android":{"2.1":0,"2.2":0,"2.3":0.00518177911798,"3":0,"4":0.0449087523558,"4.1":0.142498925744,"4.2-4.3":0.406769660761,"4.4":0.958629136826,"4.4.3-4.4.4":0.733221745194,"53":null},"op_mob":{"10":0,"11":0,"11.1":0,"11.5":0,"12":0,"12.1":0.00917876525216,"0":0.330435549078},"ie":{"5.5":null,"6":0.00751078125,"7":0.0150215625,"8":1.8176090625,"9":0.27789890625,"10":0.83369671875,"11":0.87876140625},"edge":{"12":0.021168,"13":0.077616,"14":0.296352},"bb":{"7":0.00662625,"10":null},"ie_mob":{"10":0.03576408,"11":0.16744092},"and_ff":{"0":null},"samsung":{"0":2.1793},"and_uc":{"0":3.15704},"op_mini":{"0":4.45190068567},"and_chr":{"0":13.786797}},"total":93.3829696875}