{"id":"KH","name":"Cambodia","month":"2016-11","access_date":"2016-12-03","data":{"firefox":{"2":null,"3":0.017348,"3.5":null,"3.6":0.008674,"4":0.004337,"5":null,"6":null,"7":null,"8":null,"9":null,"10":0.004337,"11":0.008674,"12":0.021685,"13":0.008674,"14":0.013011,"15":0.008674,"16":0.017348,"17":0.004337,"18":0.008674,"19":0.004337,"20":0.013011,"21":0.026022,"22":0.013011,"23":0.017348,"24":0.008674,"25":0.017348,"26":0.008674,"27":0.026022,"28":0.008674,"29":0.034696,"30":0.04337,"31":0.039033,"32":0.026022,"33":0.177817,"34":0.039033,"35":0.082403,"36":0.065055,"37":0.08674,"38":0.121436,"39":0.112762,"40":0.073729,"41":0.091077,"42":0.082403,"43":0.399004,"44":0.290579,"45":0.17348,"46":0.208176,"47":1.118946,"48":0.533451,"49":3.157336,"50":2.415709,"51":0.359971,"52":0.008674,"53":null},"chrome":{"4":null,"5":null,"6":null,"7":null,"8":null,"9":null,"10":null,"11":0.052044,"12":0.008674,"13":null,"14":null,"15":null,"16":null,"17":null,"18":null,"19":null,"20":0.017348,"21":null,"22":0.008674,"23":0.039033,"24":null,"25":0.017348,"26":null,"27":0.017348,"28":0.017348,"29":0.069392,"30":0.017348,"31":0.034696,"32":0.017348,"33":0.069392,"34":0.026022,"35":0.008674,"36":0.008674,"37":0.004337,"38":0.026022,"39":0.030359,"40":0.060718,"41":0.052044,"42":0.034696,"43":0.915107,"44":0.065055,"45":0.164806,"46":0.091077,"47":0.08674,"48":0.099751,"49":0.758975,"50":0.264557,"51":2.402698,"52":1.270741,"53":1.184001,"54":17.803385,"55":0.208176,"56":0.273231,"57":0.013011},"opera":{"9":null,"9.5-9.6":null,"10.0-10.1":0,"10.5":null,"10.6":null,"11":null,"11.1":null,"11.5":null,"11.6":null,"12":0.008674,"12.1":0.021685,"15":null,"16":null,"17":null,"18":null,"19":null,"20":null,"21":null,"22":null,"23":null,"24":null,"25":null,"26":null,"27":null,"28":0.017348,"29":null,"30":null,"31":null,"32":null,"33":null,"34":null,"35":null,"36":0.004337,"37":0.017348,"38":0.225524,"39":0.047707,"40":0.052044,"41":0.516103,"42":null,"43":null},"safari":{"3.1":null,"3.2":null,"4":0.026022,"5":null,"5.1":0.008674,"6":0.013011,"6.1":0.013011,"7":0.026022,"7.1":0.008674,"8":0.091077,"9":0.099751,"9.1":0.30359,"10":0.615854,"0":null},"ios_saf":{"3.2":0,"4.0-4.1":0,"4.2-4.3":0,"5.0-5.1":0,"6.0-6.1":0,"7.0-7.1":0.529381698219,"8":0,"8.1-8.4":0.683784693533,"9.0-9.2":0.526930857024,"9.3":3.45078440321,"10-10.1":18.344546348},"android":{"2.1":0,"2.2":0,"2.3":0.0153432506596,"3":0,"4":0.13297483905,"4.1":0.42193939314,"4.2-4.3":1.20444517678,"4.4":2.83850137203,"4.4.3-4.4.4":2.17106996834,"53":null},"op_mob":{"10":0,"11":0,"11.1":0,"11.5":0,"12":0,"12.1":0.00324361395911,"0":0.116770102528},"ie":{"5.5":null,"6":0.015744956962,"7":0.015744956962,"8":0.713771382278,"9":0.15744956962,"10":0.204684440506,"11":0.944697417722},"edge":{"12":0.047707,"13":0.156132,"14":0.320938},"bb":{"7":0.0084945,"10":null},"ie_mob":{"10":0.06976816,"11":0.32664184},"and_ff":{"0":0.039641},"samsung":{"0":2.882467},"and_uc":{"0":0.860776},"op_mini":{"0":1.57322328351},"and_chr":{"0":20.879973}},"total":98.0226722241}