{"id":"KI","name":"Kiribati","month":"2016-11","access_date":"2016-12-03","data":{"firefox":{"2":null,"3":0.009676,"3.5":null,"3.6":0.019352,"4":0.087084,"5":null,"6":null,"7":null,"8":null,"9":null,"10":null,"11":null,"12":0.004838,"13":0.004838,"14":null,"15":0.004838,"16":null,"17":null,"18":null,"19":null,"20":null,"21":null,"22":0.019352,"23":null,"24":null,"25":null,"26":null,"27":null,"28":0.004838,"29":null,"30":null,"31":null,"32":0.091922,"33":0.033866,"34":0.130626,"35":0.009676,"36":0.02419,"37":null,"38":0.038704,"39":0.04838,"40":0.111274,"41":null,"42":0.038704,"43":0.498314,"44":0.198358,"45":0.261252,"46":2.694766,"47":0.561208,"48":0.416068,"49":5.61208,"50":2.820554,"51":1.615892,"52":null,"53":null},"chrome":{"4":null,"5":null,"6":null,"7":null,"8":null,"9":null,"10":null,"11":0.009676,"12":null,"13":null,"14":null,"15":null,"16":null,"17":null,"18":0.004838,"19":0.004838,"20":0.004838,"21":null,"22":null,"23":null,"24":null,"25":0.004838,"26":null,"27":null,"28":null,"29":0.019352,"30":0.004838,"31":0.009676,"32":0.004838,"33":null,"34":null,"35":0.019352,"36":0.019352,"37":null,"38":null,"39":null,"40":0.106436,"41":0.019352,"42":0.004838,"43":0.004838,"44":0.004838,"45":0.077408,"46":null,"47":0.004838,"48":0.019352,"49":0.188682,"50":0.106436,"51":0.179006,"52":0.566046,"53":0.948248,"54":17.397448,"55":0.12095,"56":0.116112,"57":null},"opera":{"9":null,"9.5-9.6":null,"10.0-10.1":0,"10.5":null,"10.6":null,"11":null,"11.1":null,"11.5":null,"11.6":null,"12":null,"12.1":null,"15":null,"16":null,"17":null,"18":null,"19":null,"20":null,"21":null,"22":null,"23":null,"24":null,"25":null,"26":null,"27":null,"28":null,"29":0.029028,"30":null,"31":null,"32":null,"33":0.004838,"34":null,"35":null,"36":0.004838,"37":null,"38":null,"39":null,"40":0.788594,"41":1.562674,"42":null,"43":null},"safari":{"3.1":null,"3.2":null,"4":0,"5":null,"5.1":null,"6":null,"6.1":null,"7":0.02419,"7.1":null,"8":0.004838,"9":0.062894,"9.1":0.077408,"10":0.280604,"0":null},"ios_saf":{"3.2":0,"4.0-4.1":0,"4.2-4.3":0,"5.0-5.1":0,"6.0-6.1":0,"7.0-7.1":0.109954954077,"8":0,"8.1-8.4":0.142025149016,"9.0-9.2":0.109445903364,"9.3":0.716743404353,"10-10.1":3.81024458919},"android":{"2.1":0,"2.2":0,"2.3":0.0202899871843,"3":0,"4":0.175846555597,"4.1":0.557974647569,"4.2-4.3":1.59276399397,"4.4":3.7536476291,"4.4.3-4.4.4":2.87103318658,"53":null},"op_mob":{"10":0,"11":0,"11.1":0,"11.5":0,"12":0,"12.1":0.00159204480906,"0":0.0573136131262},"ie":{"5.5":null,"6":null,"7":null,"8":0.227386,"9":0.062894,"10":0.261252,"11":4.949274},"edge":{"12":0.449934,"13":0.227386,"14":0.285442},"bb":{"7":0.0012905,"10":null},"ie_mob":{"10":0.52693696,"11":2.46702304},"and_ff":{"0":0.082592},"samsung":{"0":4.016036},"and_uc":{"0":1.60022},"op_mini":{"0":0.772176342065},"and_chr":{"0":31.821076}},"total":99.8416145}