{"id":"KM","name":"Comoros","month":"2016-11","access_date":"2016-12-03","data":{"firefox":{"2":null,"3":0.063714,"3.5":null,"3.6":0.022755,"4":0.009102,"5":null,"6":null,"7":null,"8":0.027306,"9":null,"10":0.687201,"11":0.009102,"12":0.059163,"13":0.004551,"14":0.027306,"15":null,"16":0.009102,"17":0.009102,"18":null,"19":null,"20":0.027306,"21":0.013653,"22":0.009102,"23":0.009102,"24":0.050061,"25":0.013653,"26":0.009102,"27":null,"28":null,"29":0.018204,"30":0.036408,"31":0.791874,"32":null,"33":0.077367,"34":null,"35":0.022755,"36":0.209346,"37":0.036408,"38":0.159285,"39":0.336774,"40":0.068265,"41":0.068265,"42":0.113775,"43":0.951159,"44":0.200244,"45":0.218448,"46":0.050061,"47":0.832833,"48":1.615605,"49":6.216666,"50":1.765788,"51":0.013653,"52":0.068265,"53":null},"chrome":{"4":null,"5":null,"6":null,"7":null,"8":null,"9":0.068265,"10":0.036408,"11":0.022755,"12":0.040959,"13":0.036408,"14":null,"15":null,"16":0.013653,"17":0.013653,"18":0.027306,"19":0.145632,"20":null,"21":0.004551,"22":null,"23":0.004551,"24":null,"25":null,"26":0.018204,"27":null,"28":0.022755,"29":0.036408,"30":null,"31":0.004551,"32":0.104673,"33":0.022755,"34":0.022755,"35":0.036408,"36":0.040959,"37":0.018204,"38":0.013653,"39":0.059163,"40":null,"41":1.674768,"42":null,"43":0.259407,"44":0.031857,"45":0.31857,"46":0.040959,"47":0.077367,"48":0.09102,"49":0.650793,"50":0.063714,"51":0.523365,"52":0.450549,"53":1.328892,"54":17.257392,"55":0.204795,"56":0.036408,"57":null},"opera":{"9":null,"9.5-9.6":null,"10.0-10.1":0,"10.5":null,"10.6":null,"11":null,"11.1":null,"11.5":null,"11.6":0.009102,"12":null,"12.1":null,"15":null,"16":null,"17":null,"18":null,"19":null,"20":null,"21":0.004551,"22":null,"23":null,"24":null,"25":null,"26":null,"27":null,"28":0.009102,"29":null,"30":null,"31":null,"32":null,"33":0.018204,"34":0.022755,"35":null,"36":0.122877,"37":0.018204,"38":0.040959,"39":0.013653,"40":0.004551,"41":1.165056,"42":null,"43":null},"safari":{"3.1":null,"3.2":null,"4":0,"5":null,"5.1":0.018204,"6":0.113775,"6.1":0.022755,"7":null,"7.1":null,"8":null,"9":0.018204,"9.1":0.104673,"10":0.200244,"0":null},"ios_saf":{"3.2":0,"4.0-4.1":0,"4.2-4.3":0,"5.0-5.1":0,"6.0-6.1":0,"7.0-7.1":0.0354210534208,"8":0,"8.1-8.4":0.0457521940019,"9.0-9.2":0.0352570670624,"9.3":0.230892792669,"10-10.1":1.22743789285},"android":{"2.1":0,"2.2":0,"2.3":0.0190643113456,"3":0,"4":0.165224031662,"4.1":0.524268562005,"4.2-4.3":1.49654844063,"4.4":3.52689759894,"4.4.3-4.4.4":2.69760005541,"53":null},"op_mob":{"10":0,"11":0,"11.1":0,"11.5":0,"12":0,"12.1":0.0365443573897,"0":1.31559686603},"ie":{"5.5":null,"6":0.009102,"7":0.009102,"8":0.245754,"9":0.077367,"10":0.127428,"11":1.360749},"edge":{"12":0.286713,"13":0.432345,"14":0.177489},"bb":{"7":0.00953575,"10":null},"ie_mob":{"10":0.094943376,"11":0.444507624},"and_ff":{"0":0.021796},"samsung":{"0":1.264168},"and_uc":{"0":1.106147},"op_mini":{"0":17.7248077766},"and_chr":{"0":22.882852}},"total":98.29449675}