{"id":"KN","name":"Saint Kitts and Nevis","month":"2016-11","access_date":"2016-12-03","data":{"firefox":{"2":null,"3":null,"3.5":null,"3.6":null,"4":null,"5":null,"6":null,"7":null,"8":null,"9":null,"10":null,"11":null,"12":null,"13":null,"14":null,"15":null,"16":null,"17":null,"18":null,"19":null,"20":null,"21":null,"22":null,"23":null,"24":null,"25":null,"26":null,"27":null,"28":null,"29":null,"30":null,"31":null,"32":null,"33":null,"34":null,"35":null,"36":null,"37":null,"38":0.01267,"39":0.02534,"40":null,"41":null,"42":1.476055,"43":0.02534,"44":0.019005,"45":0.019005,"46":0.02534,"47":0.171045,"48":0.17738,"49":3.110485,"50":1.197315,"51":0.044345,"52":null,"53":null},"chrome":{"4":null,"5":null,"6":null,"7":null,"8":null,"9":null,"10":null,"11":0.006335,"12":null,"13":null,"14":null,"15":null,"16":null,"17":null,"18":null,"19":null,"20":null,"21":null,"22":0.02534,"23":null,"24":null,"25":null,"26":0.006335,"27":null,"28":null,"29":null,"30":null,"31":0.01267,"32":0.01267,"33":null,"34":0.01267,"35":null,"36":null,"37":null,"38":0.006335,"39":0.01267,"40":0.006335,"41":0.019005,"42":0.05068,"43":0.031675,"44":0.019005,"45":0.03801,"46":0.01267,"47":0.019005,"48":0.01267,"49":1.273335,"50":0.158375,"51":0.34209,"52":0.22806,"53":0.95025,"54":36.4896,"55":0.02534,"56":0.08869,"57":null},"opera":{"9":null,"9.5-9.6":null,"10.0-10.1":0,"10.5":null,"10.6":null,"11":null,"11.1":null,"11.5":null,"11.6":null,"12":null,"12.1":0.019005,"15":null,"16":null,"17":null,"18":null,"19":null,"20":null,"21":0.006335,"22":null,"23":null,"24":null,"25":null,"26":null,"27":null,"28":null,"29":0.01267,"30":null,"31":null,"32":null,"33":0.006335,"34":null,"35":null,"36":0.019005,"37":0.06335,"38":null,"39":null,"40":null,"41":0.500465,"42":null,"43":null},"safari":{"3.1":null,"3.2":null,"4":0,"5":0.16471,"5.1":0.044345,"6":null,"6.1":0.08869,"7":0.01267,"7.1":0.01267,"8":0.095025,"9":0.16471,"9.1":1.159305,"10":2.95211,"0":null},"ios_saf":{"3.2":0,"4.0-4.1":0,"4.2-4.3":0,"5.0-5.1":0,"6.0-6.1":0,"7.0-7.1":0.185482661668,"8":0,"8.1-8.4":0.239581771321,"9.0-9.2":0.184623945642,"9.3":1.20907216495,"10-10.1":6.42748945642},"android":{"2.1":0,"2.2":0,"2.3":0.00655638522427,"3":0,"4":0.056822005277,"4.1":0.180300593668,"4.2-4.3":0.514676240106,"4.4":1.21293126649,"4.4.3-4.4.4":0.927728509235,"53":null},"op_mob":{"10":0,"11":0,"11.1":0,"11.5":0,"12":0,"12.1":0.000372101361762,"0":0.0133956490234},"ie":{"5.5":null,"6":null,"7":null,"8":0.095025,"9":0.082355,"10":0.120365,"11":3.02813},"edge":{"12":0.20272,"13":0.77287,"14":3.389225},"bb":{"7":0.07788125,"10":null},"ie_mob":{"10":0.0612788,"11":0.2868962},"and_ff":{"0":0.062305},"samsung":{"0":4.760835},"and_uc":{"0":0.443465},"op_mini":{"0":0.180477249615},"and_chr":{"0":22.05074}},"total":98.25814625}