{"id":"KP","name":"North Korea","month":"2016-11","access_date":"2016-12-03","data":{"firefox":{"2":1.254618,"3":null,"3.5":null,"3.6":null,"4":null,"5":null,"6":null,"7":null,"8":null,"9":null,"10":null,"11":null,"12":0.017796,"13":null,"14":null,"15":null,"16":null,"17":null,"18":null,"19":null,"20":null,"21":null,"22":0.017796,"23":null,"24":0.507186,"25":null,"26":null,"27":null,"28":null,"29":null,"30":0.587268,"31":null,"32":null,"33":null,"34":null,"35":null,"36":null,"37":0.551676,"38":0.186858,"39":0.605064,"40":1.076658,"41":null,"42":null,"43":0.080082,"44":null,"45":0.409308,"46":0.93429,"47":1.058862,"48":1.032168,"49":10.508538,"50":7.34085,"51":null,"52":null,"53":null},"chrome":{"4":null,"5":null,"6":null,"7":null,"8":null,"9":null,"10":null,"11":null,"12":0.097878,"13":null,"14":null,"15":0.062286,"16":null,"17":null,"18":0.017796,"19":null,"20":null,"21":null,"22":6.45105,"23":null,"24":null,"25":0.062286,"26":null,"27":null,"28":1.094454,"29":0.124572,"30":null,"31":0.186858,"32":null,"33":2.998626,"34":0.04449,"35":0.04449,"36":null,"37":0.160164,"38":null,"39":null,"40":3.060912,"41":0.524982,"42":null,"43":1.174536,"44":3.817242,"45":1.396986,"46":0.204654,"47":0.04449,"48":0.320328,"49":5.009574,"50":0.631758,"51":0.93429,"52":2.455848,"53":4.769328,"54":16.648158,"55":0.062286,"56":null,"57":null},"opera":{"9":null,"9.5-9.6":null,"10.0-10.1":0,"10.5":null,"10.6":null,"11":null,"11.1":null,"11.5":null,"11.6":null,"12":null,"12.1":0.017796,"15":0.017796,"16":null,"17":null,"18":null,"19":null,"20":null,"21":null,"22":null,"23":null,"24":null,"25":null,"26":null,"27":null,"28":null,"29":null,"30":null,"31":null,"32":null,"33":null,"34":null,"35":null,"36":0.017796,"37":null,"38":null,"39":null,"40":null,"41":0.747432,"42":null,"43":null},"safari":{"3.1":null,"3.2":null,"4":0,"5":null,"5.1":null,"6":null,"6.1":null,"7":null,"7.1":null,"8":0.017796,"9":null,"9.1":0.409308,"10":0.347022,"0":null},"ios_saf":{"3.2":0,"4.0-4.1":0,"4.2-4.3":0,"5.0-5.1":0,"6.0-6.1":0,"7.0-7.1":0.0671486710403,"8":0,"8.1-8.4":0.0867337000937,"9.0-9.2":0.0668377975633,"9.3":0.43770985567,"10-10.1":2.32688797563},"android":{"2.1":0,"2.2":0,"2.3":0.00545807764795,"3":0,"4":0.0473033396155,"4.1":0.150097135319,"4.2-4.3":0.428459095364,"4.4":1.00974436487,"4.4.3-4.4.4":0.772317987184,"53":null},"op_mob":{"10":0,"11":0,"11.1":0,"11.5":0,"12":0,"12.1":0.000181547994836,"0":0.0065357278141},"ie":{"5.5":null,"6":0.081971840708,"7":null,"8":0.455399115044,"9":0.710422619469,"10":1.45727716814,"11":3.47014125664},"edge":{"12":0.142368,"13":0.142368,"14":1.174536},"bb":{"7":0,"10":null},"ie_mob":{"10":0.122965568,"11":0.575702432},"and_ff":{"0":0.222604},"samsung":{"0":0.698668},"and_uc":{"0":0.063916},"op_mini":{"0":0.0880547241911},"and_chr":{"0":2.918408}},"total":97.874504}