{"id":"KR","name":"South Korea","month":"2016-11","access_date":"2016-12-03","data":{"firefox":{"2":null,"3":0.013128,"3.5":0.006564,"3.6":0.026256,"4":null,"5":null,"6":null,"7":null,"8":null,"9":null,"10":null,"11":null,"12":null,"13":null,"14":null,"15":null,"16":null,"17":null,"18":null,"19":null,"20":null,"21":0.045948,"22":0.006564,"23":0.006564,"24":0.006564,"25":0.013128,"26":null,"27":null,"28":0.006564,"29":null,"30":null,"31":0.006564,"32":null,"33":null,"34":null,"35":null,"36":null,"37":0.045948,"38":0.013128,"39":null,"40":null,"41":null,"42":0.006564,"43":0.039384,"44":0.006564,"45":0.039384,"46":0.039384,"47":0.183792,"48":0.078768,"49":0.735168,"50":0.420096,"51":0.013128,"52":null,"53":null},"chrome":{"4":null,"5":null,"6":null,"7":null,"8":null,"9":null,"10":null,"11":0.013128,"12":null,"13":null,"14":null,"15":null,"16":null,"17":null,"18":0.013128,"19":null,"20":null,"21":null,"22":0.013128,"23":null,"24":null,"25":null,"26":null,"27":0.078768,"28":0.013128,"29":0.019692,"30":0.006564,"31":0.75486,"32":0.013128,"33":0.006564,"34":0.013128,"35":0.013128,"36":0.013128,"37":0.013128,"38":0.013128,"39":0.013128,"40":0.013128,"41":0.091896,"42":0.150972,"43":0.118152,"44":0.059076,"45":0.085332,"46":0.03282,"47":0.039384,"48":0.078768,"49":1.391568,"50":0.144408,"51":0.571068,"52":0.190356,"53":0.597324,"54":27.279984,"55":0.06564,"56":0.039384,"57":0.013128},"opera":{"9":null,"9.5-9.6":null,"10.0-10.1":0,"10.5":null,"10.6":null,"11":null,"11.1":null,"11.5":null,"11.6":0.006564,"12":0.019692,"12.1":0.03282,"15":null,"16":null,"17":null,"18":null,"19":null,"20":null,"21":null,"22":null,"23":null,"24":null,"25":null,"26":null,"27":0.006564,"28":0.072204,"29":null,"30":null,"31":null,"32":null,"33":null,"34":null,"35":null,"36":0.03282,"37":0.026256,"38":0.085332,"39":null,"40":null,"41":0.308508,"42":null,"43":null},"safari":{"3.1":null,"3.2":null,"4":0.013128,"5":0.019692,"5.1":0.052512,"6":0.026256,"6.1":0.03282,"7":0.03282,"7.1":0.006564,"8":0.118152,"9":0.118152,"9.1":0.400404,"10":0.879576,"0":null},"ios_saf":{"3.2":0,"4.0-4.1":0,"4.2-4.3":0,"5.0-5.1":0,"6.0-6.1":0,"7.0-7.1":0.131579493908,"8":0,"8.1-8.4":0.169956846298,"9.0-9.2":0.130970329585,"9.3":0.857703367698,"10-10.1":4.55959496251},"android":{"2.1":0,"2.2":0,"2.3":0.00356577082548,"3":0,"4":0.0309033471542,"4.1":0.0980586977007,"4.2-4.3":0.2799130098,"4.4":0.659667602714,"4.4.3-4.4.4":0.504556571806,"53":null},"op_mob":{"10":0,"11":0,"11.1":0,"11.5":0,"12":0,"12.1":0.000184245200516,"0":0.00663282721859},"ie":{"5.5":null,"6":0.0263661342282,"7":0.0395492013423,"8":1.0282792349,"9":1.17329297315,"10":1.45672891611,"11":19.8405160067},"edge":{"12":0.026256,"13":0.203484,"14":1.365312},"bb":{"7":0.01288125,"10":null},"ie_mob":{"10":0.0120912,"11":0.0566088},"and_ff":{"0":0.02061},"samsung":{"0":9.50121},"and_uc":{"0":0.16488},"op_mini":{"0":0.0893629275809},"and_chr":{"0":19.769625}},"total":98.2435727164}