{"id":"KW","name":"Kuwait","month":"2016-11","access_date":"2016-12-03","data":{"firefox":{"2":null,"3":0.00574,"3.5":null,"3.6":0.01435,"4":null,"5":null,"6":null,"7":null,"8":null,"9":null,"10":0.00574,"11":0.00287,"12":0.02009,"13":null,"14":null,"15":0.00287,"16":0.00574,"17":null,"18":null,"19":null,"20":null,"21":0.00861,"22":0.00574,"23":null,"24":null,"25":null,"26":0.00574,"27":0.00861,"28":0.00287,"29":0.00287,"30":null,"31":null,"32":0.00287,"33":0.00287,"34":0.00287,"35":null,"36":0.00574,"37":0.00861,"38":0.01148,"39":0.00861,"40":0.00861,"41":0.01148,"42":0.01148,"43":0.04879,"44":0.17507,"45":0.0861,"46":0.04592,"47":0.18081,"48":0.25256,"49":1.44361,"50":0.69741,"51":0.03731,"52":null,"53":null},"chrome":{"4":null,"5":null,"6":null,"7":null,"8":null,"9":null,"10":null,"11":null,"12":0.00287,"13":null,"14":null,"15":null,"16":0.00574,"17":0.00287,"18":0.00574,"19":0.00574,"20":0.00574,"21":0.00574,"22":0.00574,"23":0.00287,"24":null,"25":0.00287,"26":0.00861,"27":0.00861,"28":0.01435,"29":0.00861,"30":0.02009,"31":0.06601,"32":0.00861,"33":0.01435,"34":0.01435,"35":0.01435,"36":0.00574,"37":0.00574,"38":0.01722,"39":0.0287,"40":0.00861,"41":0.01722,"42":0.03731,"43":0.20951,"44":0.02583,"45":0.02583,"46":0.0287,"47":0.02583,"48":0.02296,"49":0.92127,"50":0.0574,"51":0.27839,"52":0.12628,"53":0.4305,"54":13.79896,"55":0.05166,"56":0.07749,"57":null},"opera":{"9":null,"9.5-9.6":null,"10.0-10.1":0,"10.5":null,"10.6":null,"11":null,"11.1":null,"11.5":null,"11.6":null,"12":null,"12.1":0.01148,"15":null,"16":null,"17":null,"18":null,"19":null,"20":null,"21":null,"22":null,"23":null,"24":null,"25":null,"26":null,"27":null,"28":0.00861,"29":null,"30":0.00574,"31":null,"32":null,"33":null,"34":null,"35":0.01148,"36":0.01148,"37":0.0287,"38":0.0287,"39":0.01148,"40":0.00861,"41":0.2296,"42":0.00287,"43":null},"safari":{"3.1":null,"3.2":null,"4":0,"5":0.02009,"5.1":0.0861,"6":0.02296,"6.1":0.01148,"7":0.03157,"7.1":0.00287,"8":0.17507,"9":0.12915,"9.1":0.47068,"10":1.08486,"0":null},"ios_saf":{"3.2":0,"4.0-4.1":0,"4.2-4.3":0,"5.0-5.1":0,"6.0-6.1":0,"7.0-7.1":0.327164761012,"8":0,"8.1-8.4":0.422587816307,"9.0-9.2":0.325650109341,"9.3":2.13262955326,"10-10.1":11.3371677601},"android":{"2.1":0,"2.2":0,"2.3":0.00575667546174,"3":0,"4":0.0498911873351,"4.1":0.158308575198,"4.2-4.3":0.451899023747,"4.4":1.06498496042,"4.4.3-4.4.4":0.814569577836,"53":null},"op_mob":{"10":0,"11":0,"11.1":0,"11.5":0,"12":0,"12.1":0.0105852871361,"0":0.381070336901},"ie":{"5.5":null,"6":0.0057678134464,"7":0.0115356268928,"8":0.314345832829,"9":0.853636390067,"10":0.262435511811,"11":3.30495710478},"edge":{"12":0.07175,"13":0.28413,"14":0.70315},"bb":{"7":0.010695,"10":null},"ie_mob":{"10":0.03513664,"11":0.16450336},"and_ff":{"0":0.04278},"samsung":{"0":4.73432},"and_uc":{"0":19.37934},"op_mini":{"0":5.13409437596},"and_chr":{"0":22.7587}},"total":97.5061732798}