{"id":"KY","name":"Cayman Islands","month":"2016-11","access_date":"2016-12-03","data":{"firefox":{"2":null,"3":0.02322,"3.5":0.145125,"3.6":0.03483,"4":null,"5":null,"6":null,"7":0.01161,"8":0.04644,"9":null,"10":null,"11":null,"12":0.02322,"13":null,"14":0.01161,"15":null,"16":null,"17":0.01161,"18":0.005805,"19":null,"20":null,"21":0.04644,"22":0.005805,"23":0.005805,"24":0.017415,"25":0.01161,"26":0.005805,"27":0.25542,"28":null,"29":0.087075,"30":null,"31":0.017415,"32":0.01161,"33":0.052245,"34":0.354105,"35":0.05805,"36":0.040635,"37":0.261225,"38":0.029025,"39":0.01161,"40":0.03483,"41":0.01161,"42":0.06966,"43":0.16254,"44":0.040635,"45":0.10449,"46":0.01161,"47":0.365715,"48":0.191565,"49":3.732615,"50":1.76472,"51":0.02322,"52":null,"53":null},"chrome":{"4":null,"5":null,"6":0.017415,"7":null,"8":null,"9":null,"10":null,"11":0.01161,"12":0.005805,"13":null,"14":null,"15":null,"16":null,"17":null,"18":null,"19":null,"20":null,"21":null,"22":0.01161,"23":null,"24":null,"25":0.017415,"26":0.01161,"27":0.01161,"28":0.01161,"29":0.01161,"30":null,"31":0.005805,"32":0.005805,"33":null,"34":0.017415,"35":0.052245,"36":0.03483,"37":0.029025,"38":0.029025,"39":null,"40":null,"41":0.133515,"42":0.03483,"43":0.029025,"44":0.02322,"45":0.03483,"46":0.017415,"47":0.08127,"48":0.029025,"49":1.561545,"50":0.17415,"51":0.133515,"52":0.214785,"53":1.02168,"54":28.61865,"55":0.08127,"56":0.03483,"57":0.005805},"opera":{"9":null,"9.5-9.6":null,"10.0-10.1":0,"10.5":null,"10.6":null,"11":null,"11.1":null,"11.5":null,"11.6":null,"12":0.005805,"12.1":0.03483,"15":null,"16":null,"17":null,"18":null,"19":null,"20":null,"21":null,"22":null,"23":null,"24":null,"25":null,"26":null,"27":0.01161,"28":0.05805,"29":null,"30":null,"31":null,"32":null,"33":null,"34":null,"35":null,"36":null,"37":0.029025,"38":null,"39":null,"40":null,"41":0.24381,"42":null,"43":null},"safari":{"3.1":null,"3.2":null,"4":0,"5":0.017415,"5.1":0.06966,"6":null,"6.1":0.098685,"7":0.238005,"7.1":null,"8":0.2322,"9":0.2322,"9.1":1.21905,"10":4.07511,"0":null},"ios_saf":{"3.2":0,"4.0-4.1":0,"4.2-4.3":0,"5.0-5.1":0,"6.0-6.1":0,"7.0-7.1":0.402908716026,"8":0,"8.1-8.4":0.520423758201,"9.0-9.2":0.401043397896,"9.3":2.62636792669,"10-10.1":13.9619062012},"android":{"2.1":0,"2.2":0,"2.3":0.00376648699585,"3":0,"4":0.0326428872974,"4.1":0.103578392386,"4.2-4.3":0.295669229175,"4.4":0.696800094233,"4.4.3-4.4.4":0.532957909913,"53":null},"op_mob":{"10":0,"11":0,"11.1":0,"11.5":0,"12":0,"12.1":0.000594668721109,"0":0.0214080739599},"ie":{"5.5":null,"6":null,"7":null,"8":0.17415,"9":0.238005,"10":0.330885,"11":6.18813},"edge":{"12":0.10449,"13":0.354105,"14":2.14785},"bb":{"7":0.0943875,"10":null},"ie_mob":{"10":0.06054224,"11":0.28344776},"and_ff":{"0":0.046145},"samsung":{"0":4.65645},"and_uc":{"0":0.356575},"op_mini":{"0":0.288427257319},"and_chr":{"0":16.963065}},"total":99.0639575}