{"id":"KZ","name":"Kazakhstan","month":"2016-11","access_date":"2016-12-03","data":{"firefox":{"2":0.172891,"3":0.616394,"3.5":1.007278,"3.6":2.886528,"4":0.157857,"5":0.045102,"6":0.045102,"7":0.030068,"8":0.037585,"9":0.07517,"10":0.120272,"11":0.060136,"12":0.060136,"13":0.067653,"14":0.090204,"15":0.120272,"16":0.067653,"17":0.060136,"18":0.082687,"19":0.067653,"20":0.067653,"21":0.112755,"22":0.07517,"23":0.105238,"24":0.097721,"25":0.090204,"26":0.045102,"27":0.007517,"28":0.045102,"29":0.030068,"30":0.030068,"31":0.060136,"32":0.060136,"33":0.060136,"34":0.07517,"35":0.15034,"36":0.157857,"37":0.045102,"38":0.105238,"39":0.045102,"40":0.030068,"41":0.015034,"42":0.030068,"43":0.142823,"44":0.022551,"45":0.082687,"46":0.067653,"47":0.330748,"48":0.157857,"49":2.473093,"50":1.443264,"51":null,"52":null,"53":null},"chrome":{"4":0.202959,"5":0.127789,"6":0.135306,"7":0.082687,"8":0.090204,"9":0.142823,"10":0.105238,"11":0.127789,"12":0.165374,"13":0.120272,"14":0.217993,"15":0.233027,"16":0.263095,"17":0.30068,"18":0.353299,"19":0.270612,"20":0.255578,"21":0.466054,"22":0.368333,"23":0.323231,"24":0.368333,"25":0.233027,"26":0.308197,"27":0.308197,"28":0.15034,"29":0.082687,"30":0.07517,"31":0.097721,"32":0.067653,"33":0.052619,"34":0.082687,"35":0.217993,"36":0.090204,"37":0.097721,"38":0.165374,"39":0.255578,"40":0.405918,"41":0.278129,"42":0.22551,"43":0.353299,"44":0.037585,"45":0.112755,"46":0.037585,"47":0.067653,"48":0.172891,"49":1.300441,"50":0.172891,"51":0.623911,"52":0.330748,"53":0.699081,"54":22.708857,"55":0.07517,"56":0.172891,"57":0.007517},"opera":{"9":null,"9.5-9.6":null,"10.0-10.1":0.112755,"10.5":0.142823,"10.6":0.458537,"11":0.135306,"11.1":0.112755,"11.5":0.248061,"11.6":0.97721,"12":1.067414,"12.1":2.93163,"15":0.037585,"16":0.030068,"17":0.045102,"18":0.097721,"19":0.060136,"20":0.127789,"21":0.067653,"22":0.045102,"23":0.022551,"24":0.067653,"25":0.067653,"26":0.060136,"27":0.563775,"28":0.067653,"29":0.060136,"30":0.030068,"31":null,"32":null,"33":null,"34":0.015034,"35":0.015034,"36":0.195442,"37":0.060136,"38":0.097721,"39":0.030068,"40":0.082687,"41":2.608399,"42":0.015034,"43":null},"safari":{"3.1":0.07517,"3.2":0.045102,"4":0.518673,"5":0.714115,"5.1":0.420952,"6":0.090204,"6.1":0.030068,"7":0.052619,"7.1":null,"8":0.090204,"9":0.045102,"9.1":0.270612,"10":0.481088,"0":null},"ios_saf":{"3.2":0,"4.0-4.1":0,"4.2-4.3":0,"5.0-5.1":0,"6.0-6.1":0,"7.0-7.1":0.106282639175,"8":0,"8.1-8.4":0.137281742268,"9.0-9.2":0.10579058992,"9.3":0.692805351661,"10-10.1":3.68298867698},"android":{"2.1":0,"2.2":0,"2.3":0.00370624952884,"3":0,"4":0.0321208292499,"4.1":0.101921862043,"4.2-4.3":0.290940588014,"4.4":0.685656162835,"4.4.3-4.4.4":0.52443430833,"53":null},"op_mob":{"10":0,"11":0,"11.1":0,"11.5":0,"12":0,"12.1":0.00167429042602,"0":0.0602744553367},"ie":{"5.5":null,"6":0.00806737764933,"7":0.0161347552987,"8":1.10523073796,"9":0.48404265896,"10":0.871276786127,"11":1.70221668401},"edge":{"12":0.015034,"13":0.112755,"14":0.518673},"bb":{"7":0.00931125,"10":null},"ie_mob":{"10":0.03496064,"11":0.16367936},"and_ff":{"0":0.012415},"samsung":{"0":2.279394},"and_uc":{"0":1.276262},"op_mini":{"0":0.812067254237},"and_chr":{"0":13.805138}},"total":90.16438625}