{"id":"LA","name":"Lao","month":"2016-11","access_date":"2016-12-03","data":{"firefox":{"2":null,"3":null,"3.5":null,"3.6":0.003123,"4":0.001041,"5":null,"6":0.002082,"7":0.002082,"8":0.003123,"9":0.001041,"10":0.003123,"11":0.002082,"12":0.003123,"13":0.003123,"14":0.002082,"15":0.002082,"16":0.002082,"17":0.002082,"18":0.002082,"19":0.001041,"20":0.001041,"21":0.009369,"22":0.003123,"23":0.006246,"24":0.003123,"25":0.005205,"26":0.01041,"27":0.002082,"28":0.004164,"29":0.005205,"30":0.012492,"31":0.005205,"32":0.003123,"33":0.008328,"34":0.006246,"35":0.029148,"36":0.003123,"37":0.01041,"38":0.007287,"39":0.008328,"40":0.012492,"41":0.007287,"42":0.011451,"43":0.032271,"44":0.04164,"45":0.023943,"46":0.013533,"47":0.140535,"48":0.082239,"49":0.677691,"50":0.424728,"51":0.049968,"52":0.002082,"53":null},"chrome":{"4":null,"5":0.001041,"6":null,"7":null,"8":null,"9":null,"10":null,"11":0.107223,"12":0.007287,"13":0.001041,"14":null,"15":0.003123,"16":0.001041,"17":0.001041,"18":0.004164,"19":0.002082,"20":0.016656,"21":0.002082,"22":0.003123,"23":0.006246,"24":null,"25":0.002082,"26":0.004164,"27":0.007287,"28":0.007287,"29":0.006246,"30":0.004164,"31":0.030189,"32":0.006246,"33":0.05205,"34":0.004164,"35":0.007287,"36":0.009369,"37":0.004164,"38":0.029148,"39":0.008328,"40":0.022902,"41":0.016656,"42":0.002082,"43":1.262733,"44":0.007287,"45":0.039558,"46":0.008328,"47":0.014574,"48":0.008328,"49":0.086403,"50":0.028107,"51":0.061419,"52":0.06246,"53":0.136371,"54":3.365553,"55":0.023943,"56":0.038517,"57":null},"opera":{"9":null,"9.5-9.6":null,"10.0-10.1":0,"10.5":null,"10.6":null,"11":null,"11.1":null,"11.5":null,"11.6":null,"12":0.002082,"12.1":0.002082,"15":null,"16":null,"17":null,"18":null,"19":null,"20":null,"21":0.001041,"22":null,"23":null,"24":null,"25":null,"26":null,"27":null,"28":0.017697,"29":0.003123,"30":0.003123,"31":null,"32":0.002082,"33":null,"34":null,"35":0.002082,"36":0.001041,"37":0.06246,"38":0.003123,"39":null,"40":0.002082,"41":0.054132,"42":null,"43":null},"safari":{"3.1":null,"3.2":null,"4":0,"5":0.002082,"5.1":0.008328,"6":0.001041,"6.1":null,"7":0.004164,"7.1":null,"8":0.009369,"9":0.026025,"9.1":0.033312,"10":0.089526,"0":null},"ios_saf":{"3.2":0,"4.0-4.1":0,"4.2-4.3":0,"5.0-5.1":0,"6.0-6.1":0,"7.0-7.1":0.38166851359,"8":0,"8.1-8.4":0.49298849672,"9.0-9.2":0.37990152973,"9.3":2.48791327377,"10-10.1":13.2258741862},"android":{"2.1":0,"2.2":0,"2.3":0.0229563822088,"3":0,"4":0.198955312476,"4.1":0.631300510743,"4.2-4.3":1.80207600339,"4.4":4.24693070863,"4.4.3-4.4.4":3.24832808255,"53":null},"op_mob":{"10":0,"11":0,"11.1":0,"11.5":0,"12":0,"12.1":0.00235121051097,"0":0.084643578395},"ie":{"5.5":null,"6":null,"7":null,"8":0.123865933054,"9":0.0356901841004,"10":0.0262427824268,"11":0.315963100418},"edge":{"12":0.013533,"13":0.033312,"14":0.060378},"bb":{"7":0,"10":null},"ie_mob":{"10":0.239671168,"11":1.122096832},"and_ff":{"0":0.035836},"samsung":{"0":12.685944},"and_uc":{"0":0.779433},"op_mini":{"0":1.14038821109},"and_chr":{"0":48.188579}},"total":99.559276}