{"id":"LB","name":"Lebanon","month":"2016-11","access_date":"2016-12-03","data":{"firefox":{"2":null,"3":0.01694,"3.5":null,"3.6":0.02541,"4":0.004235,"5":0.012705,"6":0.004235,"7":null,"8":null,"9":null,"10":0.02541,"11":0.004235,"12":0.00847,"13":0.01694,"14":null,"15":0.021175,"16":0.01694,"17":null,"18":0.004235,"19":0.122815,"20":null,"21":0.00847,"22":0.00847,"23":null,"24":0.00847,"25":null,"26":0.004235,"27":0.004235,"28":null,"29":0.012705,"30":0.004235,"31":0.00847,"32":0.00847,"33":0.012705,"34":0.00847,"35":0.01694,"36":0.00847,"37":0.01694,"38":0.029645,"39":0.03388,"40":0.012705,"41":0.05929,"42":0.038115,"43":0.105875,"44":0.046585,"45":0.07623,"46":0.063525,"47":0.368445,"48":0.427735,"49":2.93062,"50":1.48225,"51":0.06776,"52":null,"53":null},"chrome":{"4":0.004235,"5":0.004235,"6":null,"7":0.004235,"8":0.00847,"9":null,"10":null,"11":0.02541,"12":0.00847,"13":0.004235,"14":0.00847,"15":0.01694,"16":0.00847,"17":0.021175,"18":0.012705,"19":0.00847,"20":null,"21":0.004235,"22":0.00847,"23":0.00847,"24":0.004235,"25":0.00847,"26":0.012705,"27":0.00847,"28":0.004235,"29":0.021175,"30":0.00847,"31":0.046585,"32":0.021175,"33":0.046585,"34":0.021175,"35":0.00847,"36":0.021175,"37":0.012705,"38":0.038115,"39":0.021175,"40":0.063525,"41":0.02541,"42":0.012705,"43":0.131285,"44":0.038115,"45":0.02541,"46":0.029645,"47":0.05082,"48":0.063525,"49":1.20274,"50":0.088935,"51":0.300685,"52":0.224455,"53":0.715715,"54":22.87747,"55":0.16093,"56":0.10164,"57":null},"opera":{"9":null,"9.5-9.6":null,"10.0-10.1":0,"10.5":null,"10.6":null,"11":null,"11.1":null,"11.5":null,"11.6":null,"12":null,"12.1":0.00847,"15":null,"16":null,"17":null,"18":null,"19":null,"20":null,"21":null,"22":null,"23":null,"24":null,"25":null,"26":null,"27":null,"28":null,"29":null,"30":null,"31":null,"32":null,"33":null,"34":null,"35":null,"36":0.012705,"37":0.00847,"38":0.148225,"39":null,"40":0.00847,"41":0.3388,"42":null,"43":null},"safari":{"3.1":null,"3.2":null,"4":0,"5":0.029645,"5.1":0.12705,"6":0.05082,"6.1":0.06776,"7":0.06776,"7.1":0.012705,"8":0.419265,"9":0.385385,"9.1":1.04181,"10":1.334025,"0":null},"ios_saf":{"3.2":0,"4.0-4.1":0,"4.2-4.3":0,"5.0-5.1":0,"6.0-6.1":0,"7.0-7.1":0.314324873477,"8":0,"8.1-8.4":0.406002961575,"9.0-9.2":0.312869665729,"9.3":2.04893250859,"10-10.1":10.8922299906},"android":{"2.1":0,"2.2":0,"2.3":0.0134944025631,"3":0,"4":0.116951488881,"4.1":0.371096070486,"4.2-4.3":1.05931060121,"4.4":2.49646447418,"4.4.3-4.4.4":1.90945796268,"53":null},"op_mob":{"10":0,"11":0,"11.1":0,"11.5":0,"12":0,"12.1":0.00297072877192,"0":0.106946235789},"ie":{"5.5":null,"6":0.00855283618582,"7":0.0128292542787,"8":0.530275843521,"9":0.277967176039,"10":0.200991650367,"11":2.46749323961},"edge":{"12":0.14399,"13":0.266805,"14":0.529375},"bb":{"7":0.03314875,"10":null},"ie_mob":{"10":0.01319032,"11":0.06175468},"and_ff":{"0":0.01153},"samsung":{"0":8.32466},"and_uc":{"0":2.519305},"op_mini":{"0":1.44086803544},"and_chr":{"0":25.36748}},"total":99.05494875}