{"id":"LC","name":"Saint Lucia","month":"2016-11","access_date":"2016-12-03","data":{"firefox":{"2":null,"3":null,"3.5":null,"3.6":0.025268,"4":null,"5":null,"6":null,"7":null,"8":null,"9":null,"10":null,"11":0.06317,"12":null,"13":0.006317,"14":null,"15":null,"16":null,"17":null,"18":0.012634,"19":null,"20":null,"21":null,"22":null,"23":null,"24":null,"25":null,"26":null,"27":null,"28":null,"29":null,"30":null,"31":null,"32":null,"33":null,"34":null,"35":null,"36":0.018951,"37":null,"38":0.044219,"39":0.012634,"40":0.018951,"41":0.006317,"42":null,"43":0.06317,"44":0.025268,"45":0.120023,"46":0.050536,"47":0.214778,"48":0.669602,"49":2.665774,"50":1.623469,"51":0.075804,"52":null,"53":null},"chrome":{"4":null,"5":null,"6":null,"7":null,"8":null,"9":null,"10":null,"11":0.044219,"12":null,"13":null,"14":null,"15":null,"16":null,"17":null,"18":0.012634,"19":null,"20":null,"21":null,"22":0.037902,"23":null,"24":null,"25":null,"26":null,"27":0.056853,"28":null,"29":null,"30":null,"31":0.012634,"32":0.056853,"33":null,"34":0.031585,"35":0.018951,"36":0.025268,"37":0.075804,"38":0.025268,"39":0.012634,"40":0.018951,"41":0.025268,"42":0.044219,"43":0.107389,"44":0.050536,"45":0.018951,"46":0.056853,"47":0.088438,"48":0.06317,"49":1.004403,"50":0.075804,"51":0.44219,"52":0.246363,"53":1.061256,"54":34.351846,"55":0.082121,"56":0.151608,"57":null},"opera":{"9":null,"9.5-9.6":null,"10.0-10.1":0,"10.5":null,"10.6":null,"11":null,"11.1":null,"11.5":null,"11.6":null,"12":null,"12.1":0.012634,"15":null,"16":null,"17":null,"18":null,"19":null,"20":null,"21":null,"22":null,"23":null,"24":null,"25":null,"26":null,"27":null,"28":null,"29":0.031585,"30":null,"31":null,"32":null,"33":0.018951,"34":null,"35":null,"36":0.025268,"37":0.18951,"38":0.025268,"39":null,"40":null,"41":0.770674,"42":0.012634,"43":null},"safari":{"3.1":null,"3.2":null,"4":0,"5":0.012634,"5.1":0.037902,"6":null,"6.1":0.06317,"7":0.037902,"7.1":0.044219,"8":0.12634,"9":0.037902,"9.1":0.435873,"10":1.51608,"0":null},"ios_saf":{"3.2":0,"4.0-4.1":0,"4.2-4.3":0,"5.0-5.1":0,"6.0-6.1":0,"7.0-7.1":0.0898003074039,"8":0,"8.1-8.4":0.11599206373,"9.0-9.2":0.08938456524,"9.3":0.585364966781,"10-10.1":3.11183009684},"android":{"2.1":0,"2.2":0,"2.3":0.010578386732,"3":0,"4":0.0916793516773,"4.1":0.29090563513,"4.2-4.3":0.830403358462,"4.4":1.95700154542,"4.4.3-4.4.4":1.49684172258,"53":null},"op_mob":{"10":0,"11":0,"11.1":0,"11.5":0,"12":0,"12.1":0.00227884953983,"0":0.082038583434},"ie":{"5.5":null,"6":null,"7":null,"8":0.170559,"9":0.277948,"10":0.120023,"11":4.883041},"edge":{"12":0.334801,"13":0.802259,"14":3.183768},"bb":{"7":0.12061825,"10":null},"ie_mob":{"10":0.134827264,"11":0.631236736},"and_ff":{"0":0.047879},"samsung":{"0":3.716147},"and_uc":{"0":1.270635},"op_mini":{"0":1.10529156703},"and_chr":{"0":25.37791}},"total":98.34644525}