{"id":"LI","name":"Liechtenstein","month":"2016-11","access_date":"2016-12-03","data":{"firefox":{"2":null,"3":null,"3.5":null,"3.6":0.006327,"4":null,"5":null,"6":0.012654,"7":null,"8":null,"9":null,"10":null,"11":null,"12":null,"13":0.012654,"14":null,"15":null,"16":0.006327,"17":0.012654,"18":null,"19":0.012654,"20":null,"21":0.006327,"22":null,"23":null,"24":null,"25":0.025308,"26":0.012654,"27":null,"28":0.012654,"29":null,"30":0.088578,"31":null,"32":0.006327,"33":0.018981,"34":0.012654,"35":0.012654,"36":null,"37":0.018981,"38":0.18981,"39":0.031635,"40":0.044289,"41":0.037962,"42":0.056943,"43":0.044289,"44":0.025308,"45":0.246753,"46":0.075924,"47":0.37962,"48":0.727605,"49":7.396263,"50":3.979683,"51":0.018981,"52":null,"53":null},"chrome":{"4":null,"5":null,"6":null,"7":null,"8":null,"9":null,"10":null,"11":null,"12":null,"13":null,"14":null,"15":null,"16":null,"17":null,"18":0.012654,"19":null,"20":null,"21":null,"22":0.012654,"23":null,"24":null,"25":0.012654,"26":0.018981,"27":null,"28":null,"29":0.031635,"30":null,"31":null,"32":null,"33":0.012654,"34":0.012654,"35":null,"36":0.037962,"37":0.012654,"38":0.018981,"39":0.037962,"40":0.018981,"41":0.012654,"42":null,"43":0.012654,"44":0.018981,"45":0.480852,"46":0.006327,"47":0.069597,"48":0.044289,"49":0.493506,"50":0.012654,"51":0.771894,"52":0.044289,"53":0.917415,"54":14.640678,"55":0.012654,"56":0.088578,"57":null},"opera":{"9":null,"9.5-9.6":null,"10.0-10.1":0,"10.5":null,"10.6":null,"11":null,"11.1":null,"11.5":null,"11.6":null,"12":null,"12.1":0.082251,"15":null,"16":null,"17":null,"18":null,"19":null,"20":null,"21":null,"22":null,"23":null,"24":null,"25":null,"26":null,"27":null,"28":null,"29":null,"30":null,"31":null,"32":null,"33":null,"34":null,"35":null,"36":0.158175,"37":null,"38":null,"39":0.025308,"40":null,"41":0.196137,"42":null,"43":null},"safari":{"3.1":null,"3.2":null,"4":0,"5":0.139194,"5.1":0.215118,"6":0.018981,"6.1":0.139194,"7":0.025308,"7.1":0.018981,"8":0.291042,"9":0.480852,"9.1":1.524807,"10":4.612383,"0":null},"ios_saf":{"3.2":0,"4.0-4.1":0,"4.2-4.3":0,"5.0-5.1":0,"6.0-6.1":0,"7.0-7.1":0.449599985005,"8":0,"8.1-8.4":0.580733313964,"9.0-9.2":0.447518503593,"9.3":2.93072582818,"10-10.1":15.5798883693},"android":{"2.1":0,"2.2":0,"2.3":0.00186903505466,"3":0,"4":0.016198303807,"4.1":0.051398464003,"4.2-4.3":0.14671925179,"4.4":0.345771485111,"4.4.3-4.4.4":0.264468460234,"53":null},"op_mob":{"10":0,"11":0,"11.1":0,"11.5":0,"12":0,"12.1":1.40722108858e-5,"0":0.000506599591888},"ie":{"5.5":null,"6":0.044289,"7":0.037962,"8":0.151848,"9":0.221445,"10":0.468198,"11":16.677972},"edge":{"12":0.120213,"13":0.740259,"14":4.561767},"bb":{"7":0.00642775,"10":null},"ie_mob":{"10":0.063351904,"11":0.296602096},"and_ff":{"0":0.051422},"samsung":{"0":4.172528},"and_uc":{"0":0.007346},"op_mini":{"0":0.00682532819723},"and_chr":{"0":10.391959}},"total":98.16445875}