{"id":"LK","name":"Sri Lanka","month":"2016-11","access_date":"2016-12-03","data":{"firefox":{"2":null,"3":0.010888,"3.5":0.005444,"3.6":0.02722,"4":0.010888,"5":0.008166,"6":0.005444,"7":0.002722,"8":0.005444,"9":0.005444,"10":0.010888,"11":0.01361,"12":0.024498,"13":0.016332,"14":0.019054,"15":0.016332,"16":0.016332,"17":0.01361,"18":0.01361,"19":0.010888,"20":0.01361,"21":0.010888,"22":0.01361,"23":0.010888,"24":0.01361,"25":0.01361,"26":0.008166,"27":0.008166,"28":0.010888,"29":0.019054,"30":0.029942,"31":0.019054,"32":0.01361,"33":0.01361,"34":0.016332,"35":0.016332,"36":0.019054,"37":0.016332,"38":0.032664,"39":0.032664,"40":0.02722,"41":0.024498,"42":0.02722,"43":0.168764,"44":0.076216,"45":0.059884,"46":0.051718,"47":0.386524,"48":0.193262,"49":2.242928,"50":1.186792,"51":0.06805,"52":0.002722,"53":null},"chrome":{"4":0.005444,"5":0.008166,"6":0.005444,"7":0.01361,"8":null,"9":0.005444,"10":0.008166,"11":0.08166,"12":0.01361,"13":0.010888,"14":0.008166,"15":0.005444,"16":0.010888,"17":0.008166,"18":0.010888,"19":0.016332,"20":0.01361,"21":0.016332,"22":0.01361,"23":0.01361,"24":0.008166,"25":0.024498,"26":0.01361,"27":0.01361,"28":0.032664,"29":0.021776,"30":0.038108,"31":0.070772,"32":0.010888,"33":0.048996,"34":0.010888,"35":0.019054,"36":0.01361,"37":0.008166,"38":0.02722,"39":0.029942,"40":0.016332,"41":0.008166,"42":0.038108,"43":0.089826,"44":0.02722,"45":0.032664,"46":0.024498,"47":0.059884,"48":0.029942,"49":0.620616,"50":0.051718,"51":0.277644,"52":0.201428,"53":0.43552,"54":14.99822,"55":0.070772,"56":0.048996,"57":null},"opera":{"9":null,"9.5-9.6":null,"10.0-10.1":0,"10.5":null,"10.6":null,"11":null,"11.1":null,"11.5":0.002722,"11.6":0.005444,"12":null,"12.1":0.01361,"15":0.005444,"16":null,"17":null,"18":null,"19":0.005444,"20":0.002722,"21":null,"22":0.002722,"23":null,"24":null,"25":null,"26":null,"27":null,"28":null,"29":0.002722,"30":0.008166,"31":null,"32":null,"33":0.005444,"34":0.005444,"35":0.005444,"36":0.019054,"37":0.065328,"38":0.029942,"39":0.01361,"40":0.02722,"41":0.579786,"42":0.005444,"43":null},"safari":{"3.1":null,"3.2":null,"4":0,"5":null,"5.1":0.010888,"6":0.002722,"6.1":0.005444,"7":0.005444,"7.1":null,"8":0.038108,"9":0.035386,"9.1":0.078938,"10":0.236814,"0":null},"ios_saf":{"3.2":0,"4.0-4.1":0,"4.2-4.3":0,"5.0-5.1":0,"6.0-6.1":0,"7.0-7.1":0.066463760075,"8":0,"8.1-8.4":0.0858490234302,"9.0-9.2":0.066156057482,"9.3":0.433245250859,"10-10.1":2.30315390815},"android":{"2.1":0,"2.2":0,"2.3":0.0210356969469,"3":0,"4":0.182309373539,"4.1":0.578481666038,"4.2-4.3":1.65130221033,"4.4":3.89160393517,"4.4.3-4.4.4":2.97655111798,"53":null},"op_mob":{"10":0,"11":0,"11.1":0,"11.5":0,"12":0,"12.1":0.028901658435,"0":1.04045970366},"ie":{"5.5":null,"6":0.0138136408978,"7":0.00276272817955,"8":0.212730069825,"9":0.0414409226933,"10":0.0884073017456,"11":0.748699336658},"edge":{"12":0.076216,"13":0.119768,"14":0.185096},"bb":{"7":0.0200145,"10":null},"ie_mob":{"10":0.450886656,"11":2.110969344},"and_ff":{"0":0.021834},"samsung":{"0":8.07858},"and_uc":{"0":10.378428},"op_mini":{"0":14.0179326379},"and_chr":{"0":23.75172}},"total":97.6419645}