{"id":"LR","name":"Liberia","month":"2016-11","access_date":"2016-12-03","data":{"firefox":{"2":null,"3":0.021852,"3.5":0.009712,"3.6":0.046132,"4":0.043704,"5":0.007284,"6":0.002428,"7":0.016996,"8":0.002428,"9":0.004856,"10":0.038848,"11":0.009712,"12":0.041276,"13":0.004856,"14":0.02428,"15":0.02428,"16":0.03642,"17":0.029136,"18":0.014568,"19":0.043704,"20":0.063128,"21":0.070412,"22":0.026708,"23":0.007284,"24":0.118972,"25":0.007284,"26":0.009712,"27":0.016996,"28":0.009712,"29":0.041276,"30":0.031564,"31":0.01214,"32":0.016996,"33":0.03642,"34":0.007284,"35":0.01214,"36":0.014568,"37":0.058272,"38":0.029136,"39":0.021852,"40":0.019424,"41":0.007284,"42":0.031564,"43":0.335064,"44":0.310784,"45":0.053416,"46":0.087408,"47":0.614284,"48":0.199096,"49":2.153636,"50":1.070748,"51":0.077696,"52":null,"53":null},"chrome":{"4":null,"5":null,"6":null,"7":null,"8":null,"9":null,"10":0.004856,"11":0.063128,"12":null,"13":null,"14":null,"15":0.002428,"16":null,"17":null,"18":0.016996,"19":0.004856,"20":null,"21":null,"22":null,"23":null,"24":null,"25":null,"26":0.01214,"27":0.016996,"28":0.01214,"29":0.029136,"30":null,"31":0.016996,"32":0.014568,"33":0.058272,"34":0.004856,"35":0.009712,"36":0.016996,"37":0.009712,"38":0.007284,"39":0.055844,"40":0.02428,"41":0.04856,"42":0.038848,"43":0.140824,"44":0.055844,"45":0.043704,"46":0.01214,"47":0.03642,"48":0.021852,"49":0.3642,"50":0.070412,"51":0.560868,"52":0.167532,"53":0.371484,"54":7.791452,"55":0.04856,"56":0.08498,"57":null},"opera":{"9":null,"9.5-9.6":null,"10.0-10.1":0,"10.5":null,"10.6":null,"11":0.007284,"11.1":0.004856,"11.5":0.004856,"11.6":0.01214,"12":0.014568,"12.1":0.043704,"15":0.004856,"16":null,"17":null,"18":null,"19":null,"20":0.004856,"21":0.014568,"22":null,"23":null,"24":null,"25":null,"26":null,"27":0.002428,"28":0.053416,"29":0.070412,"30":null,"31":null,"32":null,"33":0.055844,"34":0.016996,"35":0.009712,"36":0.070412,"37":0.191812,"38":0.026708,"39":0.007284,"40":0.041276,"41":0.458892,"42":null,"43":null},"safari":{"3.1":null,"3.2":null,"4":0,"5":0.004856,"5.1":0.021852,"6":0.016996,"6.1":0.016996,"7":0.007284,"7.1":null,"8":0.10926,"9":0.0607,"9.1":0.1821,"10":0.322924,"0":null},"ios_saf":{"3.2":0,"4.0-4.1":0,"4.2-4.3":0,"5.0-5.1":0,"6.0-6.1":0,"7.0-7.1":0.0561971134021,"8":0,"8.1-8.4":0.0725879381443,"9.0-9.2":0.0559369415808,"9.3":0.366321924399,"10-10.1":1.94738608247},"android":{"2.1":0,"2.2":0,"2.3":0.028012414625,"3":0,"4":0.242774260083,"4.1":0.770341402186,"4.2-4.3":2.19897454806,"4.4":5.18229670562,"4.4.3-4.4.4":3.96375666943,"53":null},"op_mob":{"10":0,"11":0,"11.1":0,"11.5":0,"12":0,"12.1":0.0459462244617,"0":1.65406408062},"ie":{"5.5":null,"6":null,"7":0.00486096016343,"8":0.362141532176,"9":0.0972192032686,"10":0.250339448417,"11":1.66487885598},"edge":{"12":0.281648,"13":0.208808,"14":0.429756},"bb":{"7":0.0264985,"10":null},"ie_mob":{"10":0.137247088,"11":0.642565912},"and_ff":{"0":0.030284},"samsung":{"0":2.165306},"and_uc":{"0":6.556486},"op_mini":{"0":22.2849176949},"and_chr":{"0":28.440946}},"total":98.2619555}