{"id":"LS","name":"Lesotho","month":"2016-11","access_date":"2016-12-03","data":{"firefox":{"2":null,"3":0.06776,"3.5":0.001232,"3.6":0.013552,"4":0.011088,"5":0.004928,"6":null,"7":0.00616,"8":0.004928,"9":null,"10":0.003696,"11":0.003696,"12":0.007392,"13":null,"14":null,"15":0.004928,"16":0.004928,"17":null,"18":null,"19":0.014784,"20":0.004928,"21":0.028336,"22":0.007392,"23":0.00616,"24":null,"25":0.01232,"26":null,"27":0.002464,"28":0.002464,"29":0.039424,"30":0.013552,"31":0.003696,"32":0.014784,"33":0.003696,"34":0.008624,"35":0.009856,"36":0.009856,"37":0.054208,"38":0.013552,"39":0.121968,"40":0.01232,"41":0.016016,"42":0.032032,"43":0.057904,"44":0.048048,"45":0.064064,"46":0.027104,"47":0.291984,"48":0.115808,"49":0.729344,"50":0.44352,"51":0.051744,"52":null,"53":null},"chrome":{"4":null,"5":null,"6":null,"7":null,"8":null,"9":null,"10":null,"11":0.00616,"12":0.001232,"13":null,"14":null,"15":null,"16":0.003696,"17":null,"18":null,"19":null,"20":0.00616,"21":0.028336,"22":null,"23":null,"24":null,"25":null,"26":0.040656,"27":0.004928,"28":0.003696,"29":0.001232,"30":0.001232,"31":0.016016,"32":0.004928,"33":0.011088,"34":0.008624,"35":0.013552,"36":0.033264,"37":0.003696,"38":0.002464,"39":0.038192,"40":0.040656,"41":0.019712,"42":0.004928,"43":0.089936,"44":0.004928,"45":0.028336,"46":0.048048,"47":0.017248,"48":0.01848,"49":0.128128,"50":0.025872,"51":0.149072,"52":0.078848,"53":0.186032,"54":3.894352,"55":0.002464,"56":0.007392,"57":null},"opera":{"9":null,"9.5-9.6":null,"10.0-10.1":0,"10.5":null,"10.6":null,"11":0.002464,"11.1":null,"11.5":0.003696,"11.6":0.003696,"12":0.003696,"12.1":0.008624,"15":null,"16":null,"17":0.007392,"18":0.001232,"19":null,"20":null,"21":null,"22":null,"23":0.105952,"24":null,"25":null,"26":null,"27":0.00616,"28":0.017248,"29":0.001232,"30":0.004928,"31":0.001232,"32":0.002464,"33":0.002464,"34":0.00616,"35":0.013552,"36":0.01232,"37":0.033264,"38":0.009856,"39":0.004928,"40":0.034496,"41":0.248864,"42":0.001232,"43":null},"safari":{"3.1":null,"3.2":null,"4":0,"5":0.014784,"5.1":0.017248,"6":0.014784,"6.1":null,"7":0.002464,"7.1":0.02464,"8":0.002464,"9":0.002464,"9.1":0.039424,"10":0.041888,"0":null},"ios_saf":{"3.2":0,"4.0-4.1":0,"4.2-4.3":0,"5.0-5.1":0,"6.0-6.1":0,"7.0-7.1":0.0124247572634,"8":0,"8.1-8.4":0.0160486447985,"9.0-9.2":0.012367235239,"9.3":0.0809910103093,"10-10.1":0.43055235239},"android":{"2.1":0,"2.2":0,"2.3":0.00582991029024,"3":0,"4":0.0505258891821,"4.1":0.160322532982,"4.2-4.3":0.457647957784,"4.4":1.07853340369,"4.4.3-4.4.4":0.824932306069,"53":null},"op_mob":{"10":0,"11":0,"11.1":0,"11.5":0,"12":0,"12.1":0.112904294174,"0":4.06455459026},"ie":{"5.5":null,"6":0.008624,"7":0.004928,"8":0.362208,"9":0.142912,"10":0.139216,"11":1.36752},"edge":{"12":0.088704,"13":0.29568,"14":0.174944},"bb":{"7":0.26304,"10":null},"ie_mob":{"10":0.341040128,"11":1.596687872},"and_ff":{"0":0.017536},"samsung":{"0":1.569472},"and_uc":{"0":6.497088},"op_mini":{"0":54.7610371156},"and_chr":{"0":14.47704}},"total":97.482448}