{"id":"LT","name":"Lithuania","month":"2016-11","access_date":"2016-12-03","data":{"firefox":{"2":0.016924,"3":0.04231,"3.5":0.076158,"3.6":0.135392,"4":0.008462,"5":0.008462,"6":null,"7":null,"8":null,"9":null,"10":0.016924,"11":0.025386,"12":null,"13":null,"14":0.008462,"15":null,"16":0.008462,"17":null,"18":null,"19":0.008462,"20":0.008462,"21":0.016924,"22":null,"23":null,"24":0.008462,"25":null,"26":null,"27":null,"28":null,"29":null,"30":0.008462,"31":0.025386,"32":null,"33":0.008462,"34":0.016924,"35":0.033848,"36":0.025386,"37":0.04231,"38":0.321556,"39":0.025386,"40":0.025386,"41":0.050772,"42":0.033848,"43":0.871586,"44":0.050772,"45":0.727732,"46":0.8462,"47":3.604812,"48":1.040826,"49":6.794986,"50":4.070222,"51":0.050772,"52":null,"53":null},"chrome":{"4":0.016924,"5":0.008462,"6":0.008462,"7":null,"8":null,"9":null,"10":0.016924,"11":0.025386,"12":0.016924,"13":null,"14":0.016924,"15":0.016924,"16":0.025386,"17":0.016924,"18":0.067696,"19":0.016924,"20":0.016924,"21":0.033848,"22":0.033848,"23":0.025386,"24":0.016924,"25":0.016924,"26":0.04231,"27":0.025386,"28":0.025386,"29":0.008462,"30":0.025386,"31":0.033848,"32":0.025386,"33":0.025386,"34":0.04231,"35":0.033848,"36":0.033848,"37":0.033848,"38":0.04231,"39":0.135392,"40":0.033848,"41":0.033848,"42":0.050772,"43":0.922358,"44":0.04231,"45":0.025386,"46":0.033848,"47":0.050772,"48":0.093082,"49":2.293202,"50":1.31161,"51":9.130498,"52":0.21155,"53":0.939282,"54":30.59013,"55":0.08462,"56":0.067696,"57":null},"opera":{"9":null,"9.5-9.6":null,"10.0-10.1":0,"10.5":null,"10.6":0.016924,"11":null,"11.1":null,"11.5":0.016924,"11.6":0.050772,"12":0.059234,"12.1":0.287708,"15":null,"16":null,"17":null,"18":null,"19":null,"20":0.008462,"21":null,"22":null,"23":null,"24":null,"25":null,"26":null,"27":0.04231,"28":0.016924,"29":null,"30":null,"31":null,"32":null,"33":null,"34":null,"35":0.008462,"36":0.12693,"37":0.033848,"38":1.81933,"39":0.016924,"40":0.093082,"41":2.28474,"42":0.016924,"43":null},"safari":{"3.1":null,"3.2":null,"4":0.033848,"5":0.059234,"5.1":0.050772,"6":null,"6.1":0.04231,"7":0.016924,"7.1":null,"8":0.067696,"9":0.110006,"9.1":0.583878,"10":1.125446,"0":null},"ios_saf":{"3.2":0,"4.0-4.1":0,"4.2-4.3":0,"5.0-5.1":0,"6.0-6.1":0,"7.0-7.1":0.0619235988754,"8":0,"8.1-8.4":0.0799846485473,"9.0-9.2":0.0616369155472,"9.3":0.403650126002,"10-10.1":2.14582471103},"android":{"2.1":0,"2.2":0,"2.3":0.00177742480211,"3":0,"4":0.015404348285,"4.1":0.048879182058,"4.2-4.3":0.139527846966,"4.4":0.328823588391,"4.4.3-4.4.4":0.251505609499,"53":null},"op_mob":{"10":0,"11":0,"11.1":0,"11.5":0,"12":0,"12.1":0.000642279765127,"0":0.0231220715446},"ie":{"5.5":null,"6":0.00855170318021,"7":0.00855170318021,"8":0.256551095406,"9":0.153930657244,"10":0.230895985866,"11":4.18178285512},"edge":{"12":0.050772,"13":0.736194,"14":1.286224},"bb":{"7":0.0042295,"10":null},"ie_mob":{"10":0.053596224,"11":0.250927776},"and_ff":{"0":0.019994},"samsung":{"0":2.277778},"and_uc":{"0":0.073824},"op_mini":{"0":0.31151964869},"and_chr":{"0":9.017426}},"total":95.3855815}