{"id":"LU","name":"Luxembourg","month":"2016-11","access_date":"2016-12-03","data":{"firefox":{"2":null,"3":0.020262,"3.5":null,"3.6":0.013508,"4":null,"5":null,"6":null,"7":null,"8":null,"9":null,"10":null,"11":null,"12":0.020262,"13":null,"14":null,"15":null,"16":0.027016,"17":null,"18":0.006754,"19":null,"20":null,"21":0.020262,"22":null,"23":null,"24":0.03377,"25":0.013508,"26":null,"27":null,"28":0.006754,"29":0.013508,"30":0.03377,"31":0.10131,"32":0.047278,"33":0.027016,"34":0.020262,"35":0.020262,"36":0.027016,"37":0.027016,"38":0.43901,"39":0.054032,"40":0.047278,"41":0.027016,"42":0.087802,"43":0.141834,"44":0.054032,"45":0.715924,"46":0.128326,"47":0.60786,"48":0.655138,"49":7.071438,"50":3.876796,"51":0.027016,"52":0.006754,"53":null},"chrome":{"4":null,"5":null,"6":null,"7":null,"8":null,"9":null,"10":null,"11":0.006754,"12":null,"13":null,"14":null,"15":null,"16":null,"17":null,"18":null,"19":null,"20":null,"21":null,"22":0.013508,"23":null,"24":null,"25":null,"26":null,"27":null,"28":null,"29":0.006754,"30":null,"31":0.027016,"32":0.020262,"33":null,"34":0.013508,"35":0.006754,"36":0.013508,"37":0.013508,"38":0.03377,"39":0.020262,"40":0.013508,"41":0.013508,"42":0.020262,"43":0.20262,"44":0.03377,"45":0.10131,"46":0.040524,"47":0.094556,"48":0.344454,"49":1.006346,"50":0.148588,"51":0.884774,"52":0.411994,"53":1.08064,"54":19.410996,"55":0.06754,"56":0.03377,"57":null},"opera":{"9":null,"9.5-9.6":null,"10.0-10.1":0,"10.5":null,"10.6":null,"11":null,"11.1":null,"11.5":null,"11.6":null,"12":null,"12.1":0.060786,"15":null,"16":null,"17":null,"18":null,"19":null,"20":null,"21":null,"22":null,"23":null,"24":null,"25":null,"26":null,"27":null,"28":null,"29":null,"30":null,"31":null,"32":null,"33":null,"34":null,"35":null,"36":0.013508,"37":null,"38":0.114818,"39":0.020262,"40":0.006754,"41":0.526812,"42":null,"43":null},"safari":{"3.1":null,"3.2":null,"4":0.054032,"5":0.06754,"5.1":0.297176,"6":0.020262,"6.1":0.209374,"7":1.0131,"7.1":0.013508,"8":0.256652,"9":0.384978,"9.1":1.78981,"10":4.342822,"0":null},"ios_saf":{"3.2":0,"4.0-4.1":0,"4.2-4.3":0,"5.0-5.1":0,"6.0-6.1":0,"7.0-7.1":0.353416082474,"8":0,"8.1-8.4":0.456495773196,"9.0-9.2":0.351779896907,"9.3":2.30374927835,"10-10.1":12.2468489691},"android":{"2.1":0,"2.2":0,"2.3":0.00195213720317,"3":0,"4":0.0169185224274,"4.1":0.0536837730871,"4.2-4.3":0.153242770449,"4.4":0.361145382586,"4.4.3-4.4.4":0.276227414248,"53":null},"op_mob":{"10":0,"11":0,"11.1":0,"11.5":0,"12":0,"12.1":0.000752162162162,"0":0.0270778378378},"ie":{"5.5":null,"6":0.786528642234,"7":0.0689937405468,"8":2.91843522513,"9":0.317371206515,"10":0.407063069226,"11":7.36163211635},"edge":{"12":0.081048,"13":0.364716,"14":2.53275},"bb":{"7":0.01054625,"10":null},"ie_mob":{"10":0.04054952,"11":0.18984548},"and_ff":{"0":0.061655},"samsung":{"0":4.299625},"and_uc":{"0":0.366685},"op_mini":{"0":0.364815},"and_chr":{"0":10.575147}},"total":95.04744425}