{"id":"LV","name":"Latvia","month":"2016-11","access_date":"2016-12-03","data":{"firefox":{"2":null,"3":0.08309,"3.5":0.091399,"3.6":0.182798,"4":0.024927,"5":0.041545,"6":0.008309,"7":null,"8":null,"9":null,"10":0.008309,"11":0.008309,"12":0.016618,"13":null,"14":null,"15":null,"16":0.033236,"17":0.016618,"18":null,"19":0.016618,"20":0.008309,"21":0.016618,"22":0.008309,"23":0.008309,"24":0.024927,"25":0.016618,"26":null,"27":0.008309,"28":0.024927,"29":null,"30":null,"31":0.024927,"32":0.008309,"33":0.016618,"34":0.016618,"35":0.033236,"36":0.016618,"37":0.033236,"38":0.108017,"39":0.033236,"40":0.058163,"41":0.041545,"42":0.058163,"43":0.149562,"44":0.149562,"45":0.33236,"46":0.182798,"47":0.58163,"48":0.373905,"49":7.220521,"50":4.370534,"51":0.041545,"52":null,"53":null},"chrome":{"4":0.033236,"5":0.033236,"6":null,"7":null,"8":null,"9":0.024927,"10":0.016618,"11":0.024927,"12":0.008309,"13":0.016618,"14":0.008309,"15":0.033236,"16":0.033236,"17":0.024927,"18":0.033236,"19":0.016618,"20":0.016618,"21":0.024927,"22":0.049854,"23":0.033236,"24":0.016618,"25":0.024927,"26":0.033236,"27":0.016618,"28":0.016618,"29":0.008309,"30":0.016618,"31":0.074781,"32":0.016618,"33":0.016618,"34":0.024927,"35":0.016618,"36":0.016618,"37":0.016618,"38":0.041545,"39":0.074781,"40":0.058163,"41":0.041545,"42":0.033236,"43":0.157871,"44":0.058163,"45":0.049854,"46":0.033236,"47":0.099708,"48":0.216034,"49":2.019087,"50":0.224343,"51":0.847518,"52":0.307433,"53":0.789355,"54":37.97213,"55":0.124635,"56":0.149562,"57":null},"opera":{"9":null,"9.5-9.6":null,"10.0-10.1":0.008309,"10.5":0.016618,"10.6":0.041545,"11":0.016618,"11.1":0.008309,"11.5":0.008309,"11.6":0.091399,"12":0.099708,"12.1":0.398832,"15":null,"16":null,"17":null,"18":null,"19":null,"20":null,"21":null,"22":0.008309,"23":null,"24":0.016618,"25":null,"26":null,"27":0.024927,"28":null,"29":null,"30":null,"31":null,"32":null,"33":null,"34":null,"35":null,"36":0.116326,"37":0.041545,"38":0.16618,"39":0.024927,"40":0.074781,"41":1.778126,"42":0.008309,"43":null},"safari":{"3.1":null,"3.2":0.008309,"4":0.049854,"5":0.099708,"5.1":0.08309,"6":0.008309,"6.1":0.041545,"7":0.024927,"7.1":null,"8":0.191107,"9":0.141253,"9.1":0.589939,"10":1.695036,"0":null},"ios_saf":{"3.2":0,"4.0-4.1":0,"4.2-4.3":0,"5.0-5.1":0,"6.0-6.1":0,"7.0-7.1":0.0882045885661,"8":0,"8.1-8.4":0.113930926898,"9.0-9.2":0.0877962339894,"9.3":0.574963243986,"10-10.1":3.05653400656},"android":{"2.1":0,"2.2":0,"2.3":0.00175537655484,"3":0,"4":0.0152132634753,"4.1":0.0482728552582,"4.2-4.3":0.137797059555,"4.4":0.324744662646,"4.4.3-4.4.4":0.24838578251,"53":null},"op_mob":{"10":0,"11":0,"11.1":0,"11.5":0,"12":0,"12.1":0.000508574605422,"0":0.0183086857952},"ie":{"5.5":null,"6":0.0169824298246,"7":0.0169824298246,"8":0.467016820175,"9":0.169824298246,"10":0.195297942982,"11":3.00589007895},"edge":{"12":0.066472,"13":0.324051,"14":1.379294},"bb":{"7":0.00295925,"10":null},"ie_mob":{"10":0.064285056,"11":0.300970944},"and_ff":{"0":0.023674},"samsung":{"0":2.301451},"and_uc":{"0":0.123443},"op_mini":{"0":0.246669739599},"and_chr":{"0":9.567835}},"total":87.41750025}