{"id":"LY","name":"Libya","month":"2016-11","access_date":"2016-12-03","data":{"firefox":{"2":0.02233,"3":0.02233,"3.5":0.01276,"3.6":0.03509,"4":0.00957,"5":0.00638,"6":0.01595,"7":0.01276,"8":0.00957,"9":0.02233,"10":0.01276,"11":0.00957,"12":0.07975,"13":0.00957,"14":null,"15":0.01914,"16":0.00957,"17":null,"18":0.00638,"19":0.00638,"20":0.00957,"21":0.00957,"22":0.00638,"23":0.01276,"24":0.00957,"25":0.02552,"26":0.00638,"27":0.01595,"28":0.02552,"29":0.11484,"30":0.00957,"31":0.01914,"32":0.0319,"33":0.01914,"34":0.01595,"35":0.33495,"36":0.02871,"37":0.01914,"38":0.05742,"39":0.02552,"40":0.0319,"41":0.02552,"42":0.02552,"43":0.33814,"44":0.10846,"45":0.05104,"46":0.10846,"47":0.55506,"48":0.16269,"49":1.95228,"50":1.23453,"51":0.06061,"52":null,"53":null},"chrome":{"4":0.01276,"5":0.01276,"6":0.01276,"7":0.01276,"8":0.03828,"9":0.01276,"10":0.00638,"11":0.02233,"12":0.01914,"13":0.0319,"14":0.0319,"15":0.29986,"16":0.02871,"17":0.06699,"18":0.00638,"19":0.02233,"20":0.00957,"21":0.00957,"22":0.01595,"23":0.02552,"24":0.02552,"25":0.0319,"26":0.02233,"27":0.03828,"28":0.01595,"29":0.02552,"30":0.02233,"31":0.06699,"32":0.04147,"33":0.17864,"34":0.01914,"35":0.01595,"36":0.02552,"37":0.01276,"38":0.07975,"39":0.09889,"40":0.06061,"41":0.04147,"42":0.02871,"43":0.70818,"44":0.05742,"45":0.07018,"46":0.0319,"47":0.18183,"48":0.07018,"49":0.56782,"50":0.10208,"51":0.91553,"52":0.3509,"53":0.62205,"54":15.44279,"55":0.02871,"56":0.06699,"57":0.00638},"opera":{"9":null,"9.5-9.6":null,"10.0-10.1":0.00638,"10.5":null,"10.6":null,"11":null,"11.1":null,"11.5":0.00319,"11.6":0.00957,"12":0.00638,"12.1":0.04466,"15":null,"16":null,"17":null,"18":0.00319,"19":null,"20":null,"21":null,"22":null,"23":null,"24":null,"25":null,"26":null,"27":null,"28":null,"29":0.00638,"30":null,"31":null,"32":0.00319,"33":0.02233,"34":0.00957,"35":0.00957,"36":0.01914,"37":0.06061,"38":0.04466,"39":0.01914,"40":0.05104,"41":0.88682,"42":0.03828,"43":0.04147},"safari":{"3.1":null,"3.2":null,"4":0.02871,"5":null,"5.1":0.02233,"6":null,"6.1":null,"7":0.00638,"7.1":null,"8":0.03509,"9":0.04785,"9.1":0.05423,"10":0.13398,"0":null},"ios_saf":{"3.2":0,"4.0-4.1":0,"4.2-4.3":0,"5.0-5.1":0,"6.0-6.1":0,"7.0-7.1":0.101096907216,"8":0,"8.1-8.4":0.130583505155,"9.0-9.2":0.100628865979,"9.3":0.659002061856,"10-10.1":3.50328865979},"android":{"2.1":0,"2.2":0,"2.3":0.0220548511119,"3":0,"4":0.19114204297,"4.1":0.606508405579,"4.2-4.3":1.73130581229,"4.4":4.08014745571,"4.4.3-4.4.4":3.12076143234,"53":null},"op_mob":{"10":0,"11":0,"11.1":0,"11.5":0,"12":0,"12.1":0.0455024728272,"0":1.63808902178},"ie":{"5.5":0.00320476851852,"6":0.00640953703704,"7":null,"8":0.445462824074,"9":0.221129027778,"10":0.153828888889,"11":1.24345018519},"edge":{"12":0.04147,"13":0.14993,"14":0.16907},"bb":{"7":0.0017025,"10":null},"ie_mob":{"10":0.01318416,"11":0.06172584},"and_ff":{"0":0.03405},"samsung":{"0":2.40393},"and_uc":{"0":2.30178},"op_mini":{"0":22.0696885054},"and_chr":{"0":24.48106}},"total":97.8925077315}