{"id":"MA","name":"Morocco","month":"2016-11","access_date":"2016-12-03","data":{"firefox":{"2":null,"3":0.047328,"3.5":0.011832,"3.6":0.076908,"4":0.011832,"5":0.005916,"6":null,"7":0.011832,"8":null,"9":0.005916,"10":0.017748,"11":0.017748,"12":0.035496,"13":0.005916,"14":0.011832,"15":0.017748,"16":0.02958,"17":0.017748,"18":0.023664,"19":0.017748,"20":0.023664,"21":0.017748,"22":0.011832,"23":0.017748,"24":0.011832,"25":0.017748,"26":0.02958,"27":0.017748,"28":0.011832,"29":0.02958,"30":0.041412,"31":0.041412,"32":0.041412,"33":0.053244,"34":0.047328,"35":0.053244,"36":0.05916,"37":0.070992,"38":0.112404,"39":0.070992,"40":0.076908,"41":0.065076,"42":0.082824,"43":0.53244,"44":0.100572,"45":0.195228,"46":0.17748,"47":0.987972,"48":0.567936,"49":4.425168,"50":2.206668,"51":0.047328,"52":null,"53":null},"chrome":{"4":0.011832,"5":0.011832,"6":0.023664,"7":0.017748,"8":0.017748,"9":null,"10":0.011832,"11":0.035496,"12":0.02958,"13":0.011832,"14":0.011832,"15":null,"16":0.017748,"17":0.02958,"18":0.005916,"19":0.023664,"20":0.005916,"21":0.035496,"22":0.076908,"23":0.023664,"24":0.017748,"25":0.02958,"26":0.065076,"27":0.053244,"28":0.047328,"29":0.047328,"30":0.05916,"31":0.070992,"32":0.047328,"33":0.106488,"34":0.047328,"35":0.047328,"36":0.041412,"37":0.053244,"38":0.08874,"39":0.195228,"40":0.136068,"41":0.076908,"42":0.05916,"43":0.869652,"44":0.130152,"45":0.124236,"46":0.183396,"47":0.230724,"48":0.2958,"49":5.282988,"50":0.283968,"51":1.59732,"52":0.698088,"53":1.15362,"54":27.0657,"55":0.159732,"56":0.041412,"57":0.011832},"opera":{"9":null,"9.5-9.6":null,"10.0-10.1":0,"10.5":null,"10.6":null,"11":null,"11.1":null,"11.5":null,"11.6":0.005916,"12":null,"12.1":0.017748,"15":null,"16":null,"17":null,"18":null,"19":null,"20":null,"21":null,"22":null,"23":null,"24":null,"25":0.02958,"26":null,"27":null,"28":null,"29":null,"30":null,"31":null,"32":null,"33":null,"34":0.005916,"35":0.011832,"36":0.153816,"37":0.017748,"38":0.171564,"39":0.02958,"40":0.047328,"41":1.070796,"42":0.005916,"43":null},"safari":{"3.1":null,"3.2":null,"4":0.023664,"5":0.035496,"5.1":0.047328,"6":0.02958,"6.1":0.035496,"7":0.02958,"7.1":0.005916,"8":0.165648,"9":0.11832,"9.1":0.307632,"10":0.437784,"0":null},"ios_saf":{"3.2":0,"4.0-4.1":0,"4.2-4.3":0,"5.0-5.1":0,"6.0-6.1":0,"7.0-7.1":0.0683280674789,"8":0,"8.1-8.4":0.0882570871603,"9.0-9.2":0.0680117338332,"9.3":0.445397773196,"10-10.1":2.36775733833},"android":{"2.1":0,"2.2":0,"2.3":0.0159841831888,"3":0,"4":0.138529587637,"4.1":0.439565037693,"4.2-4.3":1.25475838032,"4.4":2.95707388994,"4.4.3-4.4.4":2.26176192122,"53":null},"op_mob":{"10":0,"11":0,"11.1":0,"11.5":0,"12":0,"12.1":0.00605385133053,"0":0.217938647899},"ie":{"5.5":null,"6":0.03944,"7":0.0460133333333,"8":0.617893333333,"9":0.341813333333,"10":0.203773333333,"11":1.34753333333},"edge":{"12":0.053244,"13":0.141984,"14":0.242556},"bb":{"7":0.0306225,"10":null},"ie_mob":{"10":0.151626288,"11":0.709886712},"and_ff":{"0":0.024498},"samsung":{"0":5.352813},"and_uc":{"0":0.412383},"op_mini":{"0":2.93624950077},"and_chr":{"0":21.236481}},"total":97.4563121667}