{"id":"MC","name":"Monaco","month":"2016-11","access_date":"2016-12-03","data":{"firefox":{"2":null,"3":null,"3.5":null,"3.6":null,"4":null,"5":null,"6":null,"7":null,"8":null,"9":null,"10":null,"11":null,"12":null,"13":null,"14":null,"15":null,"16":null,"17":0.069759,"18":null,"19":null,"20":null,"21":null,"22":null,"23":null,"24":null,"25":0.015502,"26":null,"27":0.007751,"28":null,"29":null,"30":0.007751,"31":null,"32":null,"33":0.023253,"34":null,"35":0.023253,"36":0.007751,"37":0.015502,"38":0.108514,"39":null,"40":0.062008,"41":0.031004,"42":null,"43":0.046506,"44":0.015502,"45":0.062008,"46":0.031004,"47":0.356546,"48":0.46506,"49":7.28594,"50":3.573211,"51":0.015502,"52":null,"53":null},"chrome":{"4":null,"5":null,"6":null,"7":null,"8":null,"9":null,"10":null,"11":null,"12":null,"13":null,"14":null,"15":null,"16":null,"17":null,"18":null,"19":null,"20":null,"21":0.162771,"22":null,"23":null,"24":null,"25":null,"26":null,"27":null,"28":null,"29":0.069759,"30":null,"31":null,"32":0.007751,"33":null,"34":null,"35":null,"36":null,"37":0.023253,"38":null,"39":0.038755,"40":null,"41":0.015502,"42":0.007751,"43":0.015502,"44":null,"45":0.015502,"46":0.031004,"47":0.658835,"48":0.139518,"49":1.209156,"50":0.131767,"51":0.093012,"52":0.395301,"53":0.93012,"54":30.290908,"55":0.356546,"56":0.069759,"57":0.007751},"opera":{"9":null,"9.5-9.6":null,"10.0-10.1":0,"10.5":null,"10.6":null,"11":null,"11.1":null,"11.5":null,"11.6":null,"12":null,"12.1":null,"15":null,"16":null,"17":null,"18":null,"19":0.023253,"20":null,"21":null,"22":null,"23":null,"24":null,"25":null,"26":null,"27":null,"28":null,"29":null,"30":null,"31":null,"32":null,"33":null,"34":null,"35":null,"36":null,"37":0.007751,"38":null,"39":null,"40":0.007751,"41":0.271285,"42":null,"43":null},"safari":{"3.1":null,"3.2":null,"4":0,"5":0.124016,"5.1":0.604578,"6":0.147269,"6.1":0.829357,"7":0.046506,"7.1":0.007751,"8":0.798353,"9":1.325421,"9.1":4.239797,"10":9.029915,"0":null},"ios_saf":{"3.2":0,"4.0-4.1":0,"4.2-4.3":0,"5.0-5.1":0,"6.0-6.1":0,"7.0-7.1":0.308477645736,"8":0,"8.1-8.4":0.398450292409,"9.0-9.2":0.307049508487,"9.3":2.01081724628,"10-10.1":10.6896073071},"android":{"2.1":0,"2.2":0,"2.3":0.000508631737655,"3":0,"4":0.00440814172635,"4.1":0.0139873727855,"4.2-4.3":0.039927591406,"4.4":0.0940968714663,"4.4.3-4.4.4":0.0719713908783,"53":null},"op_mob":{"10":0,"11":0,"11.1":0,"11.5":0,"12":0,"12.1":6.46237454712e-5,"0":0.00232645483696},"ie":{"5.5":null,"6":null,"7":null,"8":0.147269,"9":0.488313,"10":0.271285,"11":8.634614},"edge":{"12":0.054257,"13":0.263534,"14":2.193533},"bb":{"7":0.01180725,"10":null},"ie_mob":{"10":0.024936912,"11":0.116750088},"and_ff":{"0":0.11245},"samsung":{"0":2.334462},"and_uc":{"0":0.042731},"op_mini":{"0":0.0313439214176},"and_chr":{"0":5.936436}},"total":98.96196825}