{"id":"MD","name":"Moldova","month":"2016-11","access_date":"2016-12-03","data":{"firefox":{"2":0.20665,"3":0.53729,"3.5":0.975388,"3.6":2.843504,"4":0.132256,"5":0.074394,"6":0.033064,"7":0.024798,"8":0.024798,"9":0.04133,"10":0.066128,"11":0.099192,"12":0.057862,"13":0.049596,"14":0.090926,"15":0.099192,"16":0.04133,"17":0.074394,"18":0.016532,"19":0.12399,"20":0.12399,"21":0.08266,"22":0.033064,"23":0.057862,"24":0.074394,"25":0.074394,"26":0.033064,"27":0.016532,"28":0.049596,"29":0.016532,"30":0.016532,"31":0.066128,"32":0.090926,"33":0.057862,"34":0.066128,"35":0.140522,"36":0.132256,"37":0.04133,"38":0.08266,"39":0.04133,"40":0.024798,"41":null,"42":0.016532,"43":0.12399,"44":0.024798,"45":0.099192,"46":0.08266,"47":0.363704,"48":0.198384,"49":2.306214,"50":1.496146,"51":0.008266,"52":null,"53":null},"chrome":{"4":0.231448,"5":0.090926,"6":0.115724,"7":0.16532,"8":0.049596,"9":0.090926,"10":0.08266,"11":0.132256,"12":0.20665,"13":0.090926,"14":0.223182,"15":0.214916,"16":0.239714,"17":0.264512,"18":0.297576,"19":0.24798,"20":0.297576,"21":0.380236,"22":0.297576,"23":0.281044,"24":0.37197,"25":0.256246,"26":0.214916,"27":0.264512,"28":0.140522,"29":0.099192,"30":0.033064,"31":0.04133,"32":0.057862,"33":0.090926,"34":0.107458,"35":0.24798,"36":0.08266,"37":0.066128,"38":0.148788,"39":0.305842,"40":0.37197,"41":0.239714,"42":0.256246,"43":0.256246,"44":0.049596,"45":0.074394,"46":0.066128,"47":0.16532,"48":0.264512,"49":2.52113,"50":0.231448,"51":0.884462,"52":0.429832,"53":0.917526,"54":33.824472,"55":0.12399,"56":0.115724,"57":null},"opera":{"9":null,"9.5-9.6":null,"10.0-10.1":0.157054,"10.5":0.239714,"10.6":0.438098,"11":0.132256,"11.1":0.148788,"11.5":0.231448,"11.6":0.793536,"12":1.173772,"12.1":2.595524,"15":0.04133,"16":0.049596,"17":0.074394,"18":0.074394,"19":0.049596,"20":0.12399,"21":0.08266,"22":0.04133,"23":0.04133,"24":0.066128,"25":0.057862,"26":0.107458,"27":0.562088,"28":0.04133,"29":0.024798,"30":null,"31":null,"32":0.008266,"33":null,"34":0.008266,"35":0.008266,"36":0.115724,"37":0.024798,"38":0.140522,"39":0.016532,"40":0.057862,"41":1.702796,"42":0.016532,"43":null},"safari":{"3.1":0.049596,"3.2":0.04133,"4":0.388502,"5":0.653014,"5.1":0.4133,"6":0.12399,"6.1":0.033064,"7":0.057862,"7.1":null,"8":0.057862,"9":0.016532,"9.1":0.173586,"10":0.49596,"0":null},"ios_saf":{"3.2":0,"4.0-4.1":0,"4.2-4.3":0,"5.0-5.1":0,"6.0-6.1":0,"7.0-7.1":0.0558910290534,"8":0,"8.1-8.4":0.072192579194,"9.0-9.2":0.0556322742893,"9.3":0.364326707904,"10-10.1":1.93677940956},"android":{"2.1":0,"2.2":0,"2.3":0.0032980640784,"3":0,"4":0.0285832220128,"4.1":0.090696762156,"4.2-4.3":0.258898030155,"4.4":0.610141854504,"4.4.3-4.4.4":0.466676067094,"53":null},"op_mob":{"10":0,"11":0,"11.1":0,"11.5":0,"12":0,"12.1":0.00111276974972,"0":0.0400597109899},"ie":{"5.5":null,"6":0.0179225420561,"7":0.0268838130841,"8":1.04846871028,"9":0.474947364486,"10":0.743785495327,"11":1.52341607477},"edge":{"12":0.024798,"13":0.132256,"14":0.388502},"bb":{"7":0.00867,"10":null},"ie_mob":{"10":0.100405536,"11":0.470080464},"and_ff":{"0":0.00867},"samsung":{"0":1.03173},"and_uc":{"0":0.20808},"op_mini":{"0":0.53971751926},"and_chr":{"0":11.608208}},"total":93.271376}