{"id":"ME","name":"Montenegro","month":"2016-11","access_date":"2016-12-03","data":{"firefox":{"2":null,"3":null,"3.5":0.011498,"3.6":0.040243,"4":0.011498,"5":null,"6":null,"7":null,"8":null,"9":null,"10":0.011498,"11":null,"12":0.022996,"13":0.005749,"14":0.028745,"15":null,"16":null,"17":null,"18":0.017247,"19":null,"20":null,"21":0.011498,"22":0.011498,"23":0.005749,"24":null,"25":0.005749,"26":null,"27":null,"28":null,"29":0.011498,"30":null,"31":0.017247,"32":null,"33":0.005749,"34":0.022996,"35":0.017247,"36":0.022996,"37":0.028745,"38":0.034494,"39":0.034494,"40":0.028745,"41":0.011498,"42":0.028745,"43":0.120729,"44":0.028745,"45":0.080486,"46":0.05749,"47":0.362187,"48":0.166721,"49":4.300252,"50":2.851504,"51":0.17247,"52":0.011498,"53":null},"chrome":{"4":null,"5":null,"6":0.017247,"7":0.011498,"8":0.028745,"9":null,"10":0.05749,"11":0.034494,"12":0.011498,"13":null,"14":0.011498,"15":null,"16":0.005749,"17":null,"18":0.068988,"19":null,"20":0.05749,"21":null,"22":0.080486,"23":0.005749,"24":0.028745,"25":0.011498,"26":0.074737,"27":0.011498,"28":null,"29":0.005749,"30":0.034494,"31":0.160972,"32":0.022996,"33":0.028745,"34":0.063239,"35":0.011498,"36":0.028745,"37":0.022996,"38":0.05749,"39":0.097733,"40":0.149474,"41":0.017247,"42":0.028745,"43":0.109231,"44":0.05749,"45":0.040243,"46":0.040243,"47":0.166721,"48":0.086235,"49":3.846081,"50":0.103482,"51":0.442673,"52":0.212713,"53":0.51741,"54":33.63165,"55":0.132227,"56":0.143725,"57":null},"opera":{"9":null,"9.5-9.6":null,"10.0-10.1":0,"10.5":null,"10.6":null,"11":null,"11.1":null,"11.5":null,"11.6":0.005749,"12":0.011498,"12.1":0.132227,"15":null,"16":null,"17":0.017247,"18":null,"19":null,"20":null,"21":null,"22":null,"23":null,"24":null,"25":null,"26":null,"27":0.011498,"28":0.034494,"29":0.005749,"30":0.005749,"31":null,"32":null,"33":null,"34":0.005749,"35":0.005749,"36":0.103482,"37":0.034494,"38":0.034494,"39":0.011498,"40":0.028745,"41":1.402756,"42":null,"43":null},"safari":{"3.1":null,"3.2":null,"4":0,"5":0.017247,"5.1":0.034494,"6":null,"6.1":0.017247,"7":0.005749,"7.1":null,"8":0.017247,"9":0.045992,"9.1":0.149474,"10":0.264454,"0":null},"ios_saf":{"3.2":0,"4.0-4.1":0,"4.2-4.3":0,"5.0-5.1":0,"6.0-6.1":0,"7.0-7.1":0.135107696345,"8":0,"8.1-8.4":0.174514107779,"9.0-9.2":0.134482197751,"9.3":0.880702020619,"10-10.1":4.68185697751},"android":{"2.1":0,"2.2":0,"2.3":0.00912370674708,"3":0,"4":0.0790721251413,"4.1":0.250901935545,"4.2-4.3":0.716210979646,"4.4":1.68788574821,"4.4.3-4.4.4":1.29100450471,"53":null},"op_mob":{"10":0,"11":0,"11.1":0,"11.5":0,"12":0,"12.1":0.00271987523425,"0":0.0979155084329},"ie":{"5.5":null,"6":0.0116430851735,"7":0.00582154258675,"8":0.349292555205,"9":0.122252394322,"10":0.0873231388013,"11":1.26909628391},"edge":{"12":0.034494,"13":0.11498,"14":0.396681},"bb":{"7":0.0106275,"10":null},"ie_mob":{"10":0.081551184,"11":0.381807816},"and_ff":{"0":0.017004},"samsung":{"0":4.093713},"and_uc":{"0":0.119028},"op_mini":{"0":1.31919861633},"and_chr":{"0":28.324262}},"total":98.6615165}