{"id":"MG","name":"Madagascar","month":"2016-11","access_date":"2016-12-03","data":{"firefox":{"2":0.01631,"3":0.176148,"3.5":0.006524,"3.6":0.039144,"4":0.019572,"5":0.009786,"6":0.006524,"7":null,"8":0.009786,"9":0.009786,"10":0.009786,"11":0.006524,"12":0.03262,"13":0.013048,"14":0.013048,"15":0.026096,"16":0.022834,"17":0.013048,"18":0.013048,"19":0.03262,"20":0.03262,"21":0.019572,"22":0.042406,"23":0.01631,"24":0.013048,"25":0.01631,"26":0.019572,"27":0.061978,"28":0.029358,"29":0.035882,"30":0.08155,"31":0.120694,"32":0.09786,"33":0.042406,"34":0.042406,"35":0.137004,"36":0.061978,"37":0.104384,"38":0.14679,"39":0.133742,"40":0.172886,"41":0.156576,"42":0.120694,"43":0.632828,"44":0.21203,"45":0.1631,"46":0.120694,"47":0.94598,"48":0.45668,"49":5.271392,"50":2.850988,"51":0.075026,"52":0.013048,"53":null},"chrome":{"4":0.009786,"5":0.006524,"6":0.006524,"7":null,"8":null,"9":null,"10":0.003262,"11":0.035882,"12":0.003262,"13":null,"14":null,"15":null,"16":0.013048,"17":0.009786,"18":0.003262,"19":null,"20":null,"21":null,"22":0.003262,"23":null,"24":null,"25":0.006524,"26":0.006524,"27":0.022834,"28":0.003262,"29":0.006524,"30":0.009786,"31":0.013048,"32":0.006524,"33":0.006524,"34":0.009786,"35":0.013048,"36":0.006524,"37":0.003262,"38":0.029358,"39":0.009786,"40":0.013048,"41":0.009786,"42":0.006524,"43":0.104384,"44":0.019572,"45":0.029358,"46":0.01631,"47":0.208768,"48":0.04893,"49":1.210202,"50":0.08155,"51":0.1631,"52":0.133742,"53":0.247912,"54":12.480412,"55":0.035882,"56":0.03262,"57":null},"opera":{"9":null,"9.5-9.6":null,"10.0-10.1":0.026096,"10.5":null,"10.6":null,"11":0.003262,"11.1":null,"11.5":null,"11.6":0.009786,"12":0.003262,"12.1":0.026096,"15":0.003262,"16":null,"17":null,"18":null,"19":null,"20":0.006524,"21":0.003262,"22":0.003262,"23":null,"24":null,"25":null,"26":null,"27":null,"28":0.006524,"29":0.006524,"30":0.009786,"31":null,"32":null,"33":0.006524,"34":0.006524,"35":0.01631,"36":0.078288,"37":0.052192,"38":0.006524,"39":0.009786,"40":0.04893,"41":0.942718,"42":null,"43":null},"safari":{"3.1":null,"3.2":null,"4":0,"5":0.013048,"5.1":0.055454,"6":0.006524,"6.1":0.013048,"7":0.009786,"7.1":null,"8":0.084812,"9":0.039144,"9.1":0.11417,"10":0.35882,"0":null},"ios_saf":{"3.2":0,"4.0-4.1":0,"4.2-4.3":0,"5.0-5.1":0,"6.0-6.1":0,"7.0-7.1":0.0171260131209,"8":0,"8.1-8.4":0.0221211002812,"9.0-9.2":0.0170467260231,"9.3":0.111636233677,"10-10.1":0.593463926898},"android":{"2.1":0,"2.2":0,"2.3":0.0119013448926,"3":0,"4":0.103144989069,"4.1":0.327286984546,"4.2-4.3":0.934255574067,"4.4":2.20174880513,"4.4.3-4.4.4":1.6840403023,"53":null},"op_mob":{"10":0,"11":0,"11.1":0,"11.5":0,"12":0,"12.1":0.0818077884479,"0":2.94508038413},"ie":{"5.5":null,"6":0.00659091282051,"7":0.0230681948718,"8":0.115340974359,"9":0.0428409333333,"10":0.0329545641026,"11":0.421818420513},"edge":{"12":0.061978,"13":0.417536,"14":0.159838},"bb":{"7":0.0656955,"10":null},"ie_mob":{"10":0.096056928,"11":0.449721072},"and_ff":{"0":0.451446},"samsung":{"0":0.525564},"and_uc":{"0":8.766138},"op_mini":{"0":39.6785558274},"and_chr":{"0":5.581672}},"total":95.9317795}