{"id":"MH","name":"Marshall Islands","month":"2016-11","access_date":"2016-12-03","data":{"firefox":{"2":null,"3":null,"3.5":null,"3.6":0.034278,"4":null,"5":0.005713,"6":0.005713,"7":null,"8":0.005713,"9":null,"10":null,"11":null,"12":null,"13":null,"14":0.011426,"15":null,"16":null,"17":null,"18":0.005713,"19":null,"20":0.028565,"21":0.045704,"22":0.011426,"23":0.022852,"24":0.011426,"25":null,"26":null,"27":null,"28":0.017139,"29":0.017139,"30":null,"31":0.005713,"32":null,"33":null,"34":null,"35":null,"36":0.017139,"37":0.05713,"38":0.011426,"39":0.017139,"40":0.045704,"41":0.102834,"42":0.011426,"43":0.034278,"44":0.05713,"45":0.022852,"46":0.017139,"47":0.079982,"48":0.068556,"49":2.713675,"50":1.336842,"51":0.068556,"52":null,"53":null},"chrome":{"4":null,"5":null,"6":null,"7":null,"8":null,"9":null,"10":null,"11":0.005713,"12":null,"13":null,"14":null,"15":null,"16":null,"17":null,"18":0.028565,"19":null,"20":null,"21":null,"22":null,"23":null,"24":null,"25":null,"26":null,"27":0.017139,"28":0.017139,"29":0.011426,"30":null,"31":0.022852,"32":0.017139,"33":null,"34":0.028565,"35":0.017139,"36":null,"37":0.022852,"38":0.005713,"39":0.034278,"40":null,"41":0.125686,"42":null,"43":0.102834,"44":null,"45":0.011426,"46":0.11426,"47":0.039991,"48":0.028565,"49":1.31399,"50":0.017139,"51":0.451327,"52":0.308502,"53":0.97121,"54":35.13495,"55":0.405623,"56":0.034278,"57":null},"opera":{"9":null,"9.5-9.6":null,"10.0-10.1":0,"10.5":null,"10.6":null,"11":null,"11.1":null,"11.5":null,"11.6":null,"12":0.017139,"12.1":0.017139,"15":null,"16":null,"17":null,"18":null,"19":null,"20":null,"21":null,"22":null,"23":null,"24":null,"25":null,"26":null,"27":null,"28":0.11426,"29":0.017139,"30":null,"31":null,"32":null,"33":null,"34":0.017139,"35":null,"36":0.017139,"37":0.011426,"38":0.017139,"39":null,"40":null,"41":2.827935,"42":null,"43":null},"safari":{"3.1":null,"3.2":null,"4":0,"5":0.085695,"5.1":0.137112,"6":null,"6.1":0.028565,"7":0.028565,"7.1":0.05713,"8":0.045704,"9":0.251372,"9.1":0.485605,"10":1.691048,"0":null},"ios_saf":{"3.2":0,"4.0-4.1":0,"4.2-4.3":0,"5.0-5.1":0,"6.0-6.1":0,"7.0-7.1":0.317438890347,"8":0,"8.1-8.4":0.410025233365,"9.0-9.2":0.315969265854,"9.3":2.06923128522,"10-10.1":11.0001393252},"android":{"2.1":0,"2.2":0,"2.3":0.0101899065209,"3":0,"4":0.0883125231813,"4.1":0.280222429325,"4.2-4.3":0.799907661892,"4.4":1.88513270637,"4.4.3-4.4.4":1.44187177271,"53":null},"op_mob":{"10":0,"11":0,"11.1":0,"11.5":0,"12":0,"12.1":0.000969051597052,"0":0.0348858574939},"ie":{"5.5":null,"6":null,"7":null,"8":0.045704,"9":0.091408,"10":0.125686,"11":1.342555},"edge":{"12":0.79982,"13":1.251147,"14":1.342555},"bb":{"7":0.02250675,"10":null},"ie_mob":{"10":0.119212896,"11":0.558133104},"and_ff":{"0":0.111462},"samsung":{"0":1.260378},"and_uc":{"0":1.418997},"op_mini":{"0":0.470011090909},"and_chr":{"0":21.314298}},"total":98.97404975}