{"id":"MK","name":"Macedonia","month":"2016-11","access_date":"2016-12-03","data":{"firefox":{"2":0.020514,"3":0.013676,"3.5":null,"3.6":0.123084,"4":null,"5":null,"6":null,"7":null,"8":null,"9":null,"10":null,"11":null,"12":0.006838,"13":0.082056,"14":0.006838,"15":0.006838,"16":0.006838,"17":0.116246,"18":0.013676,"19":null,"20":0.006838,"21":0.006838,"22":null,"23":0.006838,"24":0.013676,"25":null,"26":0.013676,"27":null,"28":null,"29":0.041028,"30":0.020514,"31":0.03419,"32":null,"33":null,"34":0.013676,"35":0.013676,"36":0.006838,"37":0.047866,"38":0.10257,"39":0.027352,"40":0.020514,"41":0.047866,"42":0.027352,"43":0.13676,"44":0.047866,"45":0.10257,"46":0.082056,"47":0.588068,"48":0.335062,"49":5.374668,"50":3.364296,"51":0.047866,"52":null,"53":null},"chrome":{"4":null,"5":null,"6":null,"7":null,"8":null,"9":null,"10":null,"11":0.027352,"12":null,"13":null,"14":null,"15":null,"16":null,"17":null,"18":0.013676,"19":null,"20":null,"21":null,"22":0.061542,"23":null,"24":null,"25":null,"26":0.03419,"27":0.006838,"28":null,"29":0.020514,"30":0.013676,"31":0.020514,"32":0.020514,"33":0.027352,"34":0.06838,"35":0.027352,"36":0.061542,"37":0.03419,"38":0.06838,"39":0.054704,"40":0.03419,"41":0.013676,"42":0.041028,"43":0.294034,"44":0.06838,"45":0.013676,"46":0.027352,"47":0.232492,"48":0.143598,"49":4.526756,"50":0.116246,"51":1.046214,"52":0.936806,"53":0.99151,"54":40.063842,"55":0.27352,"56":0.109408,"57":0.013676},"opera":{"9":null,"9.5-9.6":null,"10.0-10.1":0,"10.5":null,"10.6":null,"11":null,"11.1":null,"11.5":null,"11.6":null,"12":null,"12.1":0.054704,"15":null,"16":null,"17":null,"18":null,"19":0.095732,"20":null,"21":null,"22":null,"23":null,"24":null,"25":null,"26":null,"27":null,"28":0.013676,"29":null,"30":0.020514,"31":0.013676,"32":null,"33":null,"34":0.013676,"35":null,"36":0.211978,"37":0.013676,"38":0.088894,"39":0.013676,"40":0.020514,"41":0.970996,"42":0.006838,"43":null},"safari":{"3.1":null,"3.2":null,"4":0,"5":null,"5.1":0.027352,"6":null,"6.1":0.013676,"7":0.006838,"7.1":null,"8":0.020514,"9":0.027352,"9.1":0.075218,"10":0.246168,"0":null},"ios_saf":{"3.2":0,"4.0-4.1":0,"4.2-4.3":0,"5.0-5.1":0,"6.0-6.1":0,"7.0-7.1":0.110880404873,"8":0,"8.1-8.4":0.143220522962,"9.0-9.2":0.110367069666,"9.3":0.722775972509,"10-10.1":3.84231402999},"android":{"2.1":0,"2.2":0,"2.3":0.00627155823596,"3":0,"4":0.0543535047116,"4.1":0.172467851489,"4.2-4.3":0.492317321523,"4.4":1.16023827365,"4.4.3-4.4.4":0.887425490388,"53":null},"op_mob":{"10":0,"11":0,"11.1":0,"11.5":0,"12":0,"12.1":0.000557264148586,"0":0.0200615093491},"ie":{"5.5":null,"6":0.00709899236641,"7":0.0141979847328,"8":0.404642564885,"9":0.120682870229,"10":0.0922869007634,"11":1.22102668702},"edge":{"12":0.027352,"13":0.13676,"14":0.58123},"bb":{"7":0.0118575,"10":null},"ie_mob":{"10":0.08625936,"11":0.40385064},"and_ff":{"0":0.006324},"samsung":{"0":1.868742},"and_uc":{"0":0.113832},"op_mini":{"0":0.270285226502},"and_chr":{"0":22.785896}},"total":98.2654875}