{"id":"ML","name":"Mali","month":"2016-11","access_date":"2016-12-03","data":{"firefox":{"2":null,"3":0.650724,"3.5":0.004626,"3.6":0.005397,"4":0.003084,"5":0.003855,"6":null,"7":0.003084,"8":0.005397,"9":0.001542,"10":0.004626,"11":0.009252,"12":0.016191,"13":0.006168,"14":0.00771,"15":0.004626,"16":0.013107,"17":0.011565,"18":0.005397,"19":0.003855,"20":0.00771,"21":0.010794,"22":0.010023,"23":0.003855,"24":0.003084,"25":0.006168,"26":0.002313,"27":0.001542,"28":0.017733,"29":0.004626,"30":0.076329,"31":0.053199,"32":0.003855,"33":0.013107,"34":0.016962,"35":0.006939,"36":0.006168,"37":0.013107,"38":0.037008,"39":0.03855,"40":0.013878,"41":0.009252,"42":0.012336,"43":0.121047,"44":0.023901,"45":0.023901,"46":0.02313,"47":0.170391,"48":0.095604,"49":0.953727,"50":0.474165,"51":0.010023,"52":null,"53":null},"chrome":{"4":null,"5":0.000771,"6":0.001542,"7":null,"8":0.001542,"9":0.001542,"10":null,"11":0.047802,"12":0.001542,"13":null,"14":0.001542,"15":null,"16":0.003084,"17":0.001542,"18":0.004626,"19":0.002313,"20":0.001542,"21":null,"22":0.016191,"23":0.001542,"24":0.002313,"25":0.016962,"26":0.002313,"27":0.003855,"28":0.002313,"29":0.011565,"30":0.003084,"31":0.00771,"32":0.001542,"33":0.003855,"34":0.013107,"35":0.000771,"36":0.001542,"37":null,"38":0.00771,"39":0.00771,"40":0.00771,"41":null,"42":null,"43":0.040863,"44":0.003084,"45":0.013878,"46":0.001542,"47":0.010023,"48":0.003855,"49":0.168849,"50":0.010023,"51":0.031611,"52":0.024672,"53":0.075558,"54":1.899744,"55":0.005397,"56":0.002313,"57":null},"opera":{"9":null,"9.5-9.6":null,"10.0-10.1":0.005397,"10.5":null,"10.6":null,"11":null,"11.1":null,"11.5":null,"11.6":0.003084,"12":null,"12.1":0.020817,"15":null,"16":null,"17":0.000771,"18":null,"19":null,"20":null,"21":null,"22":null,"23":null,"24":null,"25":null,"26":0.000771,"27":null,"28":null,"29":0.003084,"30":null,"31":null,"32":0.003855,"33":null,"34":0.002313,"35":0.011565,"36":0.005397,"37":0.01542,"38":0.003855,"39":0.005397,"40":0.005397,"41":0.075558,"42":null,"43":null},"safari":{"3.1":null,"3.2":null,"4":0.001542,"5":0.003855,"5.1":0.009252,"6":0.00771,"6.1":0.004626,"7":0.020817,"7.1":0.002313,"8":0.080955,"9":0.011565,"9.1":0.03855,"10":0.093291,"0":null},"ios_saf":{"3.2":0,"4.0-4.1":0,"4.2-4.3":0,"5.0-5.1":0,"6.0-6.1":0,"7.0-7.1":0.0188925210872,"8":0,"8.1-8.4":0.0244028397376,"9.0-9.2":0.0188050557118,"9.3":0.123151248568,"10-10.1":0.654678334895},"android":{"2.1":0,"2.2":0,"2.3":0.0134222917452,"3":0,"4":0.116326528458,"4.1":0.369113022993,"4.2-4.3":1.053649902,"4.4":2.48312397286,"4.4.3-4.4.4":1.89925428194,"53":null},"op_mob":{"10":0,"11":0,"11.1":0,"11.5":0,"12":0,"12.1":0.024629989589,"0":0.886679625203},"ie":{"5.5":null,"6":0.00387947619048,"7":0.00698305714286,"8":0.116384285714,"9":0.0225009619048,"10":0.0643993047619,"11":0.515970333333},"edge":{"12":0.027756,"13":0.035466,"14":0.060138},"bb":{"7":0.0069225,"10":null},"ie_mob":{"10":0.09584432,"11":0.44872568},"and_ff":{"0":0.26767},"samsung":{"0":2.24289},"and_uc":{"0":52.37102},"op_mini":{"0":11.9460803852},"and_chr":{"0":15.944393}},"total":97.797539919}