{"id":"MM","name":"Myanmar","month":"2016-11","access_date":"2016-12-03","data":{"firefox":{"2":0.031785,"3":0.006357,"3.5":0.004238,"3.6":0.029666,"4":0.019071,"5":0.014833,"6":0.006357,"7":0.004238,"8":0.008476,"9":0.012714,"10":0.012714,"11":0.036023,"12":0.059332,"13":0.023309,"14":0.016952,"15":0.012714,"16":0.02119,"17":0.006357,"18":0.016952,"19":0.038142,"20":0.014833,"21":0.033904,"22":0.019071,"23":0.04238,"24":0.023309,"25":0.027547,"26":0.067808,"27":0.031785,"28":0.008476,"29":0.108069,"30":0.135616,"31":0.052975,"32":0.033904,"33":0.048737,"34":0.057213,"35":0.095355,"36":0.125021,"37":0.116545,"38":0.112307,"39":0.161044,"40":0.110188,"41":0.135616,"42":0.112307,"43":0.421681,"44":0.506441,"45":0.139854,"46":0.156806,"47":0.735293,"48":0.525512,"49":3.439137,"50":2.400827,"51":0.504322,"52":0.004238,"53":0.002119},"chrome":{"4":null,"5":null,"6":0.008476,"7":null,"8":null,"9":0.004238,"10":null,"11":0.044499,"12":0.004238,"13":null,"14":0.002119,"15":null,"16":null,"17":0.004238,"18":0.008476,"19":null,"20":0.006357,"21":null,"22":0.006357,"23":0.002119,"24":0.006357,"25":0.019071,"26":0.004238,"27":null,"28":0.008476,"29":0.02119,"30":0.006357,"31":0.108069,"32":0.038142,"33":0.02119,"34":0.006357,"35":0.010595,"36":0.004238,"37":0.002119,"38":0.027547,"39":0.012714,"40":0.006357,"41":0.002119,"42":0.008476,"43":0.072046,"44":0.012714,"45":0.031785,"46":0.025428,"47":0.029666,"48":0.025428,"49":0.103831,"50":0.04238,"51":0.078403,"52":0.082641,"53":0.25428,"54":5.907772,"55":0.036023,"56":0.091117,"57":null},"opera":{"9":null,"9.5-9.6":null,"10.0-10.1":0,"10.5":null,"10.6":null,"11":null,"11.1":null,"11.5":null,"11.6":null,"12":null,"12.1":null,"15":null,"16":null,"17":null,"18":null,"19":null,"20":null,"21":null,"22":null,"23":null,"24":null,"25":null,"26":null,"27":null,"28":0.004238,"29":null,"30":null,"31":null,"32":null,"33":null,"34":0.006357,"35":null,"36":0.002119,"37":0.025428,"38":null,"39":null,"40":0.004238,"41":0.139854,"42":null,"43":null},"safari":{"3.1":null,"3.2":null,"4":0,"5":0.02119,"5.1":0.010595,"6":0.002119,"6.1":0.006357,"7":0.006357,"7.1":null,"8":0.069927,"9":0.101712,"9.1":0.141973,"10":0.355992,"0":null},"ios_saf":{"3.2":0,"4.0-4.1":0,"4.2-4.3":0,"5.0-5.1":0,"6.0-6.1":0,"7.0-7.1":0.0964333045923,"8":0,"8.1-8.4":0.124559685098,"9.0-9.2":0.0959868541081,"9.3":0.628602281787,"10-10.1":3.34168187441},"android":{"2.1":0,"2.2":0,"2.3":0.0450402269129,"3":0,"4":0.390348633245,"4.1":1.23860624011,"4.2-4.3":3.53565781266,"4.4":8.33244197889,"4.4.3-4.4.4":6.37319210818,"53":null},"op_mob":{"10":0,"11":0,"11.1":0,"11.5":0,"12":0,"12.1":0.00878649614792,"0":0.316313861325},"ie":{"5.5":null,"6":0.00214317110266,"7":null,"8":0.0964426996198,"9":0.0300043954373,"10":0.0364339087452,"11":0.398629825095},"edge":{"12":0.04238,"13":0.040261,"14":0.108069},"bb":{"7":0.00197025,"10":null},"ie_mob":{"10":0.00693528,"11":0.03246972},"and_ff":{"0":0.252192},"samsung":{"0":3.672546},"and_uc":{"0":5.59551},"op_mini":{"0":4.26164164253},"and_chr":{"0":41.174124}},"total":99.26776325}