{"id":"MN","name":"Mongolia","month":"2016-11","access_date":"2016-12-03","data":{"firefox":{"2":null,"3":0.006717,"3.5":0.033585,"3.6":0.087321,"4":0.020151,"5":null,"6":null,"7":null,"8":0.006717,"9":0.006717,"10":0.006717,"11":0.033585,"12":0.026868,"13":null,"14":0.013434,"15":0.013434,"16":0.033585,"17":0.013434,"18":0.013434,"19":null,"20":0.006717,"21":0.040302,"22":0.006717,"23":0.013434,"24":0.026868,"25":0.013434,"26":0.020151,"27":0.026868,"28":0.013434,"29":0.033585,"30":0.040302,"31":0.013434,"32":0.013434,"33":0.020151,"34":0.020151,"35":0.020151,"36":0.013434,"37":0.053736,"38":0.167925,"39":0.040302,"40":0.026868,"41":0.047019,"42":0.114189,"43":0.255246,"44":0.214944,"45":0.208227,"46":0.127623,"47":0.624681,"48":0.376152,"49":5.729601,"50":3.62718,"51":0.235095,"52":null,"53":null},"chrome":{"4":null,"5":null,"6":null,"7":null,"8":null,"9":null,"10":null,"11":0.040302,"12":0.026868,"13":0.013434,"14":null,"15":null,"16":null,"17":null,"18":0.040302,"19":0.013434,"20":null,"21":null,"22":0.047019,"23":0.087321,"24":0.013434,"25":0.053736,"26":0.033585,"27":0.060453,"28":0.033585,"29":0.020151,"30":0.094038,"31":0.026868,"32":0.033585,"33":0.094038,"34":0.033585,"35":0.026868,"36":0.040302,"37":0.013434,"38":0.040302,"39":0.020151,"40":0.026868,"41":0.073887,"42":0.033585,"43":0.221661,"44":0.053736,"45":0.114189,"46":0.080604,"47":0.141057,"48":0.053736,"49":1.390419,"50":0.147774,"51":1.081437,"52":0.725436,"53":1.014267,"54":40.77219,"55":0.228378,"56":0.248529,"57":null},"opera":{"9":null,"9.5-9.6":null,"10.0-10.1":0,"10.5":null,"10.6":null,"11":null,"11.1":null,"11.5":null,"11.6":0.006717,"12":0.020151,"12.1":0.020151,"15":null,"16":null,"17":null,"18":null,"19":null,"20":null,"21":null,"22":null,"23":null,"24":null,"25":null,"26":null,"27":null,"28":0.053736,"29":null,"30":null,"31":null,"32":null,"33":null,"34":null,"35":0.020151,"36":0.033585,"37":null,"38":0.040302,"39":0.013434,"40":0.033585,"41":1.235928,"42":0.006717,"43":null},"safari":{"3.1":null,"3.2":null,"4":0.006717,"5":0.006717,"5.1":0.020151,"6":null,"6.1":null,"7":0.033585,"7.1":null,"8":0.033585,"9":0.073887,"9.1":0.282114,"10":0.644832,"0":null},"ios_saf":{"3.2":0,"4.0-4.1":0,"4.2-4.3":0,"5.0-5.1":0,"6.0-6.1":0,"7.0-7.1":0.151482601687,"8":0,"8.1-8.4":0.195665027179,"9.0-9.2":0.150781293346,"9.3":0.98744214433,"10-10.1":5.24929293346},"android":{"2.1":0,"2.2":0,"2.3":0.0255558070109,"3":0,"4":0.221483660761,"4.1":0.702784692801,"4.2-4.3":2.00613085036,"4.4":4.72782429702,"4.4.3-4.4.4":3.61614669205,"53":null},"op_mob":{"10":0,"11":0,"11.1":0,"11.5":0,"12":0,"12.1":0.000961925457044,"0":0.0346293164536},"ie":{"5.5":null,"6":null,"7":null,"8":0.428610309783,"9":0.0653812336957,"10":0.0726458152174,"11":0.770045641304},"edge":{"12":0.073887,"13":0.154491,"14":0.369435},"bb":{"7":0.024615,"10":null},"ie_mob":{"10":0.021372384,"11":0.100061616},"and_ff":{"0":0.04923},"samsung":{"0":3.492048},"and_uc":{"0":0.29538},"op_mini":{"0":0.466554758089},"and_chr":{"0":11.203737}},"total":98.065323}