{"id":"MO","name":"Macao","month":"2016-11","access_date":"2016-12-03","data":{"firefox":{"2":null,"3":0.011118,"3.5":null,"3.6":null,"4":null,"5":null,"6":null,"7":null,"8":null,"9":null,"10":null,"11":null,"12":null,"13":null,"14":null,"15":null,"16":null,"17":null,"18":null,"19":null,"20":null,"21":0.005559,"22":null,"23":null,"24":null,"25":null,"26":null,"27":null,"28":null,"29":null,"30":null,"31":0.016677,"32":0.011118,"33":null,"34":null,"35":0.005559,"36":null,"37":0.005559,"38":0.038913,"39":0.050031,"40":0.072267,"41":null,"42":0.005559,"43":0.05559,"44":0.011118,"45":0.05559,"46":0.050031,"47":0.572577,"48":0.183447,"49":2.679438,"50":0.789378,"51":0.011118,"52":null,"53":0.011118},"chrome":{"4":null,"5":null,"6":null,"7":null,"8":null,"9":null,"10":null,"11":0.050031,"12":0.011118,"13":null,"14":null,"15":null,"16":null,"17":null,"18":null,"19":0.011118,"20":null,"21":null,"22":0.027795,"23":null,"24":null,"25":0.033354,"26":0.011118,"27":0.005559,"28":0.011118,"29":0.005559,"30":0.044472,"31":0.038913,"32":0.016677,"33":0.011118,"34":0.016677,"35":0.016677,"36":0.061149,"37":0.022236,"38":0.061149,"39":0.088944,"40":0.077826,"41":0.033354,"42":0.266832,"43":0.150093,"44":0.11118,"45":1.273011,"46":0.083385,"47":0.172329,"48":0.122298,"49":1.656582,"50":0.528105,"51":1.028415,"52":1.417545,"53":1.734408,"54":26.18289,"55":0.133416,"56":0.044472,"57":null},"opera":{"9":null,"9.5-9.6":null,"10.0-10.1":0,"10.5":null,"10.6":null,"11":null,"11.1":null,"11.5":null,"11.6":null,"12":null,"12.1":0.038913,"15":null,"16":null,"17":null,"18":null,"19":null,"20":null,"21":null,"22":null,"23":null,"24":null,"25":null,"26":null,"27":null,"28":0.022236,"29":null,"30":null,"31":null,"32":null,"33":null,"34":null,"35":0.005559,"36":null,"37":0.022236,"38":0.044472,"39":null,"40":null,"41":0.144534,"42":null,"43":null},"safari":{"3.1":null,"3.2":null,"4":0,"5":0.022236,"5.1":0.116739,"6":0.077826,"6.1":0.061149,"7":0.100062,"7.1":0.005559,"8":0.411366,"9":0.27795,"9.1":1.228539,"10":1.728849,"0":null},"ios_saf":{"3.2":0,"4.0-4.1":0,"4.2-4.3":0,"5.0-5.1":0,"6.0-6.1":0,"7.0-7.1":0.555195756326,"8":0,"8.1-8.4":0.717127851921,"9.0-9.2":0.552625405602,"9.3":3.61905381901,"10-10.1":19.2390751671},"android":{"2.1":0,"2.2":0,"2.3":0.00346508480965,"3":0,"4":0.030030735017,"4.1":0.0952898322654,"4.2-4.3":0.272009157557,"4.4":0.641040689785,"4.4.3-4.4.4":0.490309500565,"53":null},"op_mob":{"10":0,"11":0,"11.1":0,"11.5":0,"12":0,"12.1":0.000323277724566,"0":0.0116379980844},"ie":{"5.5":null,"6":0.023027513245,"7":0.0115137566225,"8":0.633256614238,"9":0.604472222682,"10":0.529632804636,"11":5.14664921026},"edge":{"12":0.077826,"13":0.405807,"14":1.017297},"bb":{"7":0.008882,"10":null},"ie_mob":{"10":0.013287472,"11":0.062209528},"and_ff":{"0":0.079938},"samsung":{"0":3.797055},"and_uc":{"0":1.185747},"op_mini":{"0":0.156796724191},"and_chr":{"0":13.955761}},"total":98.4472561217}