{"id":"MP","name":"Northern Mariana Islands","month":"2016-11","access_date":"2016-12-03","data":{"firefox":{"2":null,"3":null,"3.5":null,"3.6":0.024236,"4":null,"5":null,"6":null,"7":null,"8":null,"9":null,"10":null,"11":null,"12":null,"13":null,"14":null,"15":null,"16":0.018177,"17":null,"18":0.012118,"19":null,"20":null,"21":null,"22":null,"23":null,"24":null,"25":null,"26":null,"27":null,"28":null,"29":null,"30":null,"31":null,"32":null,"33":null,"34":null,"35":null,"36":null,"37":null,"38":0.030295,"39":0.012118,"40":0.030295,"41":null,"42":0.042413,"43":0.06059,"44":0.024236,"45":0.024236,"46":null,"47":0.103003,"48":0.224183,"49":2.36301,"50":0.987617,"51":0.012118,"52":null,"53":null},"chrome":{"4":null,"5":null,"6":null,"7":null,"8":null,"9":null,"10":null,"11":null,"12":null,"13":null,"14":null,"15":null,"16":null,"17":null,"18":null,"19":null,"20":0.012118,"21":null,"22":0.018177,"23":null,"24":null,"25":null,"26":0.012118,"27":null,"28":null,"29":0.036354,"30":null,"31":0.290832,"32":0.006059,"33":null,"34":0.187829,"35":null,"36":0.030295,"37":0.030295,"38":0.012118,"39":0.066649,"40":0.012118,"41":0.006059,"42":0.018177,"43":0.042413,"44":0.054531,"45":0.290832,"46":0.006059,"47":0.012118,"48":0.036354,"49":2.290302,"50":0.575605,"51":0.133298,"52":0.478661,"53":1.466278,"54":37.529446,"55":0.066649,"56":0.127239,"57":null},"opera":{"9":null,"9.5-9.6":null,"10.0-10.1":0,"10.5":null,"10.6":null,"11":null,"11.1":null,"11.5":null,"11.6":null,"12":null,"12.1":null,"15":null,"16":null,"17":null,"18":null,"19":null,"20":null,"21":null,"22":null,"23":null,"24":null,"25":null,"26":null,"27":null,"28":null,"29":0.006059,"30":null,"31":null,"32":null,"33":0.012118,"34":null,"35":null,"36":null,"37":0.24236,"38":null,"39":null,"40":null,"41":0.163593,"42":null,"43":null},"safari":{"3.1":null,"3.2":null,"4":0.024236,"5":0.030295,"5.1":0.042413,"6":0.018177,"6.1":0.030295,"7":0.066649,"7.1":null,"8":0.193888,"9":0.115121,"9.1":0.387776,"10":0.981558,"0":null},"ios_saf":{"3.2":0,"4.0-4.1":0,"4.2-4.3":0,"5.0-5.1":0,"6.0-6.1":0,"7.0-7.1":0.20606278538,"8":0,"8.1-8.4":0.266164431115,"9.0-9.2":0.205108791003,"9.3":1.34322408247,"10-10.1":7.14064791003},"android":{"2.1":0,"2.2":0,"2.3":0.00546501168489,"3":0,"4":0.0473634346023,"4.1":0.150287821334,"4.2-4.3":0.429003417263,"4.4":1.0110271617,"4.4.3-4.4.4":0.773299153411,"53":null},"op_mob":{"10":0,"11":0,"11.1":0,"11.5":0,"12":0,"12.1":0.00108740299005,"0":0.0391465076417},"ie":{"5.5":null,"6":0.0733907042254,"7":0.0122317840376,"8":0.819529530516,"9":0.189592652582,"10":0.146781408451,"11":3.96921392019},"edge":{"12":0.072708,"13":0.48472,"14":1.93888},"bb":{"7":0.0049275,"10":null},"ie_mob":{"10":0.0173448,"11":0.0812052},"and_ff":{"0":0.03942},"samsung":{"0":6.315084},"and_uc":{"0":1.273266},"op_mini":{"0":0.527414089368},"and_chr":{"0":21.436377}},"total":99.1521405}