{"id":"MQ","name":"Martinique","month":"2016-11","access_date":"2016-12-03","data":{"firefox":{"2":null,"3":null,"3.5":null,"3.6":0.088102,"4":null,"5":null,"6":null,"7":null,"8":null,"9":null,"10":null,"11":null,"12":null,"13":null,"14":null,"15":null,"16":null,"17":null,"18":null,"19":null,"20":null,"21":null,"22":null,"23":null,"24":null,"25":null,"26":0.012586,"27":0.037758,"28":null,"29":null,"30":null,"31":null,"32":0.012586,"33":0.018879,"34":0.006293,"35":0.006293,"36":0.012586,"37":0.006293,"38":0.018879,"39":0.025172,"40":0.018879,"41":0.025172,"42":0.006293,"43":0.075516,"44":0.012586,"45":0.264306,"46":0.094395,"47":0.37758,"48":0.648179,"49":5.116209,"50":2.5172,"51":0.163618,"52":null,"53":null},"chrome":{"4":null,"5":null,"6":null,"7":null,"8":null,"9":null,"10":null,"11":0.031465,"12":null,"13":null,"14":null,"15":null,"16":null,"17":0.006293,"18":0.006293,"19":null,"20":null,"21":null,"22":0.006293,"23":null,"24":null,"25":null,"26":null,"27":null,"28":null,"29":0.006293,"30":null,"31":0.025172,"32":0.006293,"33":0.012586,"34":0.031465,"35":0.012586,"36":0.018879,"37":0.012586,"38":0.044051,"39":0.031465,"40":0.025172,"41":0.012586,"42":0.025172,"43":0.113274,"44":0.037758,"45":0.056637,"46":0.044051,"47":0.157325,"48":0.037758,"49":1.239721,"50":0.169911,"51":0.522319,"52":0.195083,"53":0.88102,"54":30.722426,"55":0.220255,"56":0.056637,"57":null},"opera":{"9":null,"9.5-9.6":null,"10.0-10.1":0,"10.5":null,"10.6":null,"11":null,"11.1":null,"11.5":null,"11.6":null,"12":null,"12.1":0.044051,"15":null,"16":null,"17":null,"18":null,"19":null,"20":null,"21":null,"22":null,"23":null,"24":null,"25":null,"26":null,"27":null,"28":null,"29":null,"30":null,"31":null,"32":null,"33":null,"34":null,"35":null,"36":0.012586,"37":0.006293,"38":0.12586,"39":null,"40":0.006293,"41":0.490854,"42":null,"43":null},"safari":{"3.1":null,"3.2":null,"4":0.018879,"5":0.081809,"5.1":0.276892,"6":0.012586,"6.1":0.169911,"7":0.025172,"7.1":0.012586,"8":0.195083,"9":0.264306,"9.1":1.566957,"10":2.353582,"0":null},"ios_saf":{"3.2":0,"4.0-4.1":0,"4.2-4.3":0,"5.0-5.1":0,"6.0-6.1":0,"7.0-7.1":0.126322886598,"8":0,"8.1-8.4":0.163167061856,"9.0-9.2":0.125738058419,"9.3":0.823438075601,"10-10.1":4.37743891753},"android":{"2.1":0,"2.2":0,"2.3":0.00472841613268,"3":0,"4":0.0409796064832,"4.1":0.130031443649,"4.2-4.3":0.371180666415,"4.4":0.874756984546,"4.4.3-4.4.4":0.669070882774,"53":null},"op_mob":{"10":0,"11":0,"11.1":0,"11.5":0,"12":0,"12.1":0.000958666972057,"0":0.034512010994},"ie":{"5.5":null,"6":null,"7":0.0126494055416,"8":0.139143460957,"9":0.15811756927,"10":0.15811756927,"11":4.55378599496},"edge":{"12":0.302064,"13":0.560077,"14":3.530373},"bb":{"7":0.007414,"10":null},"ie_mob":{"10":0.035231328,"11":0.164946672},"and_ff":{"0":0.014828},"samsung":{"0":4.759788},"and_uc":{"0":0.177936},"op_mini":{"0":0.464974322034},"and_chr":{"0":25.628204}},"total":98.407859}