{"id":"MR","name":"Mauritania","month":"2016-11","access_date":"2016-12-03","data":{"firefox":{"2":null,"3":0.03227,"3.5":0.016135,"3.6":0.022589,"4":0.016135,"5":0.003227,"6":0.012908,"7":0.003227,"8":null,"9":null,"10":0.012908,"11":0.016135,"12":0.100037,"13":0.035497,"14":0.029043,"15":0.009681,"16":0.061313,"17":0.035497,"18":0.009681,"19":null,"20":0.025816,"21":0.045178,"22":0.016135,"23":0.009681,"24":0.025816,"25":0.016135,"26":0.087129,"27":0.012908,"28":null,"29":0.06454,"30":0.019362,"31":0.012908,"32":0.141988,"33":0.022589,"34":0.058086,"35":0.029043,"36":0.041951,"37":0.054859,"38":0.035497,"39":0.029043,"40":0.025816,"41":0.080675,"42":0.558271,"43":0.338835,"44":0.100037,"45":0.093583,"46":0.077448,"47":0.555044,"48":0.209755,"49":3.372215,"50":1.629635,"51":0.035497,"52":null,"53":null},"chrome":{"4":0.006454,"5":0.048405,"6":0.019362,"7":0.038724,"8":0.012908,"9":0.074221,"10":0.003227,"11":0.112945,"12":0.074221,"13":0.035497,"14":0.048405,"15":0.006454,"16":0.045178,"17":0.109718,"18":0.019362,"19":0.029043,"20":0.009681,"21":0.009681,"22":0.038724,"23":0.029043,"24":0.003227,"25":0.048405,"26":0.054859,"27":0.025816,"28":0.048405,"29":0.009681,"30":0.016135,"31":0.138761,"32":0.006454,"33":0.112945,"34":0.025816,"35":0.012908,"36":0.012908,"37":0.003227,"38":0.038724,"39":0.003227,"40":0.035497,"41":0.025816,"42":0.158123,"43":0.61313,"44":0.06454,"45":0.135534,"46":0.054859,"47":0.154896,"48":0.045178,"49":1.294027,"50":0.12908,"51":0.496958,"52":0.222663,"53":0.464688,"54":13.614713,"55":0.025816,"56":0.006454,"57":null},"opera":{"9":null,"9.5-9.6":null,"10.0-10.1":0,"10.5":null,"10.6":null,"11":0.003227,"11.1":null,"11.5":null,"11.6":null,"12":null,"12.1":0.022589,"15":0.003227,"16":null,"17":null,"18":null,"19":null,"20":null,"21":null,"22":null,"23":null,"24":null,"25":null,"26":null,"27":null,"28":null,"29":null,"30":null,"31":null,"32":null,"33":null,"34":0.006454,"35":0.003227,"36":0.038724,"37":0.061313,"38":0.041951,"39":0.003227,"40":0.012908,"41":0.319473,"42":null,"43":null},"safari":{"3.1":null,"3.2":null,"4":0,"5":0.003227,"5.1":0.012908,"6":0.003227,"6.1":0.009681,"7":0.003227,"7.1":null,"8":0.022589,"9":0.025816,"9.1":0.051632,"10":0.180712,"0":null},"ios_saf":{"3.2":0,"4.0-4.1":0,"4.2-4.3":0,"5.0-5.1":0,"6.0-6.1":0,"7.0-7.1":0.0769228116214,"8":0,"8.1-8.4":0.0993586316776,"9.0-9.2":0.0765666874935,"9.3":0.50142277205,"10-10.1":2.66558909716},"android":{"2.1":0,"2.2":0,"2.3":0.0333571413494,"3":0,"4":0.289095225028,"4.1":0.917321387109,"4.2-4.3":2.61853559593,"4.4":6.17107114964,"4.4.3-4.4.4":4.72003550094,"53":null},"op_mob":{"10":0,"11":0,"11.1":0,"11.5":0,"12":0,"12.1":0.0250371948528,"0":0.9013390147},"ie":{"5.5":null,"6":0.00325211284047,"7":null,"8":0.243908463035,"9":0.0715464824903,"10":0.113823949416,"11":1.23905499222},"edge":{"12":0.038724,"13":0.135534,"14":0.203301},"bb":{"7":0.015237,"10":null},"ie_mob":{"10":0.05363424,"11":0.25110576},"and_ff":{"0":0.047404},"samsung":{"0":3.941304},"and_uc":{"0":2.939048},"op_mini":{"0":12.1435837904},"and_chr":{"0":30.31651}},"total":98.798444}