{"id":"MS","name":"Montserrat","month":"2016-11","access_date":"2016-12-03","data":{"firefox":{"2":null,"3":null,"3.5":null,"3.6":null,"4":null,"5":null,"6":null,"7":null,"8":null,"9":null,"10":null,"11":null,"12":null,"13":null,"14":null,"15":null,"16":null,"17":null,"18":null,"19":null,"20":null,"21":null,"22":null,"23":null,"24":null,"25":null,"26":null,"27":null,"28":null,"29":null,"30":null,"31":null,"32":null,"33":null,"34":null,"35":null,"36":null,"37":0.015386,"38":0.015386,"39":0.023079,"40":0.061544,"41":null,"42":null,"43":null,"44":null,"45":0.084623,"46":0.038465,"47":0.07693,"48":0.253869,"49":2.654085,"50":1.138564,"51":0.015386,"52":null,"53":null},"chrome":{"4":null,"5":null,"6":null,"7":null,"8":null,"9":null,"10":null,"11":null,"12":null,"13":null,"14":null,"15":null,"16":null,"17":null,"18":0.015386,"19":null,"20":null,"21":null,"22":0.030772,"23":null,"24":null,"25":null,"26":null,"27":null,"28":null,"29":null,"30":null,"31":null,"32":0.023079,"33":null,"34":null,"35":0.069237,"36":0.015386,"37":0.015386,"38":null,"39":0.015386,"40":0.015386,"41":0.023079,"42":null,"43":0.207711,"44":null,"45":null,"46":0.015386,"47":null,"48":null,"49":0.161553,"50":0.169246,"51":0.561589,"52":0.23079,"53":1.192415,"54":48.188952,"55":3.207981,"56":3.877272,"57":null},"opera":{"9":null,"9.5-9.6":null,"10.0-10.1":0,"10.5":null,"10.6":null,"11":null,"11.1":null,"11.5":null,"11.6":null,"12":null,"12.1":null,"15":null,"16":null,"17":null,"18":null,"19":null,"20":null,"21":null,"22":null,"23":null,"24":null,"25":null,"26":null,"27":null,"28":null,"29":null,"30":null,"31":0.038465,"32":null,"33":null,"34":null,"35":null,"36":null,"37":0.038465,"38":null,"39":null,"40":null,"41":2.315593,"42":null,"43":null},"safari":{"3.1":null,"3.2":null,"4":0,"5":null,"5.1":null,"6":null,"6.1":null,"7":0.015386,"7.1":null,"8":null,"9":0.015386,"9.1":0.869309,"10":1.530907,"0":null},"ios_saf":{"3.2":0,"4.0-4.1":0,"4.2-4.3":0,"5.0-5.1":0,"6.0-6.1":0,"7.0-7.1":0.0603234039363,"8":0,"8.1-8.4":0.0779177300843,"9.0-9.2":0.060044128918,"9.3":0.393219225659,"10-10.1":2.0903735114},"android":{"2.1":0,"2.2":0,"2.3":0.00406266264606,"3":0,"4":0.0352097429325,"4.1":0.111723222767,"4.2-4.3":0.318919017716,"4.4":0.751592589521,"4.4.3-4.4.4":0.574866764418,"53":null},"op_mob":{"10":0,"11":0,"11.1":0,"11.5":0,"12":0,"12.1":0.00269463873735,"0":0.0970069945446},"ie":{"5.5":null,"6":null,"7":null,"8":0.015386,"9":1.507828,"10":0.023079,"11":3.038735},"edge":{"12":0.07693,"13":0.684677,"14":2.469453},"bb":{"7":0.017295,"10":null},"ie_mob":{"10":0.05884912,"11":0.27552088},"and_ff":{"0":0.108382},"samsung":{"0":0.947766},"and_uc":{"0":0.40355},"op_mini":{"0":1.30695836672},"and_chr":{"0":16.51123}},"total":99.260413}