{"id":"MT","name":"Malta","month":"2016-11","access_date":"2016-12-03","data":{"firefox":{"2":null,"3":null,"3.5":null,"3.6":0.013746,"4":null,"5":null,"6":null,"7":null,"8":null,"9":null,"10":null,"11":null,"12":0.013746,"13":null,"14":null,"15":0.006873,"16":0.020619,"17":null,"18":null,"19":null,"20":0.006873,"21":null,"22":null,"23":null,"24":null,"25":null,"26":null,"27":null,"28":null,"29":0.006873,"30":0.006873,"31":null,"32":null,"33":0.013746,"34":null,"35":0.020619,"36":0.013746,"37":0.013746,"38":0.109968,"39":0.041238,"40":0.013746,"41":0.020619,"42":0.020619,"43":0.061857,"44":0.027492,"45":0.075603,"46":0.06873,"47":0.391761,"48":0.226809,"49":3.127215,"50":2.460534,"51":0.075603,"52":null,"53":null},"chrome":{"4":null,"5":null,"6":null,"7":null,"8":null,"9":null,"10":null,"11":0.013746,"12":null,"13":null,"14":null,"15":null,"16":null,"17":null,"18":0.006873,"19":null,"20":null,"21":null,"22":0.048111,"23":null,"24":null,"25":0.013746,"26":0.034365,"27":null,"28":null,"29":null,"30":null,"31":0.013746,"32":0.020619,"33":0.006873,"34":0.013746,"35":0.013746,"36":0.061857,"37":0.041238,"38":0.020619,"39":0.048111,"40":0.054984,"41":0.034365,"42":0.027492,"43":0.075603,"44":0.041238,"45":0.06873,"46":0.061857,"47":0.034365,"48":0.261174,"49":2.426169,"50":0.192444,"51":0.625443,"52":0.288666,"53":0.975966,"54":41.602269,"55":0.158079,"56":0.061857,"57":0.013746},"opera":{"9":null,"9.5-9.6":null,"10.0-10.1":0,"10.5":null,"10.6":null,"11":null,"11.1":null,"11.5":null,"11.6":null,"12":null,"12.1":0.027492,"15":null,"16":null,"17":null,"18":null,"19":null,"20":null,"21":null,"22":null,"23":null,"24":null,"25":null,"26":null,"27":null,"28":0.013746,"29":0.006873,"30":null,"31":null,"32":null,"33":null,"34":null,"35":null,"36":0.013746,"37":0.013746,"38":0.075603,"39":0.006873,"40":null,"41":0.364269,"42":null,"43":null},"safari":{"3.1":null,"3.2":null,"4":0,"5":0.006873,"5.1":0.082476,"6":0.006873,"6.1":0.027492,"7":0.020619,"7.1":null,"8":0.192444,"9":0.199317,"9.1":0.89349,"10":2.488026,"0":null},"ios_saf":{"3.2":0,"4.0-4.1":0,"4.2-4.3":0,"5.0-5.1":0,"6.0-6.1":0,"7.0-7.1":0.184630740394,"8":0,"8.1-8.4":0.238481373008,"9.0-9.2":0.183775968447,"9.3":1.20351890034,"10-10.1":6.39796801781},"android":{"2.1":0,"2.2":0,"2.3":0.00332383716547,"3":0,"4":0.0288065887674,"4.1":0.0914055220505,"4.2-4.3":0.26092121749,"4.4":0.614909875613,"4.4.3-4.4.4":0.470322958914,"53":null},"op_mob":{"10":0,"11":0,"11.1":0,"11.5":0,"12":0,"12.1":0.000161734643735,"0":0.00582244717445},"ie":{"5.5":null,"6":null,"7":null,"8":0.219936,"9":0.261174,"10":0.13746,"11":4.508688},"edge":{"12":0.075603,"13":0.82476,"14":2.460534},"bb":{"7":0.0078175,"10":null},"ie_mob":{"10":0.090257728,"11":0.422570272},"and_ff":{"0":0.012508},"samsung":{"0":3.583542},"and_uc":{"0":0.109445},"op_mini":{"0":0.0784448181818},"and_chr":{"0":17.688276}},"total":98.8261205}