{"id":"MU","name":"Mauritius","month":"2016-11","access_date":"2016-12-03","data":{"firefox":{"2":null,"3":0.005499,"3.5":0.005499,"3.6":0.021996,"4":null,"5":null,"6":null,"7":null,"8":null,"9":0.005499,"10":null,"11":0.010998,"12":0.016497,"13":0.005499,"14":null,"15":null,"16":0.010998,"17":null,"18":0.010998,"19":null,"20":0.010998,"21":null,"22":0.010998,"23":null,"24":0.021996,"25":null,"26":null,"27":0.010998,"28":null,"29":0.005499,"30":0.010998,"31":0.021996,"32":0.005499,"33":0.010998,"34":0.005499,"35":0.010998,"36":0.010998,"37":0.027495,"38":0.065988,"39":0.060489,"40":0.016497,"41":0.016497,"42":0.049491,"43":0.10998,"44":0.049491,"45":0.060489,"46":0.032994,"47":0.307944,"48":0.406926,"49":4.201236,"50":2.645019,"51":0.170469,"52":0.010998,"53":null},"chrome":{"4":null,"5":null,"6":null,"7":null,"8":null,"9":null,"10":null,"11":0.016497,"12":null,"13":null,"14":null,"15":null,"16":null,"17":null,"18":0.021996,"19":null,"20":null,"21":0.005499,"22":0.082485,"23":0.005499,"24":null,"25":0.005499,"26":0.05499,"27":0.005499,"28":0.010998,"29":0.016497,"30":0.005499,"31":0.05499,"32":0.021996,"33":0.027495,"34":0.093483,"35":0.016497,"36":0.043992,"37":0.010998,"38":0.038493,"39":0.043992,"40":0.049491,"41":0.021996,"42":0.021996,"43":0.104481,"44":0.043992,"45":0.065988,"46":0.027495,"47":0.060489,"48":0.071487,"49":1.292265,"50":0.186966,"51":0.412425,"52":0.258453,"53":0.670878,"54":32.977503,"55":0.126477,"56":0.159471,"57":null},"opera":{"9":null,"9.5-9.6":null,"10.0-10.1":0,"10.5":null,"10.6":null,"11":null,"11.1":null,"11.5":null,"11.6":null,"12":0.016497,"12.1":0.05499,"15":null,"16":null,"17":null,"18":0.005499,"19":null,"20":null,"21":null,"22":null,"23":null,"24":null,"25":null,"26":null,"27":null,"28":null,"29":null,"30":null,"31":null,"32":null,"33":null,"34":null,"35":null,"36":0.016497,"37":0.027495,"38":0.016497,"39":0.005499,"40":0.010998,"41":0.808353,"42":0.005499,"43":null},"safari":{"3.1":null,"3.2":0.005499,"4":0.010998,"5":0.093483,"5.1":0.093483,"6":0.038493,"6.1":0.016497,"7":0.071487,"7.1":0.027495,"8":0.126477,"9":0.137475,"9.1":0.593892,"10":1.050309,"0":null},"ios_saf":{"3.2":0,"4.0-4.1":0,"4.2-4.3":0,"5.0-5.1":0,"6.0-6.1":0,"7.0-7.1":0.062364371134,"8":0,"8.1-8.4":0.0805539793814,"9.0-9.2":0.0620756471936,"9.3":0.406523308133,"10-10.1":2.16109869416},"android":{"2.1":0,"2.2":0,"2.3":0.00895788918206,"3":0,"4":0.0776350395778,"4.1":0.246341952507,"4.2-4.3":0.703194300792,"4.4":1.65720949868,"4.4.3-4.4.4":1.26754131926,"53":null},"op_mob":{"10":0,"11":0,"11.1":0,"11.5":0,"12":0,"12.1":0.0168909804689,"0":0.608075296881},"ie":{"5.5":null,"6":0.010998,"7":0.010998,"8":0.208962,"9":0.131976,"10":0.175968,"11":2.342574},"edge":{"12":0.142974,"13":0.340938,"14":1.176786},"bb":{"7":0.018004,"10":null},"ie_mob":{"10":0.141799504,"11":0.663879496},"and_ff":{"0":0.117026},"samsung":{"0":4.90609},"and_uc":{"0":2.182985},"op_mini":{"0":8.19249272265},"and_chr":{"0":21.87949}},"total":98.833523}