{"id":"MV","name":"Maldives","month":"2016-11","access_date":"2016-12-03","data":{"firefox":{"2":null,"3":0.010845,"3.5":null,"3.6":0.01446,"4":0.010845,"5":null,"6":0.003615,"7":null,"8":0.00723,"9":null,"10":0.00723,"11":0.01446,"12":0.010845,"13":0.00723,"14":0.003615,"15":0.00723,"16":null,"17":null,"18":0.00723,"19":null,"20":0.00723,"21":0.003615,"22":null,"23":0.00723,"24":null,"25":null,"26":null,"27":null,"28":null,"29":0.00723,"30":0.02169,"31":null,"32":0.010845,"33":0.01446,"34":0.00723,"35":0.01446,"36":0.010845,"37":0.039765,"38":0.03615,"39":0.04338,"40":0.01446,"41":0.018075,"42":0.032535,"43":0.10845,"44":0.1446,"45":0.08676,"46":0.061455,"47":0.263895,"48":0.242205,"49":2.895615,"50":1.695435,"51":0.184365,"52":null,"53":null},"chrome":{"4":null,"5":null,"6":null,"7":0.00723,"8":null,"9":null,"10":0.010845,"11":0.00723,"12":0.025305,"13":null,"14":null,"15":null,"16":0.003615,"17":0.003615,"18":null,"19":0.003615,"20":null,"21":null,"22":null,"23":0.032535,"24":0.00723,"25":0.00723,"26":0.003615,"27":null,"28":0.00723,"29":0.010845,"30":0.018075,"31":0.03615,"32":0.018075,"33":0.025305,"34":0.02892,"35":0.010845,"36":0.010845,"37":null,"38":0.025305,"39":0.018075,"40":0.02892,"41":0.00723,"42":0.018075,"43":0.13014,"44":0.05061,"45":0.03615,"46":0.02169,"47":0.04338,"48":0.061455,"49":0.444645,"50":0.090375,"51":0.18075,"52":0.126525,"53":0.712155,"54":21.92859,"55":0.090375,"56":0.075915,"57":null},"opera":{"9":null,"9.5-9.6":null,"10.0-10.1":0,"10.5":null,"10.6":null,"11":null,"11.1":null,"11.5":null,"11.6":null,"12":null,"12.1":0.010845,"15":null,"16":null,"17":null,"18":null,"19":null,"20":0.003615,"21":null,"22":null,"23":null,"24":null,"25":null,"26":null,"27":null,"28":null,"29":null,"30":null,"31":null,"32":null,"33":null,"34":null,"35":null,"36":null,"37":0.032535,"38":null,"39":null,"40":0.00723,"41":0.20967,"42":null,"43":null},"safari":{"3.1":null,"3.2":null,"4":0.003615,"5":0.003615,"5.1":null,"6":null,"6.1":0.00723,"7":0.003615,"7.1":null,"8":0.05061,"9":0.046995,"9.1":0.249435,"10":0.784455,"0":null},"ios_saf":{"3.2":0,"4.0-4.1":0,"4.2-4.3":0,"5.0-5.1":0,"6.0-6.1":0,"7.0-7.1":0.218155164011,"8":0,"8.1-8.4":0.281783753515,"9.0-9.2":0.2171451864,"9.3":1.42204847652,"10-10.1":7.55968241956},"android":{"2.1":0,"2.2":0,"2.3":0.00867859404448,"3":0,"4":0.0752144817188,"4.1":0.238661336223,"4.2-4.3":0.681269632492,"4.4":1.60553989823,"4.4.3-4.4.4":1.22802105729,"53":null},"op_mob":{"10":0,"11":0,"11.1":0,"11.5":0,"12":0,"12.1":0.010739073835,"0":0.38660665806},"ie":{"5.5":null,"6":0.0111874736842,"7":null,"8":0.178999578947,"9":0.0522082105263,"10":0.123062210526,"11":0.633956842105},"edge":{"12":0.09399,"13":0.10845,"14":0.480795},"bb":{"7":0.00478875,"10":null},"ie_mob":{"10":0.04382664,"11":0.20518836},"and_ff":{"0":0.057465},"samsung":{"0":4.897295},"and_uc":{"0":5.663495},"op_mini":{"0":5.2086842681},"and_chr":{"0":35.32302}},"total":98.8789530658}