{"id":"MW","name":"Malawi","month":"2016-11","access_date":"2016-12-03","data":{"firefox":{"2":0.002628,"3":0.09855,"3.5":0.00657,"3.6":0.009198,"4":0.005256,"5":0.010512,"6":0.001314,"7":0.00657,"8":0.003942,"9":0.003942,"10":0.011826,"11":0.002628,"12":0.01971,"13":0.007884,"14":0.010512,"15":0.007884,"16":0.009198,"17":0.017082,"18":0.007884,"19":0.01314,"20":0.011826,"21":0.044676,"22":0.015768,"23":0.011826,"24":0.018396,"25":0.018396,"26":0.018396,"27":0.015768,"28":0.007884,"29":0.028908,"30":0.04599,"31":0.015768,"32":0.02628,"33":0.011826,"34":0.02628,"35":0.021024,"36":0.021024,"37":0.042048,"38":0.035478,"39":0.03285,"40":0.022338,"41":0.022338,"42":0.024966,"43":0.143226,"44":0.127458,"45":0.064386,"46":0.036792,"47":0.369234,"48":0.172134,"49":1.436202,"50":0.948708,"51":0.094608,"52":0.001314,"53":null},"chrome":{"4":null,"5":null,"6":null,"7":null,"8":null,"9":null,"10":null,"11":0.021024,"12":0.001314,"13":null,"14":0.010512,"15":null,"16":null,"17":null,"18":0.002628,"19":0.001314,"20":0.001314,"21":0.003942,"22":0.001314,"23":null,"24":0.010512,"25":0.001314,"26":0.007884,"27":0.01314,"28":0.009198,"29":0.00657,"30":0.002628,"31":0.027594,"32":0.014454,"33":0.00657,"34":0.005256,"35":0.011826,"36":0.014454,"37":0.00657,"38":0.002628,"39":0.028908,"40":0.023652,"41":0.04599,"42":0.00657,"43":0.038106,"44":0.00657,"45":0.030222,"46":0.024966,"47":0.047304,"48":0.027594,"49":0.152424,"50":0.028908,"51":0.106434,"52":0.086724,"53":0.250974,"54":3.602988,"55":0.01314,"56":0.024966,"57":0.001314},"opera":{"9":null,"9.5-9.6":null,"10.0-10.1":0,"10.5":null,"10.6":null,"11":0.003942,"11.1":null,"11.5":0.002628,"11.6":0.009198,"12":0.015768,"12.1":0.027594,"15":0.003942,"16":null,"17":0.001314,"18":0.003942,"19":null,"20":0.003942,"21":null,"22":0.003942,"23":null,"24":null,"25":null,"26":null,"27":0.015768,"28":0.141912,"29":0.007884,"30":0.003942,"31":0.002628,"32":0.002628,"33":0.010512,"34":0.007884,"35":0.00657,"36":0.018396,"37":0.09198,"38":0.021024,"39":0.015768,"40":0.028908,"41":0.28908,"42":null,"43":null},"safari":{"3.1":null,"3.2":null,"4":0.001314,"5":0.005256,"5.1":0.009198,"6":0.001314,"6.1":0.001314,"7":0.02628,"7.1":0.011826,"8":0.0657,"9":0.018396,"9.1":0.086724,"10":0.10512,"0":null},"ios_saf":{"3.2":0,"4.0-4.1":0,"4.2-4.3":0,"5.0-5.1":0,"6.0-6.1":0,"7.0-7.1":0.0193397938144,"8":0,"8.1-8.4":0.0249805670103,"9.0-9.2":0.019250257732,"9.3":0.126066804124,"10-10.1":0.67017757732},"android":{"2.1":0,"2.2":0,"2.3":0.00711037316246,"3":0,"4":0.0616232340746,"4.1":0.195535261968,"4.2-4.3":0.558164293253,"4.4":1.31541903505,"4.4.3-4.4.4":1.00611780249,"53":null},"op_mob":{"10":0,"11":0,"11.1":0,"11.5":0,"12":0,"12.1":0.0916212705618,"0":3.29836574022},"ie":{"5.5":null,"6":0.001314,"7":0.005256,"8":0.349524,"9":0.095922,"10":0.136656,"11":1.316628},"edge":{"12":0.173448,"13":0.107748,"14":0.136656},"bb":{"7":0.286605,"10":null},"ie_mob":{"10":0.54569592,"11":2.55484908},"and_ff":{"0":0.026055},"samsung":{"0":1.050885},"and_uc":{"0":22.42467},"op_mini":{"0":44.4383079892},"and_chr":{"0":6.174405}},"total":97.213995}