{"id":"MX","name":"Mexico","month":"2016-11","access_date":"2016-12-03","data":{"firefox":{"2":null,"3":0.005176,"3.5":null,"3.6":0.010352,"4":null,"5":null,"6":null,"7":null,"8":null,"9":null,"10":null,"11":null,"12":null,"13":null,"14":null,"15":null,"16":0.005176,"17":null,"18":null,"19":null,"20":null,"21":null,"22":null,"23":null,"24":null,"25":null,"26":null,"27":null,"28":0.005176,"29":null,"30":null,"31":0.005176,"32":null,"33":0.005176,"34":0.020704,"35":0.010352,"36":0.010352,"37":0.015528,"38":0.041408,"39":0.015528,"40":0.020704,"41":0.020704,"42":0.020704,"43":0.067288,"44":0.02588,"45":0.062112,"46":0.041408,"47":0.201864,"48":0.212216,"49":2.360256,"50":1.325056,"51":0.015528,"52":null,"53":null},"chrome":{"4":null,"5":null,"6":null,"7":null,"8":null,"9":null,"10":null,"11":0.015528,"12":null,"13":null,"14":null,"15":null,"16":null,"17":null,"18":0.010352,"19":null,"20":null,"21":0.010352,"22":0.046584,"23":null,"24":null,"25":null,"26":0.015528,"27":0.010352,"28":null,"29":0.010352,"30":null,"31":0.015528,"32":0.010352,"33":0.010352,"34":0.02588,"35":0.036232,"36":0.02588,"37":0.020704,"38":0.031056,"39":0.036232,"40":0.031056,"41":0.02588,"42":0.02588,"43":0.098344,"44":0.056936,"45":0.041408,"46":0.087992,"47":0.072464,"48":0.093168,"49":1.827128,"50":0.119048,"51":0.419256,"52":0.315736,"53":0.797104,"54":32.018736,"55":0.087992,"56":0.020704,"57":null},"opera":{"9":null,"9.5-9.6":null,"10.0-10.1":0,"10.5":null,"10.6":null,"11":null,"11.1":null,"11.5":null,"11.6":null,"12":null,"12.1":0.020704,"15":null,"16":null,"17":null,"18":null,"19":null,"20":null,"21":null,"22":null,"23":null,"24":null,"25":null,"26":null,"27":null,"28":null,"29":0.010352,"30":null,"31":null,"32":null,"33":null,"34":null,"35":null,"36":0.015528,"37":0.041408,"38":0.015528,"39":0.005176,"40":0.010352,"41":0.367496,"42":null,"43":null},"safari":{"3.1":null,"3.2":null,"4":0,"5":0.031056,"5.1":0.056936,"6":0.010352,"6.1":0.046584,"7":0.031056,"7.1":0.010352,"8":0.186336,"9":0.212216,"9.1":0.652176,"10":1.304352,"0":null},"ios_saf":{"3.2":0,"4.0-4.1":0,"4.2-4.3":0,"5.0-5.1":0,"6.0-6.1":0,"7.0-7.1":0.16926950328,"8":0,"8.1-8.4":0.21863977507,"9.0-9.2":0.168485848172,"9.3":1.10338639175,"10-10.1":5.86565848172},"android":{"2.1":0,"2.2":0,"2.3":0.00869520090464,"3":0,"4":0.0753584078402,"4.1":0.239118024877,"4.2-4.3":0.682573271014,"4.4":1.60861216736,"4.4.3-4.4.4":1.23037092801,"53":null},"op_mob":{"10":0,"11":0,"11.1":0,"11.5":0,"12":0,"12.1":0.00307725115562,"0":0.110781041602},"ie":{"5.5":null,"6":0.00520994098361,"7":0.0104198819672,"8":0.218817521311,"9":0.213607580328,"10":0.229237403279,"11":2.50077167213},"edge":{"12":0.07764,"13":0.248448,"14":1.030024},"bb":{"7":0.02412,"10":null},"ie_mob":{"10":0.147730176,"11":0.691645824},"and_ff":{"0":0.02412},"samsung":{"0":1.206},"and_uc":{"0":0.26532},"op_mini":{"0":1.49253370724},"and_chr":{"0":35.147536}},"total":99.039088}