{"id":"MY","name":"Malaysia","month":"2016-11","access_date":"2016-12-03","data":{"firefox":{"2":null,"3":0.01317,"3.5":null,"3.6":0.01317,"4":0.00439,"5":null,"6":null,"7":null,"8":null,"9":null,"10":0.00439,"11":0.00878,"12":0.01317,"13":0.00878,"14":0.00439,"15":0.00439,"16":0.01317,"17":0.00439,"18":null,"19":0.00439,"20":0.00878,"21":0.01756,"22":0.00878,"23":0.00878,"24":0.00439,"25":0.00878,"26":null,"27":0.01756,"28":0.00878,"29":0.01756,"30":0.01317,"31":0.01756,"32":0.00878,"33":0.01317,"34":0.01317,"35":0.02195,"36":0.02195,"37":0.03512,"38":0.0439,"39":0.03512,"40":0.03073,"41":0.03073,"42":0.03073,"43":0.11414,"44":0.07024,"45":0.09219,"46":0.06585,"47":0.29852,"48":0.24584,"49":2.7218,"50":1.55406,"51":0.12292,"52":null,"53":null},"chrome":{"4":null,"5":null,"6":null,"7":null,"8":null,"9":null,"10":0.01756,"11":0.02634,"12":0.01317,"13":null,"14":0.00878,"15":0.00439,"16":null,"17":0.00439,"18":0.00878,"19":0.00878,"20":0.01317,"21":0.01317,"22":0.02195,"23":0.00878,"24":0.00439,"25":0.00878,"26":0.01317,"27":0.01756,"28":0.01317,"29":0.01317,"30":0.02634,"31":0.09658,"32":0.02195,"33":0.07024,"34":0.02195,"35":0.02195,"36":0.02634,"37":0.02195,"38":0.0439,"39":0.05268,"40":0.02195,"41":0.05707,"42":0.03512,"43":0.10097,"44":0.08341,"45":0.11414,"46":0.12731,"47":0.10975,"48":0.09658,"49":1.71649,"50":0.1756,"51":0.53997,"52":0.44339,"53":0.94385,"54":25.66833,"55":0.12292,"56":0.19755,"57":null},"opera":{"9":null,"9.5-9.6":null,"10.0-10.1":0,"10.5":null,"10.6":null,"11":null,"11.1":null,"11.5":null,"11.6":null,"12":null,"12.1":0.01317,"15":null,"16":null,"17":null,"18":null,"19":null,"20":null,"21":null,"22":null,"23":null,"24":null,"25":null,"26":null,"27":null,"28":0.02634,"29":null,"30":null,"31":null,"32":null,"33":null,"34":null,"35":null,"36":0.00878,"37":0.0439,"38":0.01317,"39":null,"40":0.00878,"41":0.21072,"42":null,"43":null},"safari":{"3.1":null,"3.2":null,"4":0,"5":0.01756,"5.1":0.03951,"6":0.01317,"6.1":0.02634,"7":0.03073,"7.1":0.00878,"8":0.12731,"9":0.11853,"9.1":0.3512,"10":0.67167,"0":null},"ios_saf":{"3.2":0,"4.0-4.1":0,"4.2-4.3":0,"5.0-5.1":0,"6.0-6.1":0,"7.0-7.1":0.144709045923,"8":0,"8.1-8.4":0.186915850984,"9.0-9.2":0.144039096636,"9.3":0.943288595647,"10-10.1":5.01457041081},"android":{"2.1":0,"2.2":0,"2.3":0.0127233177535,"3":0,"4":0.110268753864,"4.1":0.349891238221,"4.2-4.3":0.998780443649,"4.4":2.3538137844,"4.4.3-4.4.4":1.80034946212,"53":null},"op_mob":{"10":0,"11":0,"11.1":0,"11.5":0,"12":0,"12.1":0.00677994561279,"0":0.244078042061},"ie":{"5.5":null,"6":0.0178026252159,"7":0.0178026252159,"8":0.364953816926,"9":0.226983471503,"10":0.160223626943,"11":1.7891638342},"edge":{"12":0.03073,"13":0.11853,"14":0.40827},"bb":{"7":0.02383825,"10":null},"ie_mob":{"10":0.035538624,"11":0.166385376},"and_ff":{"0":0.033654},"samsung":{"0":3.354182},"and_uc":{"0":7.207565},"op_mini":{"0":3.28842101233},"and_chr":{"0":30.470885}},"total":98.73176725}