{"id":"MZ","name":"Mozambique","month":"2016-11","access_date":"2016-12-03","data":{"firefox":{"2":null,"3":0.007956,"3.5":0.00663,"3.6":0.011934,"4":0.005304,"5":0.001326,"6":0.003978,"7":0.003978,"8":0.003978,"9":0.002652,"10":0.005304,"11":0.018564,"12":0.009282,"13":0.01326,"14":0.007956,"15":0.00663,"16":0.00663,"17":0.005304,"18":0.005304,"19":0.005304,"20":0.010608,"21":0.007956,"22":0.007956,"23":0.003978,"24":0.005304,"25":0.005304,"26":0.003978,"27":0.001326,"28":0.001326,"29":0.009282,"30":0.014586,"31":0.003978,"32":0.00663,"33":0.01326,"34":0.00663,"35":0.009282,"36":0.005304,"37":0.010608,"38":0.01326,"39":0.014586,"40":0.009282,"41":0.010608,"42":0.010608,"43":0.100776,"44":0.029172,"45":0.030498,"46":0.030498,"47":0.16575,"48":0.108732,"49":1.150968,"50":0.584766,"51":0.03315,"52":0.00663,"53":null},"chrome":{"4":null,"5":null,"6":null,"7":null,"8":null,"9":null,"10":0.001326,"11":0.017238,"12":null,"13":0.003978,"14":null,"15":0.005304,"16":0.002652,"17":null,"18":null,"19":null,"20":null,"21":0.005304,"22":null,"23":0.003978,"24":null,"25":0.01326,"26":0.009282,"27":null,"28":0.005304,"29":0.007956,"30":0.007956,"31":0.005304,"32":0.002652,"33":0.021216,"34":0.007956,"35":0.003978,"36":0.01989,"37":0.003978,"38":0.005304,"39":0.005304,"40":0.029172,"41":0.003978,"42":0.009282,"43":0.571506,"44":0.005304,"45":0.037128,"46":0.00663,"47":0.027846,"48":0.011934,"49":0.210834,"50":0.031824,"51":0.151164,"52":0.128622,"53":0.153816,"54":5.026866,"55":0.025194,"56":0.005304,"57":null},"opera":{"9":null,"9.5-9.6":null,"10.0-10.1":0,"10.5":null,"10.6":0.002652,"11":0.002652,"11.1":0.003978,"11.5":0.003978,"11.6":0.014586,"12":0.007956,"12.1":0.014586,"15":0.003978,"16":0.00663,"17":0.002652,"18":0.002652,"19":null,"20":0.00663,"21":0.002652,"22":0.003978,"23":null,"24":null,"25":null,"26":null,"27":null,"28":0.001326,"29":0.002652,"30":0.002652,"31":0.003978,"32":0.001326,"33":null,"34":0.007956,"35":0.002652,"36":0.018564,"37":0.121992,"38":0.014586,"39":0.01326,"40":0.034476,"41":0.419016,"42":0.002652,"43":null},"safari":{"3.1":null,"3.2":null,"4":0,"5":0.002652,"5.1":0.011934,"6":0.00663,"6.1":0.009282,"7":0.003978,"7.1":0.010608,"8":0.025194,"9":0.015912,"9.1":0.074256,"10":0.129948,"0":null},"ios_saf":{"3.2":0,"4.0-4.1":0,"4.2-4.3":0,"5.0-5.1":0,"6.0-6.1":0,"7.0-7.1":0.019898316776,"8":0,"8.1-8.4":0.0257019925023,"9.0-9.2":0.0198061949391,"9.3":0.129707546392,"10-10.1":0.689531949391},"android":{"2.1":0,"2.2":0,"2.3":0.00610019525066,"3":0,"4":0.0528683588391,"4.1":0.167755369393,"4.2-4.3":0.478865327177,"4.4":1.12853612137,"4.4.3-4.4.4":0.863177627968,"53":null},"op_mob":{"10":0,"11":0,"11.1":0,"11.5":0,"12":0,"12.1":0.128428157248,"0":4.62341366093},"ie":{"5.5":null,"6":null,"7":0.00400121225383,"8":0.362776577681,"9":0.138708691466,"10":0.13604121663,"11":1.18702630197},"edge":{"12":0.084864,"13":0.095472,"14":0.161772},"bb":{"7":0.0910665,"10":null},"ie_mob":{"10":0.195385344,"11":0.914758656},"and_ff":{"0":null},"samsung":{"0":1.118817},"and_uc":{"0":3.790101},"op_mini":{"0":62.2904481818},"and_chr":{"0":7.406262}},"total":96.4817115}