{"id":"NA","name":"Namibia","month":"2016-11","access_date":"2016-12-03","data":{"firefox":{"2":null,"3":0.007362,"3.5":null,"3.6":0.004908,"4":0.002454,"5":null,"6":null,"7":null,"8":null,"9":null,"10":null,"11":0.009816,"12":0.014724,"13":0.002454,"14":0.004908,"15":0.007362,"16":null,"17":0.004908,"18":0.007362,"19":null,"20":0.007362,"21":0.002454,"22":0.002454,"23":null,"24":null,"25":null,"26":null,"27":null,"28":0.007362,"29":0.002454,"30":0.002454,"31":0.009816,"32":0.007362,"33":0.004908,"34":0.007362,"35":0.019632,"36":0.004908,"37":0.007362,"38":0.04908,"39":0.017178,"40":0.01227,"41":0.03681,"42":0.007362,"43":0.051534,"44":0.022086,"45":0.039264,"46":0.039264,"47":0.265032,"48":0.154602,"49":1.869948,"50":1.045404,"51":0.071166,"52":null,"53":null},"chrome":{"4":null,"5":null,"6":null,"7":0.002454,"8":null,"9":null,"10":null,"11":0.017178,"12":null,"13":null,"14":null,"15":null,"16":null,"17":null,"18":0.007362,"19":null,"20":0.002454,"21":0.002454,"22":null,"23":null,"24":null,"25":0.002454,"26":0.009816,"27":0.002454,"28":0.002454,"29":0.004908,"30":null,"31":0.01227,"32":0.009816,"33":0.004908,"34":0.002454,"35":0.017178,"36":0.019632,"37":0.017178,"38":0.014724,"39":0.009816,"40":0.039264,"41":0.004908,"42":0.004908,"43":0.115338,"44":0.093252,"45":0.127608,"46":0.014724,"47":0.031902,"48":0.056442,"49":0.292026,"50":0.080982,"51":0.206136,"52":0.120246,"53":0.323928,"54":10.120296,"55":0.115338,"56":0.029448,"57":null},"opera":{"9":null,"9.5-9.6":null,"10.0-10.1":0,"10.5":null,"10.6":null,"11":null,"11.1":null,"11.5":null,"11.6":0.007362,"12":null,"12.1":0.041718,"15":null,"16":null,"17":null,"18":null,"19":null,"20":null,"21":null,"22":null,"23":null,"24":null,"25":null,"26":null,"27":null,"28":null,"29":null,"30":null,"31":null,"32":null,"33":0.004908,"34":0.002454,"35":0.007362,"36":0.009816,"37":0.117792,"38":0.009816,"39":0.041718,"40":0.02454,"41":0.672396,"42":null,"43":null},"safari":{"3.1":null,"3.2":null,"4":0.002454,"5":0.002454,"5.1":0.029448,"6":null,"6.1":0.007362,"7":0.002454,"7.1":0.009816,"8":0.063804,"9":0.08589,"9.1":0.213498,"10":0.449082,"0":null},"ios_saf":{"3.2":0,"4.0-4.1":0,"4.2-4.3":0,"5.0-5.1":0,"6.0-6.1":0,"7.0-7.1":0.0443000412371,"8":0,"8.1-8.4":0.0572208865979,"9.0-9.2":0.0440949484536,"9.3":0.288770639175,"10-10.1":1.53511948454},"android":{"2.1":0,"2.2":0,"2.3":0.00928388390501,"3":0,"4":0.0804603271768,"4.1":0.255306807388,"4.2-4.3":0.728784886544,"4.4":1.71751852243,"4.4.3-4.4.4":1.31366957256,"53":null},"op_mob":{"10":0,"11":0,"11.1":0,"11.5":0,"12":0,"12.1":0.0947402766835,"0":3.4106499606},"ie":{"5.5":null,"6":0.00252364054054,"7":0.00757092162162,"8":0.454255297297,"9":0.282647740541,"10":0.252364054054,"11":2.73562634595},"edge":{"12":0.252762,"13":0.50307,"14":0.60123},"bb":{"7":0.0886655,"10":null},"ie_mob":{"10":0.176636768,"11":0.826981232},"and_ff":{"0":0.015092},"samsung":{"0":4.784164},"and_uc":{"0":2.18834},"op_mini":{"0":45.9510937627},"and_chr":{"0":12.149376}},"total":98.4303215}