{"id":"NC","name":"New Caledonia","month":"2016-11","access_date":"2016-12-03","data":{"firefox":{"2":null,"3":null,"3.5":null,"3.6":0.006234,"4":null,"5":null,"6":null,"7":null,"8":null,"9":null,"10":null,"11":null,"12":0.012468,"13":null,"14":0.012468,"15":null,"16":0.018702,"17":0.037404,"18":null,"19":null,"20":null,"21":0.012468,"22":null,"23":0.012468,"24":0.018702,"25":null,"26":0.012468,"27":0.006234,"28":null,"29":0.012468,"30":0.006234,"31":0.012468,"32":0.012468,"33":0.012468,"34":0.006234,"35":0.087276,"36":0.006234,"37":0.074808,"38":0.06234,"39":0.037404,"40":0.037404,"41":0.21819,"42":0.06234,"43":0.105978,"44":0.068574,"45":0.523656,"46":0.043638,"47":0.299232,"48":1.022376,"49":6.5457,"50":3.565848,"51":0.024936,"52":null,"53":null},"chrome":{"4":null,"5":null,"6":null,"7":null,"8":0.006234,"9":null,"10":null,"11":0.006234,"12":null,"13":null,"14":null,"15":0.006234,"16":null,"17":null,"18":null,"19":null,"20":null,"21":null,"22":null,"23":0.006234,"24":null,"25":null,"26":null,"27":null,"28":null,"29":null,"30":null,"31":null,"32":0.018702,"33":null,"34":null,"35":0.024936,"36":0.037404,"37":0.006234,"38":0.006234,"39":0.006234,"40":0.012468,"41":0.012468,"42":0.006234,"43":0.143382,"44":0.037404,"45":0.056106,"46":0.043638,"47":0.056106,"48":0.037404,"49":2.032284,"50":0.037404,"51":0.199488,"52":0.243126,"53":0.673272,"54":26.238906,"55":0.037404,"56":0.043638,"57":null},"opera":{"9":null,"9.5-9.6":null,"10.0-10.1":0,"10.5":null,"10.6":null,"11":null,"11.1":null,"11.5":null,"11.6":null,"12":null,"12.1":0.018702,"15":null,"16":null,"17":null,"18":null,"19":null,"20":null,"21":null,"22":null,"23":null,"24":null,"25":null,"26":null,"27":null,"28":0.012468,"29":null,"30":null,"31":null,"32":null,"33":null,"34":null,"35":null,"36":0.024936,"37":null,"38":null,"39":null,"40":null,"41":0.205722,"42":null,"43":null},"safari":{"3.1":null,"3.2":null,"4":0,"5":0.162084,"5.1":0.492486,"6":0.018702,"6.1":0.573528,"7":0.043638,"7.1":null,"8":2.019816,"9":0.21819,"9.1":1.533564,"10":2.767896,"0":null},"ios_saf":{"3.2":0,"4.0-4.1":0,"4.2-4.3":0,"5.0-5.1":0,"6.0-6.1":0,"7.0-7.1":0.124775662605,"8":0,"8.1-8.4":0.161168564199,"9.0-9.2":0.124197997501,"9.3":0.813352467354,"10-10.1":4.32382330834},"android":{"2.1":0,"2.2":0,"2.3":0.0072651292876,"3":0,"4":0.0629644538259,"4.1":0.199791055409,"4.2-4.3":0.570312649077,"4.4":1.34404891821,"4.4.3-4.4.4":1.0280157942,"53":null},"op_mob":{"10":0,"11":0,"11.1":0,"11.5":0,"12":0,"12.1":0.000274141839837,"0":0.00986910623412},"ie":{"5.5":null,"6":null,"7":0.012468,"8":0.193254,"9":0.074808,"10":0.162084,"11":4.288992},"edge":{"12":0.130914,"13":0.40521,"14":3.060894},"bb":{"7":0.003766,"10":null},"ie_mob":{"10":0.066944416,"11":0.313421584},"and_ff":{"0":0.048958},"samsung":{"0":6.974632},"and_uc":{"0":0.139342},"op_mini":{"0":0.132964751926},"and_chr":{"0":22.944754}},"total":98.8483}