{"id":"NE","name":"Niger","month":"2016-11","access_date":"2016-12-03","data":{"firefox":{"2":0.00119,"3":0.080325,"3.5":0.007735,"3.6":0.010115,"4":0.00595,"5":0.002975,"6":0.00119,"7":0.00357,"8":0.002975,"9":0.00357,"10":0.006545,"11":0.00595,"12":0.022015,"13":0.00595,"14":0.047005,"15":0.0476,"16":0.03689,"17":0.005355,"18":0.00595,"19":0.00595,"20":0.00595,"21":0.006545,"22":0.00714,"23":0.00476,"24":0.004165,"25":0.00238,"26":0.00238,"27":0.00238,"28":0.00119,"29":0.0119,"30":0.00357,"31":0.011305,"32":0.001785,"33":0.00833,"34":0.006545,"35":0.006545,"36":0.00595,"37":0.0119,"38":0.008925,"39":0.02142,"40":0.00952,"41":0.01666,"42":0.02142,"43":0.1309,"44":0.02142,"45":0.02618,"46":0.01785,"47":0.18564,"48":0.09877,"49":0.690795,"50":0.238,"51":0.00595,"52":null,"53":null},"chrome":{"4":null,"5":null,"6":0.00119,"7":null,"8":null,"9":0.007735,"10":null,"11":0.027965,"12":0.008925,"13":0.010115,"14":null,"15":null,"16":0.002975,"17":null,"18":0.006545,"19":0.00357,"20":null,"21":0.012495,"22":0.00595,"23":0.00119,"24":null,"25":null,"26":0.000595,"27":0.00238,"28":0.00119,"29":null,"30":0.002975,"31":0.007735,"32":null,"33":0.00357,"34":null,"35":null,"36":0.00714,"37":0.00357,"38":0.00238,"39":0.000595,"40":0.007735,"41":0.00595,"42":0.001785,"43":0.008925,"44":0.004165,"45":0.17374,"46":0.001785,"47":0.00238,"48":0.01904,"49":0.0357,"50":0.0476,"51":0.029155,"52":0.024395,"53":0.074375,"54":1.13526,"55":0.002975,"56":0.018445,"57":null},"opera":{"9":null,"9.5-9.6":null,"10.0-10.1":0,"10.5":null,"10.6":0.00119,"11":null,"11.1":null,"11.5":0.00119,"11.6":0.00238,"12":null,"12.1":0.002975,"15":null,"16":0.00119,"17":null,"18":0.001785,"19":null,"20":0.00119,"21":0.00119,"22":null,"23":null,"24":null,"25":null,"26":null,"27":null,"28":null,"29":0.001785,"30":0.000595,"31":null,"32":0.000595,"33":0.002975,"34":0.00357,"35":0.0238,"36":0.00476,"37":0.08568,"38":0.002975,"39":0.001785,"40":0.002975,"41":0.12138,"42":null,"43":null},"safari":{"3.1":null,"3.2":null,"4":0,"5":0.001785,"5.1":0.00476,"6":0.001785,"6.1":0.00595,"7":0.005355,"7.1":0.004165,"8":0.00357,"9":0.002975,"9.1":0.018445,"10":0.027965,"0":null},"ios_saf":{"3.2":0,"4.0-4.1":0,"4.2-4.3":0,"5.0-5.1":0,"6.0-6.1":0,"7.0-7.1":0.0118465979381,"8":0,"8.1-8.4":0.0153018556701,"9.0-9.2":0.0117917525773,"9.3":0.0772222680412,"10-10.1":0.410517525773},"android":{"2.1":0,"2.2":0,"2.3":0.0161015868828,"3":0,"4":0.139547086317,"4.1":0.442793639276,"4.2-4.3":1.2639745703,"4.4":2.97879357331,"4.4.3-4.4.4":2.27837454391,"53":null},"op_mob":{"10":0,"11":0,"11.1":0,"11.5":0,"12":0,"12.1":0.107090022904,"0":3.85524082455},"ie":{"5.5":null,"6":0.00368020579981,"7":0.00490694106642,"8":0.12819383536,"9":0.0269881758653,"10":0.0552030869972,"11":0.436717754911},"edge":{"12":0.02975,"13":0.05593,"14":0.0238},"bb":{"7":0.02586375,"10":null},"ie_mob":{"10":0.1158696,"11":0.5424804},"and_ff":{"0":0.30096},"samsung":{"0":0.686565},"and_uc":{"0":8.248185},"op_mini":{"0":51.9409891525},"and_chr":{"0":21.25745}},"total":99.45601875}