{"id":"NF","name":"Norfolk Island","month":"2016-11","access_date":"2016-12-03","data":{"firefox":{"2":null,"3":null,"3.5":null,"3.6":null,"4":null,"5":null,"6":null,"7":null,"8":null,"9":null,"10":null,"11":null,"12":null,"13":null,"14":null,"15":null,"16":null,"17":null,"18":null,"19":null,"20":null,"21":null,"22":null,"23":null,"24":null,"25":null,"26":null,"27":null,"28":null,"29":null,"30":null,"31":null,"32":null,"33":null,"34":null,"35":null,"36":null,"37":null,"38":null,"39":0.92082,"40":null,"41":null,"42":null,"43":null,"44":null,"45":null,"46":null,"47":1.3857,"48":6.69606,"49":9.93234,"50":1.15326,"51":null,"52":null,"53":null},"chrome":{"4":null,"5":null,"6":null,"7":null,"8":null,"9":null,"10":null,"11":null,"12":null,"13":null,"14":null,"15":null,"16":null,"17":null,"18":0.46488,"19":null,"20":null,"21":null,"22":null,"23":0.92082,"24":null,"25":null,"26":null,"27":null,"28":null,"29":null,"30":null,"31":null,"32":null,"33":null,"34":null,"35":null,"36":null,"37":null,"38":null,"39":null,"40":null,"41":0.69732,"42":null,"43":null,"44":null,"45":null,"46":null,"47":null,"48":null,"49":1.15326,"50":3.46872,"51":null,"52":4.62198,"53":14.55432,"54":11.78292,"55":null,"56":null,"57":null},"opera":{"9":null,"9.5-9.6":null,"10.0-10.1":0,"10.5":null,"10.6":null,"11":null,"11.1":null,"11.5":null,"11.6":null,"12":null,"12.1":null,"15":null,"16":null,"17":null,"18":null,"19":null,"20":null,"21":null,"22":null,"23":null,"24":null,"25":null,"26":null,"27":null,"28":null,"29":null,"30":null,"31":null,"32":null,"33":null,"34":null,"35":null,"36":null,"37":null,"38":null,"39":null,"40":null,"41":null,"42":null,"43":null},"safari":{"3.1":null,"3.2":null,"4":0,"5":null,"5.1":null,"6":null,"6.1":null,"7":null,"7.1":null,"8":null,"9":null,"9.1":1.3857,"10":0.69732,"0":null},"ios_saf":{"3.2":0,"4.0-4.1":0,"4.2-4.3":0,"5.0-5.1":0,"6.0-6.1":0,"7.0-7.1":0.0238425492034,"8":0,"8.1-8.4":0.0307966260544,"9.0-9.2":0.0237321670311,"9.3":0.155418098511,"10-10.1":0.8262105592},"android":{"2.1":0,"2.2":0,"2.3":0.000599321522804,"3":0,"4":0.0051941198643,"4.1":0.0164813418771,"4.2-4.3":0.0470467395401,"4.4":0.110874481719,"4.4.3-4.4.4":0.0848039954768,"53":null},"op_mob":{"10":0,"11":0,"11.1":0,"11.5":0,"12":0,"12.1":0,"0":0},"ie":{"5.5":null,"6":null,"7":null,"8":1.3857,"9":1.15326,"10":null,"11":22.63608},"edge":{"12":null,"13":0.46488,"14":null},"bb":{"7":0,"10":null},"ie_mob":{"10":0,"11":0},"and_ff":{"0":7.155},"samsung":{"0":null},"and_uc":{"0":null},"op_mini":{"0":0},"and_chr":{"0":2.31988}},"total":96.27522}