{"id":"NG","name":"Nigeria","month":"2016-11","access_date":"2016-12-03","data":{"firefox":{"2":null,"3":0.043836,"3.5":null,"3.6":0.021918,"4":0.01686,"5":0.003372,"6":0.003372,"7":0.02529,"8":0.005058,"9":0.003372,"10":0.018546,"11":0.020232,"12":0.01686,"13":0.043836,"14":0.00843,"15":0.065754,"16":0.010116,"17":0.006744,"18":0.011802,"19":0.030348,"20":0.006744,"21":0.011802,"22":0.00843,"23":0.005058,"24":0.005058,"25":0.00843,"26":0.006744,"27":0.00843,"28":0.006744,"29":0.028662,"30":0.01686,"31":0.020232,"32":0.013488,"33":0.01686,"34":0.023604,"35":0.026976,"36":0.018546,"37":0.030348,"38":0.038778,"39":0.028662,"40":0.047208,"41":0.047208,"42":0.04215,"43":0.251214,"44":0.21918,"45":0.09273,"46":0.085986,"47":0.49737,"48":0.264702,"49":2.087268,"50":1.065552,"51":0.141624,"52":0.001686,"53":null},"chrome":{"4":null,"5":null,"6":null,"7":null,"8":null,"9":0.001686,"10":null,"11":0.015174,"12":0.001686,"13":null,"14":null,"15":0.026976,"16":0.003372,"17":0.001686,"18":0.001686,"19":0.006744,"20":0.005058,"21":0.013488,"22":0.013488,"23":0.045522,"24":0.005058,"25":0.006744,"26":0.026976,"27":0.00843,"28":0.020232,"29":0.015174,"30":0.010116,"31":0.05901,"32":0.00843,"33":0.020232,"34":0.005058,"35":0.003372,"36":0.006744,"37":0.003372,"38":0.006744,"39":0.00843,"40":0.010116,"41":0.00843,"42":0.010116,"43":0.04215,"44":0.00843,"45":0.038778,"46":0.023604,"47":0.030348,"48":0.021918,"49":0.1686,"50":0.035406,"51":0.183774,"52":0.12645,"53":0.22761,"54":5.531766,"55":0.043836,"56":0.04215,"57":0.003372},"opera":{"9":null,"9.5-9.6":0.005058,"10.0-10.1":0,"10.5":null,"10.6":null,"11":0.001686,"11.1":null,"11.5":0.005058,"11.6":0.003372,"12":0.013488,"12.1":0.021918,"15":0.003372,"16":null,"17":null,"18":0.005058,"19":0.005058,"20":0.003372,"21":null,"22":0.001686,"23":null,"24":null,"25":null,"26":0.001686,"27":null,"28":0.006744,"29":0.006744,"30":0.011802,"31":0.001686,"32":0.006744,"33":0.010116,"34":0.010116,"35":0.013488,"36":0.015174,"37":0.198948,"38":0.00843,"39":0.013488,"40":0.023604,"41":0.342258,"42":0.003372,"43":null},"safari":{"3.1":null,"3.2":null,"4":0.003372,"5":0.001686,"5.1":0.006744,"6":0.001686,"6.1":0.006744,"7":0.006744,"7.1":0.052266,"8":0.02529,"9":0.026976,"9.1":0.053952,"10":0.139938,"0":null},"ios_saf":{"3.2":0,"4.0-4.1":0,"4.2-4.3":0,"5.0-5.1":0,"6.0-6.1":0,"7.0-7.1":0.0258069053421,"8":0,"8.1-8.4":0.0333339194002,"9.0-9.2":0.0256874289285,"9.3":0.168222790378,"10-10.1":0.894280955951},"android":{"2.1":0,"2.2":0,"2.3":0.00466311044101,"3":0,"4":0.0404136238221,"4.1":0.128235537128,"4.2-4.3":0.366054169619,"4.4":0.862675431587,"4.4.3-4.4.4":0.659830127403,"53":null},"op_mob":{"10":0,"11":0,"11.1":0,"11.5":0,"12":0,"12.1":0.112823607879,"0":4.06164988365},"ie":{"5.5":null,"6":0.00354947368421,"7":0.00177473684211,"8":0.150852631579,"9":0.0514673684211,"10":0.0958357894737,"11":0.495151578947},"edge":{"12":0.065754,"13":0.074184,"14":0.138252},"bb":{"7":0.6339425,"10":null},"ie_mob":{"10":0.206320224,"11":0.965953776},"and_ff":{"0":0.091454},"samsung":{"0":0.731632},"and_uc":{"0":8.696444},"op_mini":{"0":54.7219025085},"and_chr":{"0":8.953426}},"total":96.9681200789}