{"id":"NI","name":"Nicaragua","month":"2016-11","access_date":"2016-12-03","data":{"firefox":{"2":null,"3":0.016584,"3.5":null,"3.6":0.016584,"4":0.005528,"5":null,"6":null,"7":null,"8":null,"9":null,"10":null,"11":null,"12":0.005528,"13":null,"14":0.038696,"15":null,"16":null,"17":0.005528,"18":null,"19":null,"20":0.011056,"21":0.204536,"22":0.038696,"23":0.038696,"24":0.033168,"25":0.049752,"26":0.011056,"27":0.033168,"28":0.022112,"29":0.033168,"30":0.011056,"31":0.049752,"32":0.011056,"33":0.02764,"34":0.005528,"35":0.016584,"36":0.044224,"37":0.215592,"38":0.060808,"39":0.071864,"40":0.044224,"41":0.049752,"42":0.044224,"43":0.215592,"44":0.060808,"45":0.077392,"46":0.044224,"47":0.420128,"48":0.2764,"49":3.543448,"50":2.10064,"51":0.033168,"52":0.005528,"53":null},"chrome":{"4":null,"5":null,"6":null,"7":null,"8":null,"9":null,"10":null,"11":0.033168,"12":null,"13":null,"14":null,"15":null,"16":null,"17":null,"18":0.02764,"19":0.005528,"20":null,"21":0.005528,"22":0.011056,"23":0.011056,"24":null,"25":0.011056,"26":0.022112,"27":0.077392,"28":0.033168,"29":0.049752,"30":0.022112,"31":0.08292,"32":0.038696,"33":0.022112,"34":0.038696,"35":0.05528,"36":0.066336,"37":0.060808,"38":0.044224,"39":0.049752,"40":0.049752,"41":0.364848,"42":0.02764,"43":0.132672,"44":0.060808,"45":0.132672,"46":0.08292,"47":0.154784,"48":0.105032,"49":1.348832,"50":0.127144,"51":0.392488,"52":0.320624,"53":1.514672,"54":32.886072,"55":0.143728,"56":0.022112,"57":0.005528},"opera":{"9":null,"9.5-9.6":null,"10.0-10.1":0,"10.5":null,"10.6":null,"11":null,"11.1":null,"11.5":null,"11.6":0.022112,"12":0.044224,"12.1":0.049752,"15":null,"16":null,"17":null,"18":null,"19":null,"20":null,"21":null,"22":null,"23":null,"24":null,"25":null,"26":null,"27":0.005528,"28":0.326152,"29":0.121616,"30":null,"31":null,"32":null,"33":0.044224,"34":null,"35":0.005528,"36":0.016584,"37":0.1382,"38":0.022112,"39":null,"40":0.022112,"41":0.353792,"42":null,"43":null},"safari":{"3.1":null,"3.2":null,"4":0.005528,"5":0.02764,"5.1":0.05528,"6":null,"6.1":0.02764,"7":0.016584,"7.1":0.011056,"8":0.066336,"9":0.132672,"9.1":0.431184,"10":0.453296,"0":null},"ios_saf":{"3.2":0,"4.0-4.1":0,"4.2-4.3":0,"5.0-5.1":0,"6.0-6.1":0,"7.0-7.1":0.0608424742268,"8":0,"8.1-8.4":0.0785881958763,"9.0-9.2":0.0605607961054,"9.3":0.39660279496,"10-10.1":2.10836073883},"android":{"2.1":0,"2.2":0,"2.3":0.013620287222,"3":0,"4":0.118042489257,"4.1":0.374557898605,"4.2-4.3":1.06919254693,"4.4":2.51975313607,"4.4.3-4.4.4":1.92727064191,"53":null},"op_mob":{"10":0,"11":0,"11.1":0,"11.5":0,"12":0,"12.1":0.00999509524008,"0":0.359823428643},"ie":{"5.5":null,"6":null,"7":null,"8":0.304023976812,"9":0.263869866667,"10":0.229452057971,"11":1.18167809855},"edge":{"12":0.127144,"13":0.143728,"14":0.370376},"bb":{"7":0.0693005,"10":null},"ie_mob":{"10":0.217183296,"11":1.016812704},"and_ff":{"0":0.062594},"samsung":{"0":3.281714},"and_uc":{"0":1.354713},"op_mini":{"0":4.84783847612},"and_chr":{"0":27.155589}},"total":98.7565875}