{"id":"NL","name":"Netherlands","month":"2016-11","access_date":"2016-12-03","data":{"firefox":{"2":null,"3":null,"3.5":null,"3.6":0.011814,"4":null,"5":null,"6":null,"7":null,"8":null,"9":null,"10":null,"11":null,"12":null,"13":null,"14":null,"15":null,"16":0.011814,"17":null,"18":null,"19":null,"20":0.053163,"21":0.005907,"22":null,"23":0.011814,"24":0.005907,"25":null,"26":null,"27":0.005907,"28":0.005907,"29":0.011814,"30":0.011814,"31":0.023628,"32":0.017721,"33":0.011814,"34":0.029535,"35":0.017721,"36":0.017721,"37":0.017721,"38":0.082698,"39":0.029535,"40":0.029535,"41":0.029535,"42":0.041349,"43":0.094512,"44":0.070884,"45":0.224466,"46":0.141768,"47":0.372141,"48":0.324885,"49":4.329831,"50":2.398242,"51":0.029535,"52":null,"53":null},"chrome":{"4":null,"5":null,"6":null,"7":null,"8":null,"9":null,"10":null,"11":0.011814,"12":null,"13":null,"14":null,"15":null,"16":null,"17":null,"18":0.005907,"19":null,"20":null,"21":0.005907,"22":0.011814,"23":null,"24":0.017721,"25":null,"26":null,"27":null,"28":null,"29":0.011814,"30":null,"31":0.017721,"32":0.011814,"33":0.011814,"34":0.011814,"35":0.017721,"36":0.011814,"37":0.041349,"38":0.041349,"39":0.082698,"40":0.017721,"41":0.035442,"42":0.029535,"43":0.094512,"44":0.047256,"45":0.053163,"46":0.047256,"47":0.053163,"48":0.212652,"49":1.057353,"50":0.189024,"51":0.578886,"52":0.23628,"53":0.94512,"54":25.270146,"55":0.094512,"56":0.041349,"57":null},"opera":{"9":null,"9.5-9.6":null,"10.0-10.1":0,"10.5":null,"10.6":null,"11":null,"11.1":null,"11.5":null,"11.6":null,"12":null,"12.1":0.029535,"15":null,"16":null,"17":null,"18":null,"19":null,"20":null,"21":null,"22":null,"23":null,"24":null,"25":null,"26":null,"27":null,"28":0.005907,"29":null,"30":null,"31":null,"32":null,"33":null,"34":null,"35":null,"36":0.023628,"37":0.011814,"38":0.053163,"39":null,"40":0.011814,"41":0.821073,"42":0.029535,"43":0.029535},"safari":{"3.1":null,"3.2":null,"4":0.011814,"5":0.047256,"5.1":0.11814,"6":0.005907,"6.1":0.076791,"7":0.029535,"7.1":0.011814,"8":0.23628,"9":0.265815,"9.1":1.116423,"10":2.9535,"0":null},"ios_saf":{"3.2":0,"4.0-4.1":0,"4.2-4.3":0,"5.0-5.1":0,"6.0-6.1":0,"7.0-7.1":0.329864344892,"8":0,"8.1-8.4":0.426074778819,"9.0-9.2":0.328337195147,"9.3":2.15022684078,"10-10.1":11.4307158404},"android":{"2.1":0,"2.2":0,"2.3":0.00305470787787,"3":0,"4":0.0264741349416,"4.1":0.0840044666415,"4.2-4.3":0.239794568413,"4.4":0.565120957407,"4.4.3-4.4.4":0.432241164719,"53":null},"op_mob":{"10":0,"11":0,"11.1":0,"11.5":0,"12":0,"12.1":0.000752704285179,"0":0.0270973542664},"ie":{"5.5":null,"6":0.0118576477833,"7":0.0118576477833,"8":0.166007068966,"9":0.326085314039,"10":0.213437660099,"11":8.89323583744},"edge":{"12":0.106326,"13":0.496188,"14":3.579642},"bb":{"7":0.00920925,"10":null},"ie_mob":{"10":0.061951648,"11":0.290046352},"and_ff":{"0":0.049116},"samsung":{"0":5.881641},"and_uc":{"0":0.851344},"op_mini":{"0":0.365077941448},"and_chr":{"0":17.40409}},"total":98.4372304261}