{"id":"NO","name":"Norway","month":"2016-11","access_date":"2016-12-03","data":{"firefox":{"2":null,"3":null,"3.5":null,"3.6":0.019944,"4":null,"5":null,"6":null,"7":null,"8":null,"9":null,"10":null,"11":null,"12":null,"13":null,"14":null,"15":null,"16":null,"17":null,"18":null,"19":null,"20":null,"21":0.039888,"22":null,"23":0.006648,"24":0.006648,"25":0.013296,"26":null,"27":null,"28":null,"29":0.006648,"30":0.006648,"31":0.013296,"32":null,"33":0.013296,"34":0.006648,"35":0.006648,"36":0.006648,"37":0.086424,"38":0.026592,"39":0.013296,"40":0.013296,"41":0.019944,"42":0.019944,"43":0.039888,"44":0.026592,"45":0.113016,"46":0.03324,"47":0.159552,"48":0.272568,"49":3.749472,"50":1.954512,"51":0.013296,"52":null,"53":null},"chrome":{"4":null,"5":null,"6":null,"7":null,"8":null,"9":null,"10":null,"11":null,"12":null,"13":null,"14":null,"15":null,"16":null,"17":null,"18":null,"19":null,"20":null,"21":null,"22":0.006648,"23":null,"24":null,"25":null,"26":0.006648,"27":0.013296,"28":null,"29":0.013296,"30":null,"31":0.019944,"32":0.013296,"33":0.013296,"34":0.026592,"35":0.019944,"36":0.019944,"37":0.019944,"38":0.03324,"39":0.03324,"40":0.026592,"41":0.093072,"42":0.019944,"43":0.06648,"44":0.06648,"45":0.059832,"46":0.086424,"47":0.086424,"48":0.086424,"49":0.870888,"50":0.086424,"51":0.305808,"52":0.252624,"53":1.389432,"54":28.88556,"55":0.126312,"56":0.03324,"57":null},"opera":{"9":null,"9.5-9.6":null,"10.0-10.1":0,"10.5":null,"10.6":null,"11":null,"11.1":null,"11.5":null,"11.6":null,"12":0.006648,"12.1":4.05528,"15":null,"16":null,"17":null,"18":null,"19":null,"20":null,"21":null,"22":null,"23":null,"24":null,"25":null,"26":null,"27":null,"28":0.053184,"29":null,"30":null,"31":null,"32":null,"33":null,"34":null,"35":null,"36":0.03324,"37":0.013296,"38":0.019944,"39":null,"40":0.019944,"41":1.223232,"42":null,"43":null},"safari":{"3.1":null,"3.2":null,"4":0,"5":0.026592,"5.1":0.086424,"6":null,"6.1":0.073128,"7":0.059832,"7.1":0.019944,"8":0.358992,"9":0.358992,"9.1":1.69524,"10":3.536736,"0":null},"ios_saf":{"3.2":0,"4.0-4.1":0,"4.2-4.3":0,"5.0-5.1":0,"6.0-6.1":0,"7.0-7.1":0.350187351453,"8":0,"8.1-8.4":0.45232532896,"9.0-9.2":0.348566113714,"9.3":2.2827027354,"10-10.1":12.1349644705},"android":{"2.1":0,"2.2":0,"2.3":0.0013717248398,"3":0,"4":0.011888281945,"4.1":0.0377224330946,"4.2-4.3":0.107680399925,"4.4":0.253769095364,"4.4.3-4.4.4":0.194099064832,"53":null},"op_mob":{"10":0,"11":0,"11.1":0,"11.5":0,"12":0,"12.1":0.0052188688627,"0":0.187879279057},"ie":{"5.5":null,"6":0.0133214875399,"7":0.00666074376997,"8":0.133214875399,"9":0.179840081789,"10":0.206483056869,"11":9.88454375463},"edge":{"12":0.073128,"13":0.445416,"14":3.02484},"bb":{"7":0.01089075,"10":null},"ie_mob":{"10":0.051900288,"11":0.242987712},"and_ff":{"0":0.036861},"samsung":{"0":3.763173},"and_uc":{"0":0.063669},"op_mini":{"0":2.53126485208},"and_chr":{"0":10.396533}},"total":98.54292675}