{"id":"NP","name":"Nepal","month":"2016-11","access_date":"2016-12-03","data":{"firefox":{"2":null,"3":0.05208,"3.5":null,"3.6":0.010416,"4":0.048608,"5":0.048608,"6":0.048608,"7":null,"8":0.003472,"9":0.013888,"10":0.010416,"11":0.013888,"12":0.031248,"13":0.006944,"14":0.024304,"15":0.013888,"16":0.013888,"17":0.010416,"18":null,"19":0.006944,"20":0.003472,"21":0.013888,"22":0.010416,"23":0.013888,"24":0.003472,"25":0.010416,"26":0.003472,"27":0.006944,"28":0.010416,"29":0.027776,"30":0.013888,"31":0.031248,"32":0.01736,"33":0.031248,"34":0.020832,"35":0.024304,"36":0.027776,"37":0.020832,"38":0.031248,"39":0.038192,"40":0.024304,"41":0.024304,"42":0.027776,"43":0.180544,"44":0.201376,"45":0.06944,"46":0.059024,"47":0.406224,"48":0.194432,"49":2.624832,"50":1.985984,"51":0.31248,"52":0.003472,"53":null},"chrome":{"4":0.006944,"5":0.01736,"6":0.010416,"7":0.006944,"8":0.010416,"9":0.010416,"10":0.006944,"11":0.031248,"12":0.06944,"13":0.006944,"14":0.010416,"15":0.010416,"16":0.048608,"17":0.045136,"18":0.010416,"19":0.059024,"20":0.024304,"21":0.010416,"22":0.038192,"23":0.010416,"24":0.041664,"25":0.027776,"26":0.024304,"27":0.027776,"28":0.045136,"29":0.031248,"30":0.083328,"31":0.163184,"32":0.302064,"33":0.12152,"34":0.020832,"35":0.010416,"36":0.01736,"37":0.006944,"38":0.013888,"39":0.020832,"40":0.013888,"41":0.013888,"42":0.01736,"43":0.187488,"44":0.024304,"45":0.027776,"46":0.031248,"47":0.06944,"48":0.03472,"49":0.857584,"50":0.05208,"51":0.388864,"52":0.270816,"53":0.565936,"54":19.526528,"55":0.15624,"56":0.253456,"57":null},"opera":{"9":null,"9.5-9.6":null,"10.0-10.1":0,"10.5":null,"10.6":null,"11":0.003472,"11.1":null,"11.5":null,"11.6":0.006944,"12":null,"12.1":0.013888,"15":null,"16":null,"17":null,"18":null,"19":null,"20":null,"21":null,"22":null,"23":null,"24":null,"25":null,"26":null,"27":null,"28":0.003472,"29":null,"30":0.003472,"31":null,"32":null,"33":null,"34":0.003472,"35":0.003472,"36":0.024304,"37":0.03472,"38":0.01736,"39":0.006944,"40":0.01736,"41":0.604128,"42":null,"43":null},"safari":{"3.1":null,"3.2":null,"4":0,"5":null,"5.1":0.05208,"6":null,"6.1":0.006944,"7":0.006944,"7.1":0.003472,"8":0.03472,"9":0.031248,"9.1":0.10416,"10":0.253456,"0":null},"ios_saf":{"3.2":0,"4.0-4.1":0,"4.2-4.3":0,"5.0-5.1":0,"6.0-6.1":0,"7.0-7.1":0.0951485060918,"8":0,"8.1-8.4":0.122900153702,"9.0-9.2":0.0947080037488,"9.3":0.620227298969,"10-10.1":3.29716003749},"android":{"2.1":0,"2.2":0,"2.3":0.0109546385224,"3":0,"4":0.0949402005277,"4.1":0.301252559367,"4.2-4.3":0.859939124011,"4.4":2.02660812665,"4.4.3-4.4.4":1.55008135092,"53":null},"op_mob":{"10":0,"11":0,"11.1":0,"11.5":0,"12":0,"12.1":0.0349270971557,"0":1.25737549761},"ie":{"5.5":null,"6":0.00362295652174,"7":0.0470984347826,"8":0.173901913043,"9":0.0724591304348,"10":0.112311652174,"11":0.340557913043},"edge":{"12":0.124992,"13":0.079856,"14":0.180544},"bb":{"7":0.00816,"10":null},"ie_mob":{"10":0.0574464,"11":0.2689536},"and_ff":{"0":0.013056},"samsung":{"0":2.115072},"and_uc":{"0":7.579008},"op_mini":{"0":16.9404014052},"and_chr":{"0":28.212816}},"total":98.659712}