{"id":"NR","name":"Nauru","month":"2016-11","access_date":"2016-12-03","data":{"firefox":{"2":null,"3":0.008263,"3.5":null,"3.6":null,"4":null,"5":null,"6":null,"7":null,"8":0.024789,"9":null,"10":0.090893,"11":null,"12":null,"13":null,"14":1.123768,"15":null,"16":null,"17":null,"18":null,"19":null,"20":0.016526,"21":0.016526,"22":null,"23":null,"24":null,"25":0.016526,"26":null,"27":null,"28":null,"29":null,"30":1.016349,"31":0.008263,"32":null,"33":0.016526,"34":null,"35":0.016526,"36":null,"37":0.049578,"38":null,"39":null,"40":4.428968,"41":null,"42":0.008263,"43":null,"44":0.008263,"45":0.024789,"46":0.008263,"47":0.024789,"48":0.090893,"49":0.537095,"50":0.305731,"51":null,"52":null,"53":null},"chrome":{"4":null,"5":null,"6":null,"7":null,"8":null,"9":null,"10":null,"11":0.057841,"12":null,"13":null,"14":null,"15":null,"16":null,"17":null,"18":null,"19":null,"20":null,"21":null,"22":null,"23":null,"24":null,"25":null,"26":null,"27":0.008263,"28":0.041315,"29":null,"30":null,"31":null,"32":null,"33":null,"34":null,"35":0.08263,"36":0.008263,"37":null,"38":null,"39":0.008263,"40":null,"41":0.049578,"42":0.041315,"43":null,"44":0.016526,"45":null,"46":0.049578,"47":null,"48":null,"49":0.041315,"50":0.016526,"51":0.099156,"52":0.041315,"53":0.24789,"54":5.470106,"55":null,"56":null,"57":null},"opera":{"9":null,"9.5-9.6":null,"10.0-10.1":0,"10.5":null,"10.6":null,"11":null,"11.1":null,"11.5":null,"11.6":null,"12":null,"12.1":0.008263,"15":null,"16":null,"17":null,"18":null,"19":null,"20":null,"21":null,"22":null,"23":null,"24":null,"25":null,"26":null,"27":null,"28":0.033052,"29":null,"30":null,"31":null,"32":null,"33":null,"34":null,"35":null,"36":null,"37":null,"38":null,"39":null,"40":null,"41":null,"42":null,"43":null},"safari":{"3.1":null,"3.2":null,"4":0,"5":null,"5.1":0.016526,"6":null,"6.1":null,"7":null,"7.1":null,"8":null,"9":0.024789,"9.1":0.074367,"10":0.066104,"0":null},"ios_saf":{"3.2":0,"4.0-4.1":0,"4.2-4.3":0,"5.0-5.1":0,"6.0-6.1":0,"7.0-7.1":0.00640383880037,"8":0,"8.1-8.4":0.00827162511715,"9.0-9.2":0.00637419139852,"9.3":0.0417435418099,"10-10.1":0.221910802874},"android":{"2.1":0,"2.2":0,"2.3":0.00462497097625,"3":0,"4":0.0400830817942,"4.1":0.127186701847,"4.2-4.3":0.363060221636,"4.4":0.855619630607,"4.4.3-4.4.4":0.65443339314,"53":null},"op_mob":{"10":0,"11":0,"11.1":0,"11.5":0,"12":0,"12.1":0.00226801282639,"0":0.0816484617499},"ie":{"5.5":null,"6":null,"7":null,"8":3.949714,"9":4.271971,"10":0.033052,"11":59.477074},"edge":{"12":0.016526,"13":0.272679,"14":0.041315},"bb":{"7":0.003472,"10":null},"ie_mob":{"10":0.043691648,"11":0.204556352},"and_ff":{"0":0.010416},"samsung":{"0":0.927024},"and_uc":{"0":3.41992},"op_mini":{"0":1.10003552542},"and_chr":{"0":9.252114}},"total":99.781757}