{"id":"NU","name":"Niue","month":"2016-11","access_date":"2016-12-03","data":{"firefox":{"2":null,"3":0.08533,"3.5":null,"3.6":null,"4":null,"5":null,"6":null,"7":null,"8":null,"9":null,"10":null,"11":null,"12":null,"13":null,"14":null,"15":null,"16":null,"17":0.34132,"18":null,"19":null,"20":null,"21":0.17066,"22":null,"23":null,"24":null,"25":null,"26":null,"27":null,"28":null,"29":0.25599,"30":null,"31":null,"32":null,"33":null,"34":null,"35":0.08533,"36":null,"37":null,"38":null,"39":null,"40":null,"41":null,"42":null,"43":null,"44":null,"45":0.25599,"46":null,"47":1.527407,"48":6.024298,"49":3.814251,"50":7.637035,"51":0.08533,"52":null,"53":null},"chrome":{"4":null,"5":null,"6":null,"7":null,"8":null,"9":null,"10":null,"11":null,"12":null,"13":null,"14":null,"15":null,"16":null,"17":null,"18":0.759437,"19":null,"20":null,"21":null,"22":null,"23":null,"24":null,"25":null,"26":null,"27":null,"28":null,"29":0.34132,"30":null,"31":null,"32":null,"33":null,"34":null,"35":0.08533,"36":0.25599,"37":0.25599,"38":null,"39":null,"40":null,"41":0.17066,"42":null,"43":null,"44":null,"45":0.34132,"46":null,"47":null,"48":0.68264,"49":3.310804,"50":3.140144,"51":null,"52":2.286844,"53":6.698405,"54":22.902572,"55":null,"56":null,"57":null},"opera":{"9":null,"9.5-9.6":null,"10.0-10.1":0,"10.5":null,"10.6":null,"11":null,"11.1":null,"11.5":null,"11.6":null,"12":null,"12.1":null,"15":null,"16":null,"17":null,"18":null,"19":null,"20":null,"21":null,"22":null,"23":null,"24":null,"25":null,"26":null,"27":null,"28":null,"29":null,"30":null,"31":null,"32":null,"33":null,"34":null,"35":null,"36":null,"37":null,"38":null,"39":null,"40":null,"41":1.527407,"42":null,"43":null},"safari":{"3.1":null,"3.2":null,"4":0.25599,"5":0.08533,"5.1":null,"6":null,"6.1":null,"7":null,"7.1":null,"8":null,"9":null,"9.1":0.844767,"10":0.68264,"0":null},"ios_saf":{"3.2":0,"4.0-4.1":0,"4.2-4.3":0,"5.0-5.1":0,"6.0-6.1":0,"7.0-7.1":0.0516097619494,"8":0,"8.1-8.4":0.0666626091846,"9.0-9.2":0.0513708278663,"9.3":0.336419189003,"10-10.1":1.788421612},"android":{"2.1":0,"2.2":0,"2.3":0.000776883528081,"3":0,"4":0.00673299057671,"4.1":0.0213642970222,"4.2-4.3":0.0609853569544,"4.4":0.143723452695,"4.4.3-4.4.4":0.109929019224,"53":null},"op_mob":{"10":0,"11":0,"11.1":0,"11.5":0,"12":0,"12.1":0,"0":0},"ie":{"5.5":null,"6":null,"7":null,"8":1.85223506858,"9":0.465385695624,"10":1.01454081646,"11":10.9179484193},"edge":{"12":null,"13":1.954057,"14":0.59731},"bb":{"7":0,"10":null},"ie_mob":{"10":0.080869184,"11":0.378614816},"and_ff":{"0":1.146508},"samsung":{"0":1.261012},"and_uc":{"0":null},"op_mini":{"0":0},"and_chr":{"0":11.515808}},"total":98.732816}