{"id":"NZ","name":"New Zealand","month":"2016-11","access_date":"2016-12-03","data":{"firefox":{"2":null,"3":null,"3.5":null,"3.6":0.005998,"4":null,"5":null,"6":null,"7":null,"8":null,"9":null,"10":0.005998,"11":null,"12":0.005998,"13":null,"14":null,"15":null,"16":0.005998,"17":null,"18":null,"19":null,"20":null,"21":0.005998,"22":null,"23":null,"24":0.011996,"25":null,"26":null,"27":null,"28":0.011996,"29":0.011996,"30":null,"31":0.017994,"32":null,"33":0.011996,"34":0.011996,"35":null,"36":0.005998,"37":0.035988,"38":0.035988,"39":0.035988,"40":0.017994,"41":0.041986,"42":0.02999,"43":0.047984,"44":0.02999,"45":0.14995,"46":0.035988,"47":0.215928,"48":0.257914,"49":3.670776,"50":2.027324,"51":0.023992,"52":null,"53":null},"chrome":{"4":null,"5":null,"6":null,"7":null,"8":null,"9":null,"10":null,"11":0.011996,"12":null,"13":null,"14":null,"15":null,"16":null,"17":null,"18":null,"19":null,"20":null,"21":null,"22":0.017994,"23":null,"24":null,"25":null,"26":0.017994,"27":0.005998,"28":null,"29":null,"30":null,"31":0.017994,"32":0.005998,"33":0.011996,"34":0.035988,"35":0.017994,"36":0.02999,"37":0.017994,"38":0.047984,"39":0.05998,"40":0.023992,"41":0.02999,"42":0.047984,"43":0.077974,"44":0.125958,"45":0.335888,"46":0.05998,"47":0.233922,"48":0.08997,"49":1.463512,"50":0.215928,"51":0.44985,"52":0.455848,"53":1.691436,"54":30.313892,"55":0.101966,"56":0.05998,"57":0.011996},"opera":{"9":null,"9.5-9.6":null,"10.0-10.1":0,"10.5":null,"10.6":null,"11":null,"11.1":null,"11.5":null,"11.6":null,"12":null,"12.1":0.023992,"15":null,"16":null,"17":null,"18":null,"19":null,"20":null,"21":null,"22":null,"23":null,"24":null,"25":null,"26":null,"27":null,"28":0.011996,"29":null,"30":null,"31":null,"32":null,"33":null,"34":null,"35":null,"36":0.017994,"37":0.011996,"38":0.017994,"39":null,"40":null,"41":0.191936,"42":null,"43":null},"safari":{"3.1":null,"3.2":null,"4":0.011996,"5":0.065978,"5.1":0.11996,"6":0.011996,"6.1":0.083972,"7":0.041986,"7.1":0.011996,"8":0.281906,"9":0.311896,"9.1":1.193602,"10":2.633122,"0":null},"ios_saf":{"3.2":0,"4.0-4.1":0,"4.2-4.3":0,"5.0-5.1":0,"6.0-6.1":0,"7.0-7.1":0.40598748641,"8":0,"8.1-8.4":0.52440050328,"9.0-9.2":0.404107914714,"9.3":2.64643694845,"10-10.1":14.0685941471},"android":{"2.1":0,"2.2":0,"2.3":0.00291511345646,"3":0,"4":0.0252643166227,"4.1":0.0801656200528,"4.2-4.3":0.228836406332,"4.4":0.539295989446,"4.4.3-4.4.4":0.41248855409,"53":null},"op_mob":{"10":0,"11":0,"11.1":0,"11.5":0,"12":0,"12.1":0.000513773622621,"0":0.0184958504144},"ie":{"5.5":null,"6":null,"7":null,"8":0.187501964486,"9":0.217744216822,"10":0.199598865421,"11":5.8609485028},"edge":{"12":0.071976,"13":0.377874,"14":2.621126},"bb":{"7":0.01100825,"10":null},"ie_mob":{"10":0.057066768,"11":0.267176232},"and_ff":{"0":0.036027},"samsung":{"0":3.422565},"and_uc":{"0":0.528396},"op_mini":{"0":0.249191375963},"and_chr":{"0":17.461287}},"total":98.8330157995}