{"id":"OM","name":"Oman","month":"2016-11","access_date":"2016-12-03","data":{"firefox":{"2":null,"3":null,"3.5":null,"3.6":0.004005,"4":0.00267,"5":null,"6":0.001335,"7":null,"8":null,"9":null,"10":0.00267,"11":null,"12":0.00801,"13":null,"14":0.001335,"15":0.001335,"16":0.00267,"17":null,"18":0.001335,"19":null,"20":null,"21":null,"22":0.00267,"23":null,"24":null,"25":null,"26":null,"27":null,"28":0.00267,"29":0.001335,"30":0.00534,"31":null,"32":null,"33":0.00267,"34":0.00267,"35":0.001335,"36":0.00267,"37":0.006675,"38":0.00534,"39":0.004005,"40":0.006675,"41":0.004005,"42":0.004005,"43":0.017355,"44":0.02403,"45":0.012015,"46":0.01602,"47":0.08811,"48":0.054735,"49":0.602085,"50":0.308385,"51":0.022695,"52":null,"53":null},"chrome":{"4":null,"5":0.00267,"6":0.001335,"7":null,"8":null,"9":0.004005,"10":0.001335,"11":0.00801,"12":0.00267,"13":0.004005,"14":0.00267,"15":0.004005,"16":null,"17":0.00267,"18":null,"19":0.004005,"20":0.001335,"21":0.00267,"22":0.009345,"23":0.006675,"24":0.00267,"25":0.00534,"26":0.004005,"27":0.00267,"28":0.006675,"29":0.01335,"30":0.009345,"31":0.00801,"32":0.004005,"33":0.017355,"34":0.009345,"35":0.00801,"36":0.038715,"37":0.001335,"38":0.0267,"39":0.009345,"40":0.00534,"41":0.00534,"42":0.00801,"43":0.08277,"44":0.028035,"45":0.01068,"46":0.01068,"47":0.041385,"48":0.01068,"49":0.361785,"50":0.02136,"51":0.09345,"52":0.05874,"53":0.19491,"54":6.81918,"55":0.04806,"56":0.030705,"57":null},"opera":{"9":null,"9.5-9.6":null,"10.0-10.1":0,"10.5":null,"10.6":null,"11":null,"11.1":null,"11.5":null,"11.6":null,"12":null,"12.1":0.00267,"15":null,"16":null,"17":null,"18":null,"19":0.00267,"20":null,"21":null,"22":null,"23":null,"24":null,"25":null,"26":null,"27":null,"28":null,"29":null,"30":null,"31":null,"32":null,"33":null,"34":null,"35":null,"36":0.004005,"37":0.006675,"38":0.004005,"39":null,"40":0.00534,"41":0.142845,"42":null,"43":null},"safari":{"3.1":null,"3.2":null,"4":0,"5":0.006675,"5.1":0.01068,"6":0.006675,"6.1":0.014685,"7":0.012015,"7.1":0.00267,"8":0.05073,"9":0.06942,"9.1":0.166875,"10":0.28035,"0":null},"ios_saf":{"3.2":0,"4.0-4.1":0,"4.2-4.3":0,"5.0-5.1":0,"6.0-6.1":0,"7.0-7.1":0.0658767385192,"8":0,"8.1-8.4":0.085090787254,"9.0-9.2":0.0655717536187,"9.3":0.429418739977,"10-10.1":2.28281198063},"android":{"2.1":0,"2.2":0,"2.3":0.0240059366755,"3":0,"4":0.208051451187,"4.1":0.660163258575,"4.2-4.3":1.88446602902,"4.4":4.44109828496,"4.4.3-4.4.4":3.39684003958,"53":null},"op_mob":{"10":0,"11":0,"11.1":0,"11.5":0,"12":0,"12.1":0.00033197851164,"0":0.011951226419},"ie":{"5.5":null,"6":null,"7":0.0026811117717,"8":0.184996712247,"9":0.21314838585,"10":0.258727285969,"11":1.59526150416},"edge":{"12":0.038715,"13":0.12549,"14":0.28035},"bb":{"7":0.01083125,"10":null},"ie_mob":{"10":0.02135056,"11":0.09995944},"and_ff":{"0":null},"samsung":{"0":3.977235},"and_uc":{"0":0.164635},"op_mini":{"0":0.161016795069},"and_chr":{"0":68.05468}},"total":98.81199125}