{"id":"PA","name":"Panama","month":"2016-11","access_date":"2016-12-03","data":{"firefox":{"2":null,"3":0.005284,"3.5":0.010568,"3.6":0.010568,"4":null,"5":null,"6":null,"7":null,"8":null,"9":null,"10":null,"11":null,"12":null,"13":null,"14":null,"15":null,"16":0.010568,"17":null,"18":null,"19":null,"20":null,"21":null,"22":null,"23":null,"24":null,"25":null,"26":null,"27":null,"28":null,"29":null,"30":null,"31":null,"32":0.005284,"33":null,"34":null,"35":0.005284,"36":0.010568,"37":0.015852,"38":0.021136,"39":0.02642,"40":0.021136,"41":0.021136,"42":0.010568,"43":0.07926,"44":0.031704,"45":0.07926,"46":0.047556,"47":0.206076,"48":0.327608,"49":2.515184,"50":1.55878,"51":0.015852,"52":null,"53":null},"chrome":{"4":null,"5":null,"6":null,"7":null,"8":null,"9":null,"10":null,"11":0.021136,"12":null,"13":null,"14":null,"15":null,"16":null,"17":null,"18":0.010568,"19":null,"20":null,"21":null,"22":0.015852,"23":null,"24":null,"25":0.010568,"26":0.010568,"27":null,"28":0.005284,"29":0.095112,"30":null,"31":0.036988,"32":0.005284,"33":null,"34":0.02642,"35":0.042272,"36":0.021136,"37":0.021136,"38":0.042272,"39":0.031704,"40":0.021136,"41":0.031704,"42":0.015852,"43":0.089828,"44":0.05284,"45":0.190224,"46":0.042272,"47":0.047556,"48":0.07926,"49":1.521792,"50":0.110964,"51":0.364596,"52":0.258916,"53":0.87186,"54":31.106908,"55":0.095112,"56":0.021136,"57":null},"opera":{"9":null,"9.5-9.6":null,"10.0-10.1":0,"10.5":null,"10.6":null,"11":null,"11.1":null,"11.5":null,"11.6":null,"12":null,"12.1":0.005284,"15":null,"16":null,"17":null,"18":null,"19":null,"20":null,"21":null,"22":null,"23":null,"24":null,"25":null,"26":null,"27":null,"28":null,"29":0.021136,"30":null,"31":null,"32":null,"33":null,"34":null,"35":null,"36":0.005284,"37":0.036988,"38":0.031704,"39":null,"40":0.010568,"41":0.280052,"42":0.010568,"43":null},"safari":{"3.1":null,"3.2":null,"4":0,"5":0.036988,"5.1":0.073976,"6":0.015852,"6.1":0.073976,"7":0.031704,"7.1":0.005284,"8":0.322324,"9":0.31704,"9.1":1.173048,"10":2.335528,"0":null},"ios_saf":{"3.2":0,"4.0-4.1":0,"4.2-4.3":0,"5.0-5.1":0,"6.0-6.1":0,"7.0-7.1":0.109047002812,"8":0,"8.1-8.4":0.140852378632,"9.0-9.2":0.108542155576,"9.3":0.710824907216,"10-10.1":3.77878155576},"android":{"2.1":0,"2.2":0,"2.3":0.0132040889559,"3":0,"4":0.114435437618,"4.1":0.363112446287,"4.2-4.3":1.03652098304,"4.4":2.44275645684,"4.4.3-4.4.4":1.86837858726,"53":null},"op_mob":{"10":0,"11":0,"11.1":0,"11.5":0,"12":0,"12.1":0.00196040111606,"0":0.0705744401782},"ie":{"5.5":null,"6":null,"7":0.00535032635983,"8":0.358471866109,"9":0.214013054393,"10":0.203312401674,"11":3.01223374059},"edge":{"12":0.121532,"13":0.3963,"14":1.236456},"bb":{"7":0.029475,"10":null},"ie_mob":{"10":0.035690688,"11":0.167097312},"and_ff":{"0":0.009432},"samsung":{"0":8.30016},"and_uc":{"0":0.249948},"op_mini":{"0":0.950837158706},"and_chr":{"0":27.758896}},"total":98.9494083891}