{"id":"PE","name":"Peru","month":"2016-11","access_date":"2016-12-03","data":{"firefox":{"2":null,"3":0.029272,"3.5":null,"3.6":0.007318,"4":null,"5":null,"6":null,"7":null,"8":null,"9":null,"10":null,"11":null,"12":null,"13":null,"14":null,"15":null,"16":0.007318,"17":null,"18":null,"19":null,"20":null,"21":null,"22":null,"23":null,"24":null,"25":null,"26":null,"27":null,"28":null,"29":null,"30":0.007318,"31":0.014636,"32":null,"33":0.007318,"34":0.014636,"35":0.014636,"36":0.014636,"37":0.021954,"38":0.021954,"39":0.029272,"40":0.021954,"41":0.021954,"42":0.029272,"43":0.10977,"44":0.021954,"45":0.065862,"46":0.043908,"47":0.263448,"48":0.153678,"49":1.770956,"50":0.973294,"51":0.014636,"52":null,"53":null},"chrome":{"4":null,"5":null,"6":null,"7":null,"8":null,"9":null,"10":null,"11":0.021954,"12":null,"13":null,"14":null,"15":null,"16":null,"17":null,"18":0.014636,"19":null,"20":0.03659,"21":0.014636,"22":0.07318,"23":0.021954,"24":0.029272,"25":0.043908,"26":0.058544,"27":0.014636,"28":0.007318,"29":0.07318,"30":0.014636,"31":0.065862,"32":0.021954,"33":0.058544,"34":0.065862,"35":0.03659,"36":0.043908,"37":0.043908,"38":0.080498,"39":0.124406,"40":0.07318,"41":0.051226,"42":0.058544,"43":0.18295,"44":0.153678,"45":0.139042,"46":0.226858,"47":0.204904,"48":0.234176,"49":3.40287,"50":0.409808,"51":1.17088,"52":0.922068,"53":2.283216,"54":52.338336,"55":0.153678,"56":0.051226,"57":null},"opera":{"9":null,"9.5-9.6":null,"10.0-10.1":0,"10.5":null,"10.6":null,"11":null,"11.1":null,"11.5":null,"11.6":null,"12":null,"12.1":null,"15":null,"16":null,"17":null,"18":null,"19":null,"20":null,"21":null,"22":null,"23":null,"24":null,"25":null,"26":null,"27":null,"28":null,"29":null,"30":null,"31":null,"32":null,"33":null,"34":null,"35":null,"36":0.014636,"37":0.014636,"38":0.03659,"39":null,"40":0.007318,"41":0.351264,"42":null,"43":null},"safari":{"3.1":null,"3.2":null,"4":0,"5":null,"5.1":0.014636,"6":null,"6.1":null,"7":0.065862,"7.1":null,"8":0.07318,"9":0.080498,"9.1":0.204904,"10":0.417126,"0":null},"ios_saf":{"3.2":0,"4.0-4.1":0,"4.2-4.3":0,"5.0-5.1":0,"6.0-6.1":0,"7.0-7.1":0.0366043186504,"8":0,"8.1-8.4":0.0472805782568,"9.0-9.2":0.0364348542122,"9.3":0.238605928981,"10-10.1":1.2684413199},"android":{"2.1":0,"2.2":0,"2.3":0.00385627440633,"3":0,"4":0.0334210448549,"4.1":0.106047546174,"4.2-4.3":0.302717540897,"4.4":0.713410765172,"4.4.3-4.4.4":0.545662828496,"53":null},"op_mob":{"10":0,"11":0,"11.1":0,"11.5":0,"12":0,"12.1":0.00227516003831,"0":0.0819057613793},"ie":{"5.5":null,"6":null,"7":null,"8":0.288015571429,"9":0.106111,"10":0.181904571429,"11":1.33396685714},"edge":{"12":0.058544,"13":0.139042,"14":0.417126},"bb":{"7":0.01273475,"10":null},"ie_mob":{"10":0.14391608,"11":0.67378892},"and_ff":{"0":0.045577},"samsung":{"0":0.973203},"and_uc":{"0":0.168903},"op_mini":{"0":1.10350207858},"and_chr":{"0":21.710142}},"total":98.75736075}