{"id":"PF","name":"French Polynesia","month":"2016-11","access_date":"2016-12-03","data":{"firefox":{"2":0.006103,"3":null,"3.5":0.012206,"3.6":0.048824,"4":0.012206,"5":0.067133,"6":0.006103,"7":null,"8":0.06103,"9":0.042721,"10":0.030515,"11":null,"12":0.048824,"13":null,"14":null,"15":0.006103,"16":0.048824,"17":0.097648,"18":null,"19":0.012206,"20":0.012206,"21":0.018309,"22":null,"23":0.018309,"24":0.012206,"25":0.012206,"26":0.018309,"27":null,"28":0.128163,"29":0.006103,"30":0.024412,"31":0.030515,"32":0.12206,"33":0.006103,"34":0.030515,"35":0.006103,"36":0.018309,"37":0.134266,"38":0.256326,"39":0.024412,"40":0.042721,"41":0.042721,"42":0.030515,"43":0.225811,"44":0.054927,"45":0.457725,"46":0.103751,"47":0.512652,"48":1.006995,"49":9.014131,"50":4.296512,"51":0.048824,"52":null,"53":null},"chrome":{"4":null,"5":null,"6":null,"7":null,"8":null,"9":null,"10":null,"11":0.006103,"12":null,"13":null,"14":null,"15":null,"16":null,"17":null,"18":0.012206,"19":null,"20":null,"21":null,"22":0.030515,"23":null,"24":null,"25":null,"26":0.006103,"27":null,"28":null,"29":null,"30":null,"31":0.018309,"32":0.012206,"33":null,"34":0.018309,"35":0.018309,"36":0.018309,"37":0.018309,"38":0.018309,"39":0.012206,"40":0.073236,"41":0.097648,"42":0.012206,"43":0.054927,"44":0.048824,"45":0.054927,"46":0.036618,"47":0.018309,"48":0.115957,"49":1.379278,"50":0.024412,"51":0.231914,"52":0.152575,"53":1.104643,"54":23.203606,"55":0.091545,"56":0.030515,"57":null},"opera":{"9":null,"9.5-9.6":null,"10.0-10.1":0,"10.5":null,"10.6":null,"11":null,"11.1":null,"11.5":null,"11.6":null,"12":null,"12.1":0.012206,"15":null,"16":null,"17":null,"18":null,"19":null,"20":null,"21":null,"22":null,"23":null,"24":null,"25":null,"26":null,"27":null,"28":0.024412,"29":null,"30":null,"31":null,"32":null,"33":null,"34":null,"35":null,"36":0.024412,"37":0.018309,"38":null,"39":0.012206,"40":0.006103,"41":1.373175,"42":null,"43":null},"safari":{"3.1":null,"3.2":null,"4":0.012206,"5":0.12206,"5.1":0.518755,"6":0.042721,"6.1":0.225811,"7":0.817802,"7.1":0.006103,"8":0.311253,"9":0.378386,"9.1":1.660016,"10":2.972161,"0":null},"ios_saf":{"3.2":0,"4.0-4.1":0,"4.2-4.3":0,"5.0-5.1":0,"6.0-6.1":0,"7.0-7.1":0.224046455483,"8":0,"8.1-8.4":0.289393338332,"9.0-9.2":0.223009203374,"9.3":1.46045096907,"10-10.1":7.76383203374},"android":{"2.1":0,"2.2":0,"2.3":0.00646023595929,"3":0,"4":0.0559887116472,"4.1":0.177656488881,"4.2-4.3":0.507128522804,"4.4":1.19514365247,"4.4.3-4.4.4":0.91412338824,"53":null},"op_mob":{"10":0,"11":0,"11.1":0,"11.5":0,"12":0,"12.1":0.000380725523675,"0":0.0137061188523},"ie":{"5.5":null,"6":null,"7":0.006103,"8":0.140369,"9":0.091545,"10":0.170884,"11":3.435989},"edge":{"12":0.189193,"13":0.42721,"14":1.263321},"bb":{"7":0.0136395,"10":null},"ie_mob":{"10":0.19204416,"11":0.89911584},"and_ff":{"0":0.101322},"samsung":{"0":4.493241},"and_uc":{"0":0.124704},"op_mini":{"0":0.184660155624},"and_chr":{"0":20.602372}},"total":97.8420255}