{"id":"PG","name":"Papua New Guinea","month":"2016-11","access_date":"2016-12-03","data":{"firefox":{"2":null,"3":0.093932,"3.5":0.004084,"3.6":0.01021,"4":0.006126,"5":0.004084,"6":0.006126,"7":0.016336,"8":0.002042,"9":null,"10":0.004084,"11":0.008168,"12":0.01021,"13":0.008168,"14":0.004084,"15":0.008168,"16":0.004084,"17":null,"18":0.004084,"19":0.004084,"20":0.004084,"21":null,"22":0.01021,"23":0.004084,"24":0.01021,"25":0.02042,"26":0.006126,"27":0.002042,"28":0.014294,"29":0.006126,"30":0.016336,"31":0.012252,"32":0.038798,"33":0.004084,"34":0.008168,"35":0.016336,"36":0.002042,"37":0.038798,"38":0.02042,"39":0.008168,"40":0.598306,"41":0.036756,"42":0.006126,"43":0.524794,"44":0.13273,"45":0.04084,"46":0.049008,"47":1.11289,"48":0.1021,"49":2.037916,"50":0.65344,"51":0.022462,"52":null,"53":null},"chrome":{"4":0.006126,"5":null,"6":null,"7":null,"8":null,"9":null,"10":null,"11":0.008168,"12":0.004084,"13":null,"14":null,"15":null,"16":null,"17":0.004084,"18":0.008168,"19":null,"20":null,"21":null,"22":0.006126,"23":null,"24":null,"25":0.004084,"26":0.02042,"27":0.006126,"28":0.004084,"29":null,"30":0.004084,"31":0.159276,"32":0.008168,"33":0.004084,"34":0.024504,"35":0.006126,"36":0.022462,"37":0.049008,"38":0.008168,"39":0.026546,"40":0.008168,"41":0.057176,"42":0.006126,"43":0.057176,"44":0.02042,"45":0.03063,"46":0.185822,"47":0.032672,"48":0.036756,"49":0.181738,"50":0.181738,"51":0.196032,"52":0.167444,"53":0.351224,"54":6.83049,"55":0.012252,"56":0.098016,"57":null},"opera":{"9":null,"9.5-9.6":null,"10.0-10.1":0,"10.5":null,"10.6":null,"11":null,"11.1":null,"11.5":null,"11.6":null,"12":null,"12.1":null,"15":null,"16":null,"17":null,"18":null,"19":null,"20":null,"21":null,"22":null,"23":null,"24":null,"25":null,"26":null,"27":null,"28":null,"29":0.004084,"30":0.002042,"31":null,"32":0.01021,"33":null,"34":0.002042,"35":0.006126,"36":0.004084,"37":0.034714,"38":0.016336,"39":0.004084,"40":0.008168,"41":0.4084,"42":null,"43":null},"safari":{"3.1":null,"3.2":null,"4":0,"5":0.014294,"5.1":0.026546,"6":0.006126,"6.1":0.002042,"7":0.016336,"7.1":0.004084,"8":0.157234,"9":0.04084,"9.1":0.07147,"10":0.189906,"0":null},"ios_saf":{"3.2":0,"4.0-4.1":0,"4.2-4.3":0,"5.0-5.1":0,"6.0-6.1":0,"7.0-7.1":0.014677923149,"8":0,"8.1-8.4":0.0189589840675,"9.0-9.2":0.0146099698011,"9.3":0.0956783138603,"10-10.1":0.508630809122},"android":{"2.1":0,"2.2":0,"2.3":0.00858492122126,"3":0,"4":0.0744026505842,"4.1":0.236085333585,"4.2-4.3":0.673916315869,"4.4":1.58821042593,"4.4.3-4.4.4":1.21476635281,"53":null},"op_mob":{"10":0,"11":0,"11.1":0,"11.5":0,"12":0,"12.1":0.00913150093699,"0":0.328734033732},"ie":{"5.5":null,"6":0.00205718649886,"7":0.00411437299771,"8":0.483438827231,"9":0.481381640732,"10":0.271548617849,"11":2.35342135469},"edge":{"12":0.100058,"13":0.24504,"14":0.134772},"bb":{"7":0.0139265,"10":null},"ie_mob":{"10":0.040617632,"11":0.190164368},"and_ff":{"0":null},"samsung":{"0":0.962918},"and_uc":{"0":62.0724},"op_mini":{"0":4.42897646533},"and_chr":{"0":7.308884}},"total":99.5054905}