{"id":"PH","name":"Philippines","month":"2016-11","access_date":"2016-12-03","data":{"firefox":{"2":null,"3":0.01139,"3.5":null,"3.6":0.017085,"4":0.005695,"5":null,"6":null,"7":null,"8":null,"9":null,"10":null,"11":0.01139,"12":0.01139,"13":0.005695,"14":0.01139,"15":0.005695,"16":0.01139,"17":null,"18":0.005695,"19":0.005695,"20":0.01139,"21":0.02278,"22":0.01139,"23":0.017085,"24":0.01139,"25":0.01139,"26":0.017085,"27":0.01139,"28":0.01139,"29":0.02278,"30":0.02278,"31":0.02278,"32":0.017085,"33":0.02278,"34":0.017085,"35":0.028475,"36":0.028475,"37":0.04556,"38":0.074035,"39":0.051255,"40":0.051255,"41":0.062645,"42":0.051255,"43":0.17085,"44":0.09112,"45":0.12529,"46":0.06834,"47":0.336005,"48":0.21641,"49":2.25522,"50":1.326935,"51":0.108205,"52":null,"53":null},"chrome":{"4":null,"5":null,"6":0.005695,"7":null,"8":null,"9":null,"10":0.01139,"11":0.028475,"12":0.017085,"13":0.005695,"14":0.005695,"15":0.005695,"16":0.017085,"17":0.01139,"18":0.028475,"19":0.017085,"20":0.01139,"21":0.02278,"22":0.04556,"23":0.028475,"24":0.028475,"25":0.04556,"26":0.051255,"27":0.039865,"28":0.05695,"29":0.051255,"30":0.04556,"31":0.176545,"32":0.04556,"33":0.142375,"34":0.04556,"35":0.05695,"36":0.05695,"37":0.039865,"38":0.04556,"39":0.085425,"40":0.074035,"41":0.074035,"42":0.06834,"43":0.19363,"44":0.187935,"45":0.17085,"46":0.25058,"47":0.25058,"48":0.25058,"49":2.443155,"50":0.35309,"51":1.09344,"52":0.757435,"53":1.964775,"54":33.96498,"55":0.222105,"56":0.301835,"57":null},"opera":{"9":null,"9.5-9.6":null,"10.0-10.1":0,"10.5":null,"10.6":null,"11":null,"11.1":null,"11.5":null,"11.6":null,"12":null,"12.1":0.01139,"15":null,"16":0.005695,"17":null,"18":null,"19":null,"20":null,"21":null,"22":null,"23":null,"24":null,"25":null,"26":null,"27":null,"28":0.028475,"29":null,"30":null,"31":null,"32":null,"33":null,"34":null,"35":null,"36":0.01139,"37":0.03417,"38":0.01139,"39":null,"40":0.01139,"41":0.23919,"42":null,"43":null},"safari":{"3.1":null,"3.2":null,"4":0,"5":0.01139,"5.1":0.028475,"6":null,"6.1":0.01139,"7":0.028475,"7.1":null,"8":0.09112,"9":0.108205,"9.1":0.26197,"10":0.48977,"0":null},"ios_saf":{"3.2":0,"4.0-4.1":0,"4.2-4.3":0,"5.0-5.1":0,"6.0-6.1":0,"7.0-7.1":0.167035613871,"8":0,"8.1-8.4":0.215754334583,"9.0-9.2":0.166262300843,"9.3":1.08882474227,"10-10.1":5.78824800843},"android":{"2.1":0,"2.2":0,"2.3":0.00830493403694,"3":0,"4":0.0719760949868,"4.1":0.228385686016,"4.2-4.3":0.6519373219,"4.4":1.53641279683,"4.4.3-4.4.4":1.17514816623,"53":null},"op_mob":{"10":0,"11":0,"11.1":0,"11.5":0,"12":0,"12.1":0.0157266151668,"0":0.566158146004},"ie":{"5.5":null,"6":null,"7":0.32096,"8":0.217794285714,"9":0.0745085714286,"10":0.0859714285714,"11":1.98880571429},"edge":{"12":0.07973,"13":0.13668,"14":0.336005},"bb":{"7":0.02690625,"10":null},"ie_mob":{"10":0.0606144,"11":0.2837856},"and_ff":{"0":0.02583},"samsung":{"0":1.674645},"and_uc":{"0":1.597155},"op_mini":{"0":7.62775023883},"and_chr":{"0":22.04158}},"total":98.98426125}