{"id":"PK","name":"Pakistan","month":"2016-11","access_date":"2016-12-03","data":{"firefox":{"2":null,"3":0.0885,"3.5":0.00295,"3.6":0.0118,"4":0.00295,"5":0.00295,"6":0.00295,"7":null,"8":0.00295,"9":null,"10":0.0059,"11":0.0059,"12":0.00885,"13":0.00295,"14":0.00885,"15":0.0059,"16":0.00885,"17":0.0059,"18":0.0236,"19":0.0059,"20":0.00295,"21":0.00885,"22":0.00295,"23":0.0118,"24":0.0059,"25":0.00885,"26":0.0059,"27":0.00885,"28":0.0059,"29":0.02065,"30":0.01475,"31":0.0118,"32":0.0118,"33":0.0177,"34":0.00885,"35":0.02065,"36":0.0118,"37":0.0177,"38":0.0236,"39":0.0177,"40":0.0236,"41":0.02065,"42":0.02065,"43":0.11505,"44":0.13865,"45":0.0531,"46":0.05015,"47":0.236,"48":0.10915,"49":1.416,"50":0.885,"51":0.13865,"52":null,"53":null},"chrome":{"4":null,"5":null,"6":null,"7":null,"8":null,"9":null,"10":0.0059,"11":0.01475,"12":0.00885,"13":0.0059,"14":0.00885,"15":0.0059,"16":0.0118,"17":0.01475,"18":0.00885,"19":0.0118,"20":0.0177,"21":0.0118,"22":0.02655,"23":0.04425,"24":0.03245,"25":0.06785,"26":0.0177,"27":0.0295,"28":0.0295,"29":0.0413,"30":0.0354,"31":0.10915,"32":0.0531,"33":0.1062,"34":0.03245,"35":0.0177,"36":0.01475,"37":0.00885,"38":0.0236,"39":0.03835,"40":0.02065,"41":0.02065,"42":0.01475,"43":0.2891,"44":0.0354,"45":0.0354,"46":0.03245,"47":0.0531,"48":0.059,"49":1.37175,"50":0.05015,"51":0.2478,"52":0.19765,"53":0.3776,"54":16.3784,"55":0.2478,"56":0.2537,"57":null},"opera":{"9":null,"9.5-9.6":null,"10.0-10.1":0,"10.5":null,"10.6":null,"11":null,"11.1":null,"11.5":null,"11.6":0.0059,"12":0.00295,"12.1":0.01475,"15":null,"16":null,"17":null,"18":null,"19":null,"20":null,"21":null,"22":null,"23":null,"24":null,"25":null,"26":0.0059,"27":null,"28":0.00885,"29":null,"30":null,"31":null,"32":null,"33":null,"34":0.00295,"35":0.00295,"36":0.0295,"37":0.05605,"38":0.0177,"39":0.00885,"40":0.02065,"41":0.64605,"42":0.0059,"43":null},"safari":{"3.1":null,"3.2":null,"4":0.0059,"5":0.00295,"5.1":0.0059,"6":null,"6.1":null,"7":0.0059,"7.1":null,"8":0.0177,"9":0.01475,"9.1":0.0413,"10":0.0826,"0":null},"ios_saf":{"3.2":0,"4.0-4.1":0,"4.2-4.3":0,"5.0-5.1":0,"6.0-6.1":0,"7.0-7.1":0.0686534283037,"8":0,"8.1-8.4":0.0886773448922,"9.0-9.2":0.0683355883578,"9.3":0.447518643757,"10-10.1":2.37903199469},"android":{"2.1":0,"2.2":0,"2.3":0.0128970395778,"3":0,"4":0.111774343008,"4.1":0.354668588391,"4.2-4.3":1.01241760686,"4.4":2.3859523219,"4.4.3-4.4.4":1.82493110026,"53":null},"op_mob":{"10":0,"11":0,"11.1":0,"11.5":0,"12":0,"12.1":0.0178108118936,"0":0.641189228168},"ie":{"5.5":null,"6":0.0351644486692,"7":0.00639353612167,"8":0.26852851711,"9":0.03836121673,"10":0.0799192015209,"11":0.412383079848},"edge":{"12":0.05605,"13":0.06195,"14":0.1416},"bb":{"7":0.0317205,"10":null},"ie_mob":{"10":0.150115504,"11":0.702813496},"and_ff":{"0":0.035245},"samsung":{"0":1.90323},"and_uc":{"0":19.899327},"op_mini":{"0":8.63863095994},"and_chr":{"0":30.93081}},"total":97.9961505}