{"id":"PL","name":"Poland","month":"2016-11","access_date":"2016-12-03","data":{"firefox":{"2":null,"3":0.004156,"3.5":0.004156,"3.6":0.016624,"4":null,"5":null,"6":null,"7":null,"8":null,"9":null,"10":0.004156,"11":0.004156,"12":0.008312,"13":null,"14":null,"15":0.004156,"16":0.008312,"17":null,"18":0.008312,"19":null,"20":0.004156,"21":0.008312,"22":null,"23":null,"24":0.004156,"25":null,"26":0.004156,"27":0.004156,"28":0.008312,"29":0.008312,"30":0.004156,"31":0.016624,"32":0.004156,"33":0.012468,"34":0.008312,"35":0.012468,"36":0.016624,"37":0.02078,"38":0.078964,"39":0.024936,"40":0.024936,"41":0.037404,"42":0.04156,"43":0.12468,"44":0.04156,"45":0.137148,"46":0.06234,"47":0.465472,"48":0.241048,"49":5.972172,"50":3.682216,"51":0.02078,"52":null,"53":null},"chrome":{"4":null,"5":null,"6":null,"7":null,"8":null,"9":null,"10":null,"11":0.02078,"12":null,"13":null,"14":null,"15":null,"16":null,"17":null,"18":0.008312,"19":null,"20":null,"21":null,"22":0.016624,"23":null,"24":null,"25":null,"26":0.012468,"27":null,"28":null,"29":null,"30":0.004156,"31":0.04156,"32":0.008312,"33":0.016624,"34":0.037404,"35":0.029092,"36":0.016624,"37":0.02078,"38":0.033248,"39":0.04156,"40":0.02078,"41":0.016624,"42":0.054028,"43":0.066496,"44":0.033248,"45":0.024936,"46":0.029092,"47":0.049872,"48":0.058184,"49":1.591748,"50":0.066496,"51":0.282608,"52":0.153772,"53":0.440536,"54":17.733652,"55":0.049872,"56":0.016624,"57":null},"opera":{"9":null,"9.5-9.6":null,"10.0-10.1":0,"10.5":null,"10.6":null,"11":null,"11.1":null,"11.5":null,"11.6":0.004156,"12":0.008312,"12.1":0.141304,"15":null,"16":null,"17":null,"18":0.004156,"19":0.008312,"20":0.004156,"21":null,"22":null,"23":null,"24":null,"25":null,"26":0.004156,"27":null,"28":0.016624,"29":0.008312,"30":0.008312,"31":0.004156,"32":0.008312,"33":0.008312,"34":0.008312,"35":0.016624,"36":0.232736,"37":0.045716,"38":0.033248,"39":0.016624,"40":0.045716,"41":1.940852,"42":0.016624,"43":null},"safari":{"3.1":null,"3.2":null,"4":0,"5":0.008312,"5.1":0.016624,"6":null,"6.1":0.008312,"7":0.004156,"7.1":null,"8":0.033248,"9":0.037404,"9.1":0.14546,"10":0.448848,"0":null},"ios_saf":{"3.2":0,"4.0-4.1":0,"4.2-4.3":0,"5.0-5.1":0,"6.0-6.1":0,"7.0-7.1":0.022346316776,"8":0,"8.1-8.4":0.0288639925023,"9.0-9.2":0.0222428616057,"9.3":0.145664879725,"10-10.1":0.774361949391},"android":{"2.1":0,"2.2":0,"2.3":0.0144987591406,"3":0,"4":0.125655912552,"4.1":0.398715876366,"4.2-4.3":1.13815259254,"4.4":2.68227044101,"4.4.3-4.4.4":2.05157441839,"53":null},"op_mob":{"10":0,"11":0,"11.1":0,"11.5":0,"12":0,"12.1":0.002787539083,"0":0.100351406988},"ie":{"5.5":null,"6":null,"7":null,"8":0.092163456,"9":0.054460224,"10":0.067027968,"11":1.357316352},"edge":{"12":0.037404,"13":0.162084,"14":0.702364},"bb":{"7":0.010227,"10":null},"ie_mob":{"10":0.39598944,"11":1.85395056},"and_ff":{"0":0.02922},"samsung":{"0":4.961556},"and_uc":{"0":0.070128},"op_mini":{"0":1.35201705393},"and_chr":{"0":43.88508}},"total":97.976687}