{"id":"PM","name":"Saint Pierre and Miquelon","month":"2016-11","access_date":"2016-12-03","data":{"firefox":{"2":null,"3":null,"3.5":null,"3.6":null,"4":null,"5":null,"6":0.044124,"7":0.03677,"8":null,"9":null,"10":null,"11":null,"12":0.088248,"13":null,"14":null,"15":0.558904,"16":null,"17":null,"18":null,"19":null,"20":null,"21":null,"22":null,"23":0.007354,"24":null,"25":null,"26":null,"27":null,"28":null,"29":null,"30":null,"31":null,"32":null,"33":null,"34":null,"35":null,"36":null,"37":null,"38":0.07354,"39":0.014708,"40":0.044124,"41":0.07354,"42":1.058976,"43":0.29416,"44":0.014708,"45":0.44124,"46":0.007354,"47":0.14708,"48":0.389762,"49":7.97909,"50":6.420042,"51":0.03677,"52":null,"53":null},"chrome":{"4":null,"5":null,"6":null,"7":null,"8":null,"9":null,"10":null,"11":null,"12":null,"13":null,"14":null,"15":null,"16":null,"17":null,"18":0.014708,"19":null,"20":null,"21":0.014708,"22":null,"23":null,"24":null,"25":null,"26":null,"27":null,"28":null,"29":null,"30":null,"31":null,"32":null,"33":null,"34":null,"35":0.044124,"36":null,"37":null,"38":null,"39":null,"40":null,"41":null,"42":null,"43":null,"44":0.029416,"45":0.014708,"46":0.088248,"47":0.080894,"48":0.198558,"49":2.669502,"50":0.07354,"51":0.014708,"52":0.11031,"53":0.558904,"54":36.80677,"55":0.014708,"56":null,"57":null},"opera":{"9":null,"9.5-9.6":null,"10.0-10.1":0,"10.5":null,"10.6":null,"11":null,"11.1":null,"11.5":null,"11.6":null,"12":null,"12.1":null,"15":null,"16":null,"17":null,"18":null,"19":null,"20":null,"21":null,"22":null,"23":null,"24":null,"25":null,"26":null,"27":null,"28":null,"29":null,"30":null,"31":null,"32":null,"33":null,"34":null,"35":null,"36":null,"37":null,"38":null,"39":null,"40":null,"41":0.345638,"42":null,"43":null},"safari":{"3.1":null,"3.2":null,"4":0,"5":2.419466,"5.1":0.169142,"6":0.632444,"6.1":0.095602,"7":0.014708,"7.1":null,"8":0.757462,"9":0.102956,"9.1":1.21341,"10":2.956308,"0":null},"ios_saf":{"3.2":0,"4.0-4.1":0,"4.2-4.3":0,"5.0-5.1":0,"6.0-6.1":0,"7.0-7.1":0.291204731022,"8":0,"8.1-8.4":0.376139444236,"9.0-9.2":0.289856560971,"9.3":1.89822343184,"10-10.1":10.0910528319},"android":{"2.1":0,"2.2":0,"2.3":0.00158640407086,"3":0,"4":0.0137488352808,"4.1":0.0436261119487,"4.2-4.3":0.124532719563,"4.4":0.29348475311,"4.4.3-4.4.4":0.224476176027,"53":null},"op_mob":{"10":0,"11":0,"11.1":0,"11.5":0,"12":0,"12.1":0,"0":0},"ie":{"5.5":null,"6":null,"7":null,"8":0.198558,"9":0.014708,"10":0.125018,"11":2.64744},"edge":{"12":null,"13":0.102956,"14":2.676856},"bb":{"7":0,"10":null},"ie_mob":{"10":0.016771392,"11":0.078520608},"and_ff":{"0":0.275288},"samsung":{"0":1.675551},"and_uc":{"0":0.042352},"op_mini":{"0":0},"and_chr":{"0":10.998329}},"total":99.671716}