{"id":"PR","name":"Puerto Rico","month":"2016-11","access_date":"2016-12-03","data":{"firefox":{"2":null,"3":null,"3.5":null,"3.6":0.008992,"4":0.004496,"5":null,"6":null,"7":null,"8":0.008992,"9":null,"10":null,"11":null,"12":null,"13":null,"14":null,"15":null,"16":0.013488,"17":null,"18":null,"19":null,"20":null,"21":null,"22":null,"23":null,"24":null,"25":null,"26":null,"27":0.013488,"28":null,"29":0.008992,"30":null,"31":null,"32":null,"33":0.008992,"34":null,"35":0.008992,"36":0.008992,"37":0.008992,"38":0.017984,"39":0.013488,"40":0.013488,"41":0.013488,"42":0.008992,"43":0.04496,"44":0.017984,"45":0.1124,"46":0.053952,"47":0.188832,"48":0.2248,"49":2.724576,"50":1.362288,"51":0.017984,"52":null,"53":null},"chrome":{"4":null,"5":null,"6":null,"7":null,"8":null,"9":null,"10":null,"11":0.02248,"12":null,"13":null,"14":null,"15":null,"16":null,"17":null,"18":0.008992,"19":null,"20":0.004496,"21":0.008992,"22":0.008992,"23":null,"24":null,"25":0.013488,"26":null,"27":null,"28":0.004496,"29":0.004496,"30":null,"31":0.008992,"32":0.008992,"33":0.013488,"34":0.031472,"35":0.02248,"36":0.02248,"37":0.013488,"38":0.04496,"39":0.04496,"40":0.013488,"41":0.02248,"42":0.017984,"43":0.062944,"44":0.04496,"45":0.017984,"46":0.013488,"47":0.031472,"48":0.04496,"49":1.0116,"50":0.076432,"51":0.233792,"52":0.166352,"53":0.705872,"54":20.115104,"55":0.058448,"56":0.04496,"57":null},"opera":{"9":null,"9.5-9.6":null,"10.0-10.1":0,"10.5":null,"10.6":null,"11":null,"11.1":null,"11.5":null,"11.6":null,"12":null,"12.1":0.008992,"15":null,"16":null,"17":null,"18":null,"19":null,"20":null,"21":null,"22":null,"23":null,"24":null,"25":null,"26":null,"27":null,"28":null,"29":0.026976,"30":null,"31":null,"32":null,"33":0.008992,"34":null,"35":null,"36":0.013488,"37":0.06744,"38":0.017984,"39":null,"40":null,"41":0.256272,"42":null,"43":null},"safari":{"3.1":null,"3.2":null,"4":0.008992,"5":0.031472,"5.1":0.107904,"6":0.004496,"6.1":0.06744,"7":0.017984,"7.1":0.008992,"8":0.17984,"9":0.220304,"9.1":1.10152,"10":2.185056,"0":null},"ios_saf":{"3.2":0,"4.0-4.1":0,"4.2-4.3":0,"5.0-5.1":0,"6.0-6.1":0,"7.0-7.1":0.358776202437,"8":0,"8.1-8.4":0.463419261481,"9.0-9.2":0.3571152015,"9.3":2.33868931959,"10-10.1":12.432592015},"android":{"2.1":0,"2.2":0,"2.3":0.00646040557859,"3":0,"4":0.0559901816811,"4.1":0.177661153411,"4.2-4.3":0.507141837919,"4.4":1.19517503204,"4.4.3-4.4.4":0.914147389371,"53":null},"op_mob":{"10":0,"11":0,"11.1":0,"11.5":0,"12":0,"12.1":0.000284677799525,"0":0.0102484007829},"ie":{"5.5":null,"6":null,"7":0.0135653690249,"8":0.198958745698,"9":0.307481697897,"10":0.208002325048,"11":4.00178386233},"edge":{"12":0.148368,"13":0.508048,"14":2.634656},"bb":{"7":0.00688,"10":null},"ie_mob":{"10":0.09202688,"11":0.43085312},"and_ff":{"0":0.016512},"samsung":{"0":7.281792},"and_uc":{"0":0.05504},"op_mini":{"0":0.138074921418},"and_chr":{"0":31.83432}},"total":98.907904}