{"id":"PS","name":"Palestinian Territory","month":"2016-11","access_date":"2016-12-03","data":{"firefox":{"2":null,"3":0.012496,"3.5":null,"3.6":0.012496,"4":0.006248,"5":null,"6":null,"7":null,"8":null,"9":null,"10":0.006248,"11":0.006248,"12":0.087472,"13":null,"14":null,"15":0.03124,"16":0.012496,"17":null,"18":0.018744,"19":0.006248,"20":null,"21":null,"22":0.012496,"23":null,"24":null,"25":0.012496,"26":0.006248,"27":null,"28":null,"29":0.012496,"30":0.012496,"31":0.012496,"32":0.024992,"33":0.012496,"34":0.024992,"35":0.012496,"36":0.043736,"37":0.024992,"38":0.043736,"39":0.018744,"40":0.049984,"41":0.03124,"42":0.03124,"43":0.237424,"44":0.081224,"45":0.206184,"46":0.106216,"47":0.618552,"48":0.28116,"49":3.7488,"50":2.0306,"51":0.056232,"52":null,"53":null},"chrome":{"4":null,"5":null,"6":null,"7":null,"8":null,"9":null,"10":null,"11":0.037488,"12":0.018744,"13":0.006248,"14":null,"15":0.006248,"16":0.012496,"17":null,"18":0.024992,"19":0.006248,"20":null,"21":0.018744,"22":0.018744,"23":0.006248,"24":0.018744,"25":0.024992,"26":0.056232,"27":0.081224,"28":0.012496,"29":0.03124,"30":0.09372,"31":0.03124,"32":0.068728,"33":0.099968,"34":0.03124,"35":0.012496,"36":0.018744,"37":0.074976,"38":0.074976,"39":0.049984,"40":0.03124,"41":0.037488,"42":0.043736,"43":0.955944,"44":0.118712,"45":0.03124,"46":0.087472,"47":0.099968,"48":0.118712,"49":2.792856,"50":0.149952,"51":0.81224,"52":0.543576,"53":0.9372,"54":39.137472,"55":0.09372,"56":0.099968,"57":0.006248},"opera":{"9":null,"9.5-9.6":null,"10.0-10.1":0,"10.5":null,"10.6":null,"11":null,"11.1":null,"11.5":null,"11.6":null,"12":null,"12.1":1.068408,"15":null,"16":null,"17":null,"18":null,"19":null,"20":null,"21":null,"22":null,"23":null,"24":null,"25":null,"26":null,"27":null,"28":0.012496,"29":null,"30":null,"31":null,"32":null,"33":0.018744,"34":null,"35":null,"36":0.056232,"37":0.024992,"38":0.081224,"39":0.006248,"40":0.024992,"41":0.693528,"42":null,"43":null},"safari":{"3.1":null,"3.2":null,"4":0.012496,"5":0.018744,"5.1":0.012496,"6":null,"6.1":null,"7":0.012496,"7.1":null,"8":0.081224,"9":0.037488,"9.1":0.356136,"10":0.43736,"0":null},"ios_saf":{"3.2":0,"4.0-4.1":0,"4.2-4.3":0,"5.0-5.1":0,"6.0-6.1":0,"7.0-7.1":0.0836340843486,"8":0,"8.1-8.4":0.10802735895,"9.0-9.2":0.0832468895137,"9.3":0.545170327606,"10-10.1":2.89815333958},"android":{"2.1":0,"2.2":0,"2.3":0.00924069656992,"3":0,"4":0.0800860369393,"4.1":0.254119155673,"4.2-4.3":0.725394680739,"4.4":1.70952886544,"4.4.3-4.4.4":1.30755856464,"53":null},"op_mob":{"10":0,"11":0,"11.1":0,"11.5":0,"12":0,"12.1":0.00236466780494,"0":0.0851280409778},"ie":{"5.5":null,"6":0.00658572972973,"7":0.0131714594595,"8":0.599301405405,"9":0.184400432432,"10":0.151471783784,"11":1.23811718919},"edge":{"12":0.056232,"13":0.206184,"14":0.381128},"bb":{"7":0.001876,"10":null},"ie_mob":{"10":0.02641408,"11":0.12366592},"and_ff":{"0":0.022512},"samsung":{"0":3.52688},"and_uc":{"0":0.195104},"op_mini":{"0":1.14691529122},"and_chr":{"0":24.870384}},"total":98.585948}