{"id":"PT","name":"Portugal","month":"2016-11","access_date":"2016-12-03","data":{"firefox":{"2":null,"3":null,"3.5":null,"3.6":0.016538,"4":null,"5":null,"6":null,"7":null,"8":null,"9":null,"10":null,"11":null,"12":null,"13":null,"14":null,"15":null,"16":0.008269,"17":null,"18":null,"19":null,"20":null,"21":null,"22":null,"23":null,"24":null,"25":null,"26":null,"27":null,"28":null,"29":null,"30":null,"31":0.008269,"32":null,"33":0.008269,"34":0.008269,"35":null,"36":0.008269,"37":0.016538,"38":0.057883,"39":0.024807,"40":0.016538,"41":0.024807,"42":0.016538,"43":0.099228,"44":0.049614,"45":0.115766,"46":0.074421,"47":0.90959,"48":0.314222,"49":5.077166,"50":3.100875,"51":0.024807,"52":null,"53":null},"chrome":{"4":null,"5":null,"6":null,"7":null,"8":null,"9":null,"10":null,"11":0.016538,"12":null,"13":null,"14":null,"15":null,"16":null,"17":null,"18":null,"19":null,"20":null,"21":null,"22":0.140573,"23":null,"24":null,"25":null,"26":0.008269,"27":null,"28":null,"29":null,"30":null,"31":0.033076,"32":0.016538,"33":0.008269,"34":0.033076,"35":0.049614,"36":0.08269,"37":0.041345,"38":0.074421,"39":0.090959,"40":0.041345,"41":0.024807,"42":0.024807,"43":0.173649,"44":0.08269,"45":0.099228,"46":0.057883,"47":0.090959,"48":0.115766,"49":3.092606,"50":0.148842,"51":0.562292,"52":0.272877,"53":1.306502,"54":49.787649,"55":0.157111,"56":0.074421,"57":null},"opera":{"9":null,"9.5-9.6":null,"10.0-10.1":0,"10.5":null,"10.6":null,"11":null,"11.1":null,"11.5":null,"11.6":null,"12":0.008269,"12.1":0.033076,"15":null,"16":null,"17":null,"18":null,"19":null,"20":null,"21":null,"22":null,"23":null,"24":null,"25":null,"26":null,"27":null,"28":0.016538,"29":null,"30":null,"31":null,"32":null,"33":null,"34":null,"35":null,"36":0.049614,"37":0.008269,"38":0.074421,"39":null,"40":0.016538,"41":0.653251,"42":null,"43":null},"safari":{"3.1":null,"3.2":null,"4":0.016538,"5":0.049614,"5.1":0.090959,"6":null,"6.1":0.057883,"7":0.016538,"7.1":null,"8":0.115766,"9":0.16538,"9.1":0.686327,"10":2.141671,"0":null},"ios_saf":{"3.2":0,"4.0-4.1":0,"4.2-4.3":0,"5.0-5.1":0,"6.0-6.1":0,"7.0-7.1":0.0765079287723,"8":0,"8.1-8.4":0.0988227413308,"9.0-9.2":0.0761537253983,"9.3":0.498718350515,"10-10.1":2.65121225398},"android":{"2.1":0,"2.2":0,"2.3":0.00218838070109,"3":0,"4":0.0189659660761,"4.1":0.0601804692801,"4.2-4.3":0.171787885036,"4.4":0.404850429702,"4.4.3-4.4.4":0.309655869205,"53":null},"op_mob":{"10":0,"11":0,"11.1":0,"11.5":0,"12":0,"12.1":0.000245380585516,"0":0.00883370107858},"ie":{"5.5":null,"6":null,"7":0.0165847175141,"8":0.265355480226,"9":0.331694350282,"10":0.149262457627,"11":5.10809299435},"edge":{"12":0.124035,"13":0.446526,"14":2.538583},"bb":{"7":0.00735675,"10":null},"ie_mob":{"10":0.063368448,"11":0.296679552},"and_ff":{"0":0.01731},"samsung":{"0":1.158039},"and_uc":{"0":0.185217},"op_mini":{"0":0.119014918336},"and_chr":{"0":11.86834}},"total":97.96371975}