{"id":"PW","name":"Palau","month":"2016-11","access_date":"2016-12-03","data":{"firefox":{"2":null,"3":1.275302,"3.5":0.062867,"3.6":0.017962,"4":0.008981,"5":null,"6":0.008981,"7":null,"8":0.224525,"9":0.008981,"10":0.017962,"11":null,"12":0.017962,"13":null,"14":0.044905,"15":0.458031,"16":0.008981,"17":null,"18":0.431088,"19":0.017962,"20":0.305354,"21":0.026943,"22":0.017962,"23":null,"24":0.008981,"25":0.035924,"26":0.107772,"27":null,"28":null,"29":2.388946,"30":0.026943,"31":1.203454,"32":0.260449,"33":null,"34":null,"35":0.260449,"36":0.170639,"37":0.116753,"38":1.930915,"39":0.206563,"40":1.778238,"41":0.035924,"42":0.080829,"43":4.472538,"44":0.350259,"45":3.242141,"46":0.116753,"47":7.597926,"48":1.122625,"49":13.489462,"50":5.891536,"51":0.296373,"52":null,"53":null},"chrome":{"4":null,"5":null,"6":null,"7":null,"8":null,"9":null,"10":0.017962,"11":0.125734,"12":null,"13":null,"14":0.053886,"15":null,"16":null,"17":null,"18":0.251468,"19":null,"20":null,"21":0.026943,"22":null,"23":null,"24":null,"25":0.017962,"26":0.368221,"27":null,"28":0.197582,"29":0.116753,"30":0.08981,"31":0.017962,"32":null,"33":0.026943,"34":null,"35":0.035924,"36":0.008981,"37":null,"38":0.008981,"39":0.206563,"40":0.017962,"41":0.017962,"42":null,"43":null,"44":0.044905,"45":0.260449,"46":0.017962,"47":0.035924,"48":0.161658,"49":0.502936,"50":0.224525,"51":0.161658,"52":0.242487,"53":1.894991,"54":12.052502,"55":0.035924,"56":null,"57":null},"opera":{"9":null,"9.5-9.6":null,"10.0-10.1":0,"10.5":null,"10.6":null,"11":null,"11.1":null,"11.5":2.640414,"11.6":null,"12":null,"12.1":null,"15":null,"16":null,"17":null,"18":null,"19":null,"20":null,"21":null,"22":null,"23":null,"24":null,"25":null,"26":null,"27":null,"28":null,"29":null,"30":null,"31":null,"32":null,"33":null,"34":null,"35":null,"36":null,"37":null,"38":null,"39":null,"40":null,"41":0.044905,"42":null,"43":null},"safari":{"3.1":null,"3.2":null,"4":0,"5":null,"5.1":0.017962,"6":null,"6.1":null,"7":null,"7.1":null,"8":0.035924,"9":0.035924,"9.1":0.125734,"10":0.116753,"0":null},"ios_saf":{"3.2":0,"4.0-4.1":0,"4.2-4.3":0,"5.0-5.1":0,"6.0-6.1":0,"7.0-7.1":0.0221422155576,"8":0,"8.1-8.4":0.0286003617619,"9.0-9.2":0.0220397053004,"9.3":0.144334442153,"10-10.1":0.767289275226},"android":{"2.1":0,"2.2":0,"2.3":0.00193162909913,"3":0,"4":0.0167407855258,"4.1":0.0531198002262,"4.2-4.3":0.151632884282,"4.4":0.35735138334,"4.4.3-4.4.4":0.273325517527,"53":null},"op_mob":{"10":0,"11":0,"11.1":0,"11.5":0,"12":0,"12.1":0.000620135093491,"0":0.0223248633657},"ie":{"5.5":null,"6":null,"7":null,"8":6.457339,"9":2.487737,"10":1.454922,"11":8.289463},"edge":{"12":0.170639,"13":0.26943,"14":0.053886},"bb":{"7":0,"10":null},"ie_mob":{"10":0.009316736,"11":0.043619264},"and_ff":{"0":0.016288},"samsung":{"0":0.733978},"and_uc":{"0":2.217204},"op_mini":{"0":0.300779001541},"and_chr":{"0":5.417546}},"total":98.191877}