{"id":"PY","name":"Paraguay","month":"2016-11","access_date":"2016-12-03","data":{"firefox":{"2":0.003796,"3":0.01898,"3.5":0.007592,"3.6":0.015184,"4":0.007592,"5":null,"6":null,"7":null,"8":null,"9":null,"10":0.011388,"11":0.011388,"12":0.011388,"13":0.007592,"14":0.003796,"15":0.015184,"16":0.003796,"17":0.011388,"18":null,"19":0.003796,"20":0.003796,"21":0.003796,"22":0.011388,"23":null,"24":0.011388,"25":0.007592,"26":0.01898,"27":0.003796,"28":0.007592,"29":0.003796,"30":0.011388,"31":0.015184,"32":0.011388,"33":0.003796,"34":0.015184,"35":0.015184,"36":0.007592,"37":0.015184,"38":0.03796,"39":0.022776,"40":0.01898,"41":0.022776,"42":0.01898,"43":0.106288,"44":0.026572,"45":0.159432,"46":0.041756,"47":0.280904,"48":0.15184,"49":2.900144,"50":1.4235,"51":0.01898,"52":null,"53":null},"chrome":{"4":null,"5":null,"6":null,"7":null,"8":null,"9":null,"10":0.007592,"11":0.034164,"12":0.003796,"13":null,"14":null,"15":null,"16":null,"17":null,"18":0.011388,"19":null,"20":null,"21":null,"22":0.007592,"23":0.003796,"24":null,"25":0.011388,"26":0.003796,"27":0.003796,"28":null,"29":0.011388,"30":0.011388,"31":0.041756,"32":0.007592,"33":0.015184,"34":0.030368,"35":0.01898,"36":0.030368,"37":0.022776,"38":0.030368,"39":0.045552,"40":0.034164,"41":0.03796,"42":0.011388,"43":0.05694,"44":0.07592,"45":0.030368,"46":0.022776,"47":0.041756,"48":0.03796,"49":1.241292,"50":0.07592,"51":0.235352,"52":0.1898,"53":0.554216,"54":24.438648,"55":0.064532,"56":0.026572,"57":null},"opera":{"9":null,"9.5-9.6":null,"10.0-10.1":0,"10.5":null,"10.6":null,"11":null,"11.1":null,"11.5":null,"11.6":null,"12":null,"12.1":0.003796,"15":null,"16":null,"17":null,"18":null,"19":null,"20":null,"21":null,"22":null,"23":null,"24":null,"25":null,"26":null,"27":null,"28":0.003796,"29":0.049348,"30":null,"31":null,"32":null,"33":0.034164,"34":null,"35":null,"36":0.011388,"37":0.087308,"38":0.022776,"39":0.011388,"40":0.007592,"41":0.235352,"42":0.007592,"43":null},"safari":{"3.1":null,"3.2":null,"4":0,"5":0.015184,"5.1":0.003796,"6":null,"6.1":null,"7":0.007592,"7.1":null,"8":0.041756,"9":0.072124,"9.1":0.167024,"10":0.36062,"0":null},"ios_saf":{"3.2":0,"4.0-4.1":0,"4.2-4.3":0,"5.0-5.1":0,"6.0-6.1":0,"7.0-7.1":0.0675404536082,"8":0,"8.1-8.4":0.0872397525773,"9.0-9.2":0.067227766323,"9.3":0.440263697595,"10-10.1":2.3404643299},"android":{"2.1":0,"2.2":0,"2.3":0.020204508104,"3":0,"4":0.175105736902,"4.1":0.555623972861,"4.2-4.3":1.58605388617,"4.4":3.73783399925,"4.4.3-4.4.4":2.85893789672,"53":null},"op_mob":{"10":0,"11":0,"11.1":0,"11.5":0,"12":0,"12.1":0.00991172514888,"0":0.35682210536},"ie":{"5.5":null,"6":null,"7":null,"8":0.207708039867,"9":0.111546910299,"10":0.0615431229236,"11":0.77698192691},"edge":{"12":0.034164,"13":0.07592,"14":0.22776},"bb":{"7":0.027918,"10":null},"ie_mob":{"10":0.199818432,"11":0.935513568},"and_ff":{"0":0.012408},"samsung":{"0":5.527764},"and_uc":{"0":0.607992},"op_mini":{"0":4.80740216949},"and_chr":{"0":39.034976}},"total":99.154606}