{"id":"QA","name":"Qatar","month":"2016-11","access_date":"2016-12-03","data":{"firefox":{"2":null,"3":0.016315,"3.5":null,"3.6":0.006526,"4":null,"5":null,"6":null,"7":null,"8":null,"9":null,"10":null,"11":null,"12":null,"13":null,"14":null,"15":null,"16":null,"17":null,"18":null,"19":null,"20":null,"21":0.006526,"22":0.006526,"23":null,"24":0.003263,"25":null,"26":null,"27":null,"28":null,"29":0.003263,"30":null,"31":0.003263,"32":null,"33":0.003263,"34":null,"35":0.006526,"36":null,"37":0.009789,"38":0.042419,"39":0.009789,"40":0.019578,"41":0.006526,"42":0.013052,"43":0.042419,"44":0.03263,"45":0.039156,"46":0.026104,"47":0.176202,"48":0.120731,"49":1.184469,"50":0.68523,"51":0.045682,"52":null,"53":null},"chrome":{"4":null,"5":null,"6":null,"7":null,"8":null,"9":null,"10":null,"11":0.003263,"12":0.003263,"13":null,"14":null,"15":null,"16":null,"17":null,"18":null,"19":null,"20":0.006526,"21":0.003263,"22":0.03263,"23":null,"24":0.006526,"25":0.003263,"26":0.006526,"27":0.003263,"28":0.006526,"29":0.016315,"30":0.006526,"31":0.055471,"32":0.026104,"33":0.026104,"34":0.029367,"35":0.013052,"36":0.022841,"37":0.006526,"38":0.026104,"39":0.026104,"40":0.016315,"41":0.013052,"42":0.016315,"43":0.123994,"44":0.03263,"45":0.058734,"46":0.052208,"47":0.061997,"48":0.022841,"49":0.763542,"50":0.06526,"51":0.371982,"52":0.169676,"53":0.535132,"54":18.390268,"55":0.088101,"56":0.110942,"57":0.013052},"opera":{"9":null,"9.5-9.6":null,"10.0-10.1":0,"10.5":null,"10.6":null,"11":null,"11.1":null,"11.5":null,"11.6":null,"12":null,"12.1":0.006526,"15":null,"16":null,"17":null,"18":null,"19":null,"20":null,"21":null,"22":null,"23":null,"24":null,"25":null,"26":null,"27":null,"28":0.013052,"29":null,"30":null,"31":null,"32":null,"33":null,"34":null,"35":null,"36":0.006526,"37":0.055471,"38":0.029367,"39":null,"40":0.009789,"41":0.244725,"42":null,"43":null},"safari":{"3.1":null,"3.2":null,"4":0.006526,"5":0.009789,"5.1":0.03263,"6":0.009789,"6.1":0.019578,"7":0.026104,"7.1":0.013052,"8":0.120731,"9":0.120731,"9.1":0.450294,"10":1.018056,"0":null},"ios_saf":{"3.2":0,"4.0-4.1":0,"4.2-4.3":0,"5.0-5.1":0,"6.0-6.1":0,"7.0-7.1":0.196511910028,"8":0,"8.1-8.4":0.253827883786,"9.0-9.2":0.195602132667,"9.3":1.28096652463,"10-10.1":6.80968354889},"android":{"2.1":0,"2.2":0,"2.3":0.00511864907652,"3":0,"4":0.0443616253298,"4.1":0.140762849604,"4.2-4.3":0.401813952507,"4.4":0.946950079156,"4.4.3-4.4.4":0.724288844327,"53":null},"op_mob":{"10":0,"11":0,"11.1":0,"11.5":0,"12":0,"12.1":0.020955571732,"0":0.754400582351},"ie":{"5.5":null,"6":0.0132476821589,"7":0.00331192053973,"8":0.218586755622,"9":0.341127815592,"10":0.225210596702,"11":3.60668146777},"edge":{"12":0.045682,"13":0.212095,"14":0.802698},"bb":{"7":0.030312,"10":null},"ie_mob":{"10":0.046235904,"11":0.216468096},"and_ff":{"0":0.013472},"samsung":{"0":3.16592},"and_uc":{"0":20.81424},"op_mini":{"0":10.1639078459},"and_chr":{"0":20.611142}},"total":98.2431702384}