{"id":"RE","name":"Reunion","month":"2016-11","access_date":"2016-12-03","data":{"firefox":{"2":null,"3":null,"3.5":0.006587,"3.6":0.052696,"4":0.032935,"5":null,"6":0.013174,"7":0.006587,"8":null,"9":null,"10":null,"11":0.039522,"12":0.006587,"13":null,"14":0.032935,"15":0.032935,"16":0.032935,"17":0.013174,"18":0.006587,"19":0.006587,"20":0.039522,"21":null,"22":null,"23":0.158088,"24":0.118566,"25":0.019761,"26":0.019761,"27":0.013174,"28":0.019761,"29":0.006587,"30":0.039522,"31":0.085631,"32":0.322763,"33":0.039522,"34":0.046109,"35":0.039522,"36":0.032935,"37":0.059283,"38":0.731157,"39":0.039522,"40":0.237132,"41":0.467677,"42":0.105392,"43":0.158088,"44":0.309589,"45":0.513786,"46":0.118566,"47":0.553308,"48":0.638939,"49":7.680442,"50":4.307898,"51":0.019761,"52":null,"53":null},"chrome":{"4":null,"5":null,"6":null,"7":null,"8":null,"9":null,"10":null,"11":0.013174,"12":null,"13":null,"14":null,"15":null,"16":null,"17":null,"18":0.006587,"19":null,"20":null,"21":null,"22":0.013174,"23":0.013174,"24":0.006587,"25":null,"26":0.013174,"27":null,"28":0.013174,"29":0.026348,"30":0.052696,"31":0.032935,"32":0.026348,"33":0.013174,"34":0.046109,"35":0.019761,"36":0.079044,"37":0.019761,"38":0.032935,"39":0.118566,"40":0.039522,"41":0.019761,"42":0.019761,"43":0.052696,"44":0.322763,"45":0.06587,"46":0.059283,"47":0.06587,"48":0.111979,"49":1.343748,"50":0.125153,"51":0.375459,"52":0.243719,"53":1.067094,"54":27.20431,"55":0.13174,"56":0.032935,"57":null},"opera":{"9":null,"9.5-9.6":null,"10.0-10.1":0,"10.5":null,"10.6":null,"11":null,"11.1":null,"11.5":null,"11.6":null,"12":null,"12.1":0.019761,"15":null,"16":null,"17":null,"18":null,"19":null,"20":null,"21":null,"22":null,"23":null,"24":null,"25":null,"26":null,"27":null,"28":null,"29":null,"30":null,"31":null,"32":null,"33":null,"34":null,"35":null,"36":0.125153,"37":0.032935,"38":null,"39":null,"40":null,"41":0.454503,"42":null,"43":null},"safari":{"3.1":null,"3.2":null,"4":0.019761,"5":0.098805,"5.1":0.296415,"6":0.019761,"6.1":0.118566,"7":0.032935,"7.1":0.052696,"8":0.230545,"9":0.243719,"9.1":1.126377,"10":2.50306,"0":null},"ios_saf":{"3.2":0,"4.0-4.1":0,"4.2-4.3":0,"5.0-5.1":0,"6.0-6.1":0,"7.0-7.1":0.129278170572,"8":0,"8.1-8.4":0.166984303655,"9.0-9.2":0.128679660523,"9.3":0.842702148912,"10-10.1":4.47984771634},"android":{"2.1":0,"2.2":0,"2.3":0.00519475838673,"3":0,"4":0.0450212393517,"4.1":0.142855855635,"4.2-4.3":0.407788533358,"4.4":0.961030301545,"4.4.3-4.4.4":0.735058311723,"53":null},"op_mob":{"10":0,"11":0,"11.1":0,"11.5":0,"12":0,"12.1":0.00116377145713,"0":0.0418957724566},"ie":{"5.5":null,"6":null,"7":null,"8":0.206805355839,"9":0.153436231752,"10":0.153436231752,"11":3.14210718066},"edge":{"12":0.171262,"13":0.447916,"14":2.259341},"bb":{"7":0.0085325,"10":null},"ie_mob":{"10":0.082894944,"11":0.388099056},"and_ff":{"0":0.047782},"samsung":{"0":4.320858},"and_uc":{"0":0.163824},"op_mini":{"0":0.564454456086},"and_chr":{"0":23.392179}},"total":98.0188095}