{"id":"RO","name":"Romania","month":"2016-11","access_date":"2016-12-03","data":{"firefox":{"2":0.045815,"3":0.045815,"3.5":0.02618,"3.6":0.045815,"4":0.006545,"5":null,"6":null,"7":null,"8":null,"9":null,"10":null,"11":0.006545,"12":0.01309,"13":0.006545,"14":null,"15":null,"16":0.006545,"17":null,"18":null,"19":0.006545,"20":0.006545,"21":0.006545,"22":0.006545,"23":null,"24":null,"25":null,"26":0.006545,"27":null,"28":0.01309,"29":0.006545,"30":0.01309,"31":0.019635,"32":0.006545,"33":0.019635,"34":0.01309,"35":0.019635,"36":0.019635,"37":0.019635,"38":0.071995,"39":0.032725,"40":0.03927,"41":0.02618,"42":0.032725,"43":0.17017,"44":0.05236,"45":0.150535,"46":0.11781,"47":0.60214,"48":0.32725,"49":6.080305,"50":3.645565,"51":0.05236,"52":null,"53":null},"chrome":{"4":0.01309,"5":null,"6":null,"7":null,"8":null,"9":null,"10":null,"11":0.019635,"12":null,"13":null,"14":0.01309,"15":null,"16":null,"17":null,"18":0.01309,"19":null,"20":null,"21":null,"22":0.02618,"23":null,"24":null,"25":null,"26":0.019635,"27":0.006545,"28":0.006545,"29":0.02618,"30":0.019635,"31":0.032725,"32":0.006545,"33":0.01309,"34":0.05236,"35":0.019635,"36":0.019635,"37":0.03927,"38":0.03927,"39":0.11781,"40":0.045815,"41":0.02618,"42":0.032725,"43":0.17017,"44":0.05236,"45":0.02618,"46":0.045815,"47":0.085085,"48":0.11781,"49":3.35104,"50":0.17017,"51":0.791945,"52":0.307615,"53":0.79849,"54":34.040545,"55":0.11781,"56":0.05236,"57":null},"opera":{"9":null,"9.5-9.6":0.01309,"10.0-10.1":0,"10.5":null,"10.6":null,"11":null,"11.1":null,"11.5":null,"11.6":null,"12":0.006545,"12.1":0.10472,"15":null,"16":null,"17":null,"18":null,"19":null,"20":null,"21":null,"22":null,"23":null,"24":null,"25":null,"26":null,"27":null,"28":0.006545,"29":null,"30":null,"31":null,"32":null,"33":0.01309,"34":0.006545,"35":0.006545,"36":0.202895,"37":0.032725,"38":0.111265,"39":0.01309,"40":0.05236,"41":2.114035,"42":0.01309,"43":0.01309},"safari":{"3.1":null,"3.2":null,"4":0.02618,"5":0.01309,"5.1":0.02618,"6":null,"6.1":0.01309,"7":0.006545,"7.1":null,"8":0.03927,"9":0.05236,"9.1":0.163625,"10":0.51051,"0":null},"ios_saf":{"3.2":0,"4.0-4.1":0,"4.2-4.3":0,"5.0-5.1":0,"6.0-6.1":0,"7.0-7.1":0.107865941893,"8":0,"8.1-8.4":0.139326841612,"9.0-9.2":0.107366562533,"9.3":0.703126139748,"10-10.1":3.73785451421},"android":{"2.1":0,"2.2":0,"2.3":0.00663391255183,"3":0,"4":0.0574939087825,"4.1":0.182432595175,"4.2-4.3":0.520762135319,"4.4":1.22727382209,"4.4.3-4.4.4":0.938698626084,"53":null},"op_mob":{"10":0,"11":0,"11.1":0,"11.5":0,"12":0,"12.1":0.00144945113064,"0":0.052180240703},"ie":{"5.5":null,"6":0.0205919404332,"7":0.034319900722,"8":0.63835015343,"9":0.199055424188,"10":0.192191444043,"11":2.71813613718},"edge":{"12":0.06545,"13":0.229075,"14":0.90321},"bb":{"7":0.02073,"10":null},"ie_mob":{"10":0.17512704,"11":0.81991296},"and_ff":{"0":0.11747},"samsung":{"0":3.251155},"and_uc":{"0":0.15202},"op_mini":{"0":0.703015308166},"and_chr":{"0":23.38153}},"total":97.48791}