{"id":"RS","name":"Serbia","month":"2016-11","access_date":"2016-12-03","data":{"firefox":{"2":null,"3":0.021195,"3.5":0.01413,"3.6":0.049455,"4":null,"5":null,"6":null,"7":null,"8":0.007065,"9":0.01413,"10":null,"11":0.01413,"12":0.021195,"13":null,"14":0.007065,"15":0.01413,"16":0.01413,"17":null,"18":null,"19":0.007065,"20":0.01413,"21":null,"22":0.007065,"23":null,"24":0.007065,"25":null,"26":0.01413,"27":0.007065,"28":0.01413,"29":0.01413,"30":0.01413,"31":0.021195,"32":0.01413,"33":0.02826,"34":0.021195,"35":0.02826,"36":0.021195,"37":0.04239,"38":0.077715,"39":0.049455,"40":0.04239,"41":0.07065,"42":0.05652,"43":0.19782,"44":0.07065,"45":0.16956,"46":0.120105,"47":0.558135,"48":0.459225,"49":7.481835,"50":4.81833,"51":0.134235,"52":null,"53":null},"chrome":{"4":null,"5":null,"6":null,"7":null,"8":null,"9":null,"10":null,"11":0.02826,"12":0.01413,"13":null,"14":0.007065,"15":null,"16":null,"17":null,"18":0.021195,"19":null,"20":null,"21":0.007065,"22":0.063585,"23":null,"24":0.007065,"25":0.007065,"26":0.049455,"27":0.01413,"28":null,"29":0.02826,"30":0.01413,"31":0.05652,"32":0.01413,"33":0.035325,"34":0.091845,"35":0.021195,"36":0.021195,"37":0.02826,"38":0.04239,"39":0.077715,"40":0.035325,"41":0.021195,"42":0.02826,"43":0.120105,"44":0.063585,"45":0.035325,"46":0.04239,"47":0.11304,"48":0.077715,"49":4.330845,"50":0.09891,"51":0.39564,"52":0.29673,"53":0.64998,"54":38.37708,"55":0.21195,"56":0.148365,"57":null},"opera":{"9":null,"9.5-9.6":null,"10.0-10.1":0,"10.5":null,"10.6":null,"11":null,"11.1":null,"11.5":null,"11.6":0.01413,"12":0.007065,"12.1":0.261405,"15":null,"16":null,"17":null,"18":0.01413,"19":null,"20":0.007065,"21":null,"22":null,"23":null,"24":null,"25":null,"26":0.01413,"27":null,"28":0.007065,"29":0.007065,"30":0.01413,"31":0.007065,"32":null,"33":0.007065,"34":0.01413,"35":0.01413,"36":0.25434,"37":0.035325,"38":0.04239,"39":0.02826,"40":0.05652,"41":2.409165,"42":0.021195,"43":null},"safari":{"3.1":null,"3.2":null,"4":0.007065,"5":0.007065,"5.1":0.035325,"6":null,"6.1":0.01413,"7":0.007065,"7.1":0.007065,"8":0.035325,"9":0.04239,"9.1":0.12717,"10":0.4239,"0":null},"ios_saf":{"3.2":0,"4.0-4.1":0,"4.2-4.3":0,"5.0-5.1":0,"6.0-6.1":0,"7.0-7.1":0.0649605998126,"8":0,"8.1-8.4":0.0839074414246,"9.0-9.2":0.0646598562949,"9.3":0.423446872852,"10-10.1":2.25106522962},"android":{"2.1":0,"2.2":0,"2.3":0.00704267244629,"3":0,"4":0.0610364945345,"4.1":0.193673492273,"4.2-4.3":0.552849787034,"4.4":1.30289440256,"4.4.3-4.4.4":0.99653815115,"53":null},"op_mob":{"10":0,"11":0,"11.1":0,"11.5":0,"12":0,"12.1":0.00210276683463,"0":0.0756996060467},"ie":{"5.5":null,"6":0.0220651759531,"7":0.0147101173021,"8":0.411883284457,"9":0.198586583578,"10":0.125035997067,"11":1.73579384164},"edge":{"12":0.04239,"13":0.1413,"14":0.64998},"bb":{"7":0.0102725,"10":null},"ie_mob":{"10":0.167882,"11":0.785993},"and_ff":{"0":0.014675},"samsung":{"0":1.63773},"and_uc":{"0":0.132075},"op_mini":{"0":1.01988762712},"and_chr":{"0":20.16268}},"total":97.7502925}