{"id":"RU","name":"Russian Federation","month":"2016-11","access_date":"2016-12-03","data":{"firefox":{"2":0.107497,"3":0.305953,"3.5":0.520947,"3.6":0.818631,"4":0.049614,"5":0.024807,"6":0.016538,"7":0.008269,"8":0.033076,"9":0.024807,"10":0.041345,"11":0.033076,"12":0.041345,"13":0.024807,"14":0.033076,"15":0.041345,"16":0.033076,"17":0.024807,"18":0.016538,"19":0.033076,"20":0.033076,"21":0.066152,"22":0.033076,"23":0.041345,"24":0.148842,"25":0.140573,"26":0.024807,"27":0.016538,"28":0.024807,"29":0.016538,"30":0.016538,"31":0.041345,"32":0.024807,"33":0.041345,"34":0.066152,"35":0.074421,"36":0.066152,"37":0.041345,"38":0.099228,"39":0.033076,"40":0.033076,"41":0.033076,"42":0.049614,"43":0.214994,"44":0.057883,"45":0.24807,"46":0.140573,"47":0.702865,"48":0.289415,"49":3.878161,"50":2.356665,"51":0.016538,"52":null,"53":null},"chrome":{"4":0.115766,"5":0.074421,"6":0.066152,"7":0.057883,"8":0.041345,"9":0.041345,"10":0.041345,"11":0.057883,"12":0.066152,"13":0.057883,"14":0.074421,"15":0.074421,"16":0.074421,"17":0.124035,"18":0.16538,"19":0.090959,"20":0.090959,"21":0.148842,"22":0.124035,"23":0.107497,"24":0.115766,"25":0.090959,"26":0.099228,"27":0.124035,"28":0.074421,"29":0.049614,"30":0.033076,"31":0.231532,"32":0.041345,"33":0.049614,"34":0.041345,"35":0.08269,"36":0.041345,"37":0.041345,"38":0.066152,"39":0.148842,"40":0.16538,"41":0.148842,"42":0.099228,"43":0.405181,"44":0.057883,"45":0.148842,"46":0.066152,"47":0.124035,"48":0.322491,"49":2.083788,"50":0.305953,"51":1.389192,"52":0.57883,"53":1.174198,"54":29.445909,"55":0.107497,"56":0.173649,"57":0.008269},"opera":{"9":null,"9.5-9.6":0.008269,"10.0-10.1":0.066152,"10.5":0.090959,"10.6":0.223263,"11":0.074421,"11.1":0.08269,"11.5":0.140573,"11.6":0.49614,"12":0.587099,"12.1":1.976291,"15":0.016538,"16":0.016538,"17":0.016538,"18":0.074421,"19":0.016538,"20":0.049614,"21":0.024807,"22":0.008269,"23":0.008269,"24":0.024807,"25":0.033076,"26":0.024807,"27":0.190187,"28":0.057883,"29":0.024807,"30":0.024807,"31":0.016538,"32":0.016538,"33":0.024807,"34":0.033076,"35":0.057883,"36":0.471333,"37":0.124035,"38":0.256339,"39":0.049614,"40":0.115766,"41":3.630091,"42":0.016538,"43":0.008269},"safari":{"3.1":0.041345,"3.2":0.016538,"4":0.239801,"5":0.347298,"5.1":0.223263,"6":0.057883,"6.1":0.049614,"7":0.041345,"7.1":0.016538,"8":0.090959,"9":0.099228,"9.1":0.41345,"10":1.108046,"0":null},"ios_saf":{"3.2":0,"4.0-4.1":0,"4.2-4.3":0,"5.0-5.1":0,"6.0-6.1":0,"7.0-7.1":0.0906025192127,"8":0,"8.1-8.4":0.117028253983,"9.0-9.2":0.0901830631053,"9.3":0.590594199313,"10-10.1":3.13962896439},"android":{"2.1":0,"2.2":0,"2.3":0.00262292499058,"3":0,"4":0.022732016585,"4.1":0.0721304372409,"4.2-4.3":0.20589961176,"4.4":0.485241123257,"4.4.3-4.4.4":0.371143886167,"53":null},"op_mob":{"10":0,"11":0,"11.1":0,"11.5":0,"12":0,"12.1":0.00158834189814,"0":0.057180308333},"ie":{"5.5":null,"6":0.0356511211073,"7":0.0356511211073,"8":1.16757421626,"9":0.481290134948,"10":0.686284081315,"11":2.74513632526},"edge":{"12":0.033076,"13":0.231532,"14":0.727672},"bb":{"7":0.01081875,"10":null},"ie_mob":{"10":0.084389712,"11":0.395097288},"and_ff":{"0":0.019041},"samsung":{"0":0.820494},"and_uc":{"0":0.815301},"op_mini":{"0":0.770380349769},"and_chr":{"0":9.059886}},"total":86.42524475}