{"id":"RW","name":"Rwanda","month":"2016-11","access_date":"2016-12-03","data":{"firefox":{"2":null,"3":0.0546,"3.5":0.0042,"3.6":0.0231,"4":0.0168,"5":0.0147,"6":0.0105,"7":0.0042,"8":0.0126,"9":0.0042,"10":0.0168,"11":0.0315,"12":0.0273,"13":0.0126,"14":0.0315,"15":0.0168,"16":0.021,"17":0.0315,"18":0.0105,"19":0.0294,"20":0.0903,"21":0.0126,"22":0.0105,"23":0.0105,"24":0.0063,"25":0.0147,"26":0.0042,"27":0.0042,"28":0.0147,"29":0.0315,"30":0.0126,"31":0.0399,"32":0.0105,"33":0.0483,"34":0.0315,"35":0.0378,"36":0.0294,"37":0.0189,"38":0.0273,"39":0.0168,"40":0.0504,"41":0.0378,"42":0.0231,"43":0.1743,"44":0.1701,"45":0.0798,"46":0.0609,"47":0.4557,"48":0.1428,"49":2.8791,"50":1.5099,"51":0.1701,"52":null,"53":null},"chrome":{"4":null,"5":null,"6":null,"7":0.0021,"8":null,"9":0.0021,"10":0.0021,"11":0.0147,"12":0.0042,"13":null,"14":null,"15":0.0021,"16":0.0021,"17":0.0042,"18":null,"19":null,"20":0.0021,"21":0.0021,"22":0.021,"23":0.0042,"24":null,"25":0.0021,"26":0.0063,"27":null,"28":0.0105,"29":0.0399,"30":null,"31":0.0063,"32":0.0042,"33":0.0315,"34":null,"35":0.0042,"36":0.0168,"37":0.0021,"38":0.0042,"39":0.0042,"40":0.0084,"41":0.0021,"42":0.0126,"43":0.3927,"44":0.0084,"45":0.0483,"46":0.0084,"47":0.0504,"48":0.0231,"49":0.2037,"50":0.0399,"51":0.2415,"52":0.168,"53":0.2457,"54":8.6373,"55":0.0567,"56":0.0294,"57":0.0042},"opera":{"9":null,"9.5-9.6":null,"10.0-10.1":0,"10.5":null,"10.6":null,"11":null,"11.1":null,"11.5":null,"11.6":0.0294,"12":null,"12.1":0.042,"15":null,"16":null,"17":null,"18":null,"19":null,"20":0.0042,"21":0.0021,"22":null,"23":null,"24":null,"25":null,"26":null,"27":null,"28":0.0021,"29":0.0042,"30":null,"31":null,"32":null,"33":0.0042,"34":0.0021,"35":0.0315,"36":0.0084,"37":0.1554,"38":0.0042,"39":0.0063,"40":0.0273,"41":0.4683,"42":null,"43":null},"safari":{"3.1":null,"3.2":null,"4":0,"5":null,"5.1":0.0357,"6":0.0063,"6.1":0.0105,"7":0.0063,"7.1":0.0105,"8":0.0651,"9":0.0651,"9.1":0.1218,"10":0.2457,"0":null},"ios_saf":{"3.2":0,"4.0-4.1":0,"4.2-4.3":0,"5.0-5.1":0,"6.0-6.1":0,"7.0-7.1":0.0191910028116,"8":0,"8.1-8.4":0.0247883786317,"9.0-9.2":0.0191021555764,"9.3":0.125096907216,"10-10.1":0.665021555764},"android":{"2.1":0,"2.2":0,"2.3":0.00453810780249,"3":0,"4":0.0393302676216,"4.1":0.124797964568,"4.2-4.3":0.356241462495,"4.4":0.83954994346,"4.4.3-4.4.4":0.642142254052,"53":null},"op_mob":{"10":0,"11":0,"11.1":0,"11.5":0,"12":0,"12.1":0.125607795777,"0":4.52188064798},"ie":{"5.5":null,"6":null,"7":null,"8":0.1302,"9":0.0399,"10":0.1113,"11":0.7056},"edge":{"12":0.1176,"13":0.2247,"14":0.1428},"bb":{"7":0.05925,"10":null},"ie_mob":{"10":0.076472,"11":0.358028},"and_ff":{"0":0.0079},"samsung":{"0":0.7584},"and_uc":{"0":2.7176},"op_mini":{"0":60.9225115562},"and_chr":{"0":6.6608}},"total":98.87545}