{"id":"SA","name":"Saudi Arabia","month":"2016-11","access_date":"2016-12-03","data":{"firefox":{"2":0.07758,"3":0.015516,"3.5":null,"3.6":null,"4":null,"5":null,"6":null,"7":null,"8":null,"9":null,"10":null,"11":null,"12":0.003879,"13":null,"14":null,"15":0.07758,"16":null,"17":null,"18":0.089217,"19":null,"20":null,"21":0.081459,"22":0.003879,"23":0.089217,"24":null,"25":0.162918,"26":0.003879,"27":null,"28":null,"29":null,"30":0.007758,"31":0.003879,"32":null,"33":0.007758,"34":0.003879,"35":0.011637,"36":0.007758,"37":0.011637,"38":0.015516,"39":0.011637,"40":0.011637,"41":0.007758,"42":0.011637,"43":0.073701,"44":0.031032,"45":0.065943,"46":0.042669,"47":0.221103,"48":0.131886,"49":1.656333,"50":0.985266,"51":0.046548,"52":null,"53":null},"chrome":{"4":null,"5":null,"6":null,"7":null,"8":0.003879,"9":null,"10":null,"11":0.007758,"12":0.003879,"13":null,"14":null,"15":null,"16":null,"17":null,"18":0.003879,"19":0.081459,"20":0.003879,"21":0.003879,"22":0.011637,"23":null,"24":0.248256,"25":0.007758,"26":0.007758,"27":0.015516,"28":0.011637,"29":0.023274,"30":0.093096,"31":0.058185,"32":0.011637,"33":0.081459,"34":0.019395,"35":0.170676,"36":0.011637,"37":0.015516,"38":0.031032,"39":0.034911,"40":0.019395,"41":0.034911,"42":0.015516,"43":0.515907,"44":0.031032,"45":0.03879,"46":0.027153,"47":0.07758,"48":0.058185,"49":0.954234,"50":0.073701,"51":0.411174,"52":0.240498,"53":0.616761,"54":21.862044,"55":0.112491,"56":0.124128,"57":null},"opera":{"9":null,"9.5-9.6":null,"10.0-10.1":0.081459,"10.5":null,"10.6":null,"11":null,"11.1":null,"11.5":null,"11.6":null,"12":null,"12.1":0.007758,"15":null,"16":null,"17":null,"18":null,"19":null,"20":null,"21":null,"22":null,"23":null,"24":null,"25":null,"26":null,"27":null,"28":0.011637,"29":null,"30":null,"31":null,"32":null,"33":null,"34":null,"35":0.011637,"36":0.007758,"37":0.007758,"38":0.034911,"39":0.011637,"40":0.015516,"41":0.027153,"42":null,"43":null},"safari":{"3.1":null,"3.2":null,"4":0.003879,"5":0.085338,"5.1":0.034911,"6":0.003879,"6.1":0.015516,"7":0.019395,"7.1":0.007758,"8":0.143523,"9":0.11637,"9.1":0.403416,"10":0.950355,"0":null},"ios_saf":{"3.2":0,"4.0-4.1":0,"4.2-4.3":0,"5.0-5.1":0,"6.0-6.1":0,"7.0-7.1":0.323875029053,"8":0,"8.1-8.4":0.418338579194,"9.0-9.2":0.322375607623,"9.3":2.11118537457,"10-10.1":11.2231694096},"android":{"2.1":0,"2.2":0,"2.3":0.00732424726724,"3":0,"4":0.0634768096495,"4.1":0.201416799849,"4.2-4.3":0.574953410479,"4.4":1.35498574444,"4.4.3-4.4.4":1.03638098832,"53":null},"op_mob":{"10":0,"11":0,"11.1":0,"11.5":0,"12":0,"12.1":0.000164184733269,"0":0.0059106503977},"ie":{"5.5":null,"6":0.00783981975072,"7":0.00391990987536,"8":0.486068824545,"9":0.450789635666,"10":0.38023125791,"11":2.75961655225},"edge":{"12":0.073701,"13":0.224982,"14":0.744768},"bb":{"7":0.039793,"10":null},"ie_mob":{"10":0.020471968,"11":0.095846032},"and_ff":{"0":0.024488},"samsung":{"0":4.169082},"and_uc":{"0":14.227528},"op_mini":{"0":0.079633164869},"and_chr":{"0":24.85062}},"total":98.432088}