{"id":"SB","name":"Solomon Islands","month":"2016-11","access_date":"2016-12-03","data":{"firefox":{"2":null,"3":0.08561,"3.5":null,"3.6":0.031798,"4":null,"5":null,"6":null,"7":0.01223,"8":null,"9":null,"10":null,"11":null,"12":null,"13":null,"14":null,"15":null,"16":0.017122,"17":null,"18":0.002446,"19":null,"20":null,"21":0.03669,"22":0.004892,"23":0.151652,"24":0.017122,"25":0.002446,"26":null,"27":0.004892,"28":0.004892,"29":0.026906,"30":null,"31":0.002446,"32":null,"33":0.014676,"34":null,"35":0.03669,"36":null,"37":0.046474,"38":0.007338,"39":0.019568,"40":0.007338,"41":0.017122,"42":0.004892,"43":0.234816,"44":0.031798,"45":0.026906,"46":0.080718,"47":0.552796,"48":0.239708,"49":1.426018,"50":0.897682,"51":0.15899,"52":null,"53":null},"chrome":{"4":null,"5":null,"6":null,"7":null,"8":0.748476,"9":null,"10":null,"11":0.034244,"12":null,"13":0.014676,"14":null,"15":null,"16":null,"17":null,"18":null,"19":null,"20":null,"21":0.03669,"22":0.009784,"23":0.007338,"24":null,"25":null,"26":null,"27":null,"28":0.004892,"29":0.004892,"30":null,"31":0.004892,"32":0.02446,"33":0.004892,"34":0.019568,"35":0.004892,"36":null,"37":0.002446,"38":0.002446,"39":0.004892,"40":0.002446,"41":0.039136,"42":0.017122,"43":0.019568,"44":0.002446,"45":0.031798,"46":0.04892,"47":0.017122,"48":0.004892,"49":1.494506,"50":0.051366,"51":0.144314,"52":0.031798,"53":0.320426,"54":5.8704,"55":0.09784,"56":0.004892,"57":null},"opera":{"9":null,"9.5-9.6":null,"10.0-10.1":0.007338,"10.5":null,"10.6":0.009784,"11":null,"11.1":null,"11.5":null,"11.6":null,"12":null,"12.1":null,"15":null,"16":null,"17":null,"18":null,"19":0.095394,"20":null,"21":null,"22":null,"23":null,"24":null,"25":null,"26":0.007338,"27":0.009784,"28":null,"29":0.291074,"30":null,"31":null,"32":null,"33":0.080718,"34":null,"35":0.004892,"36":0.004892,"37":0.198126,"38":0.004892,"39":null,"40":0.031798,"41":0.25683,"42":null,"43":null},"safari":{"3.1":null,"3.2":null,"4":0,"5":null,"5.1":0.019568,"6":0.009784,"6.1":0.007338,"7":0.009784,"7.1":null,"8":0.117408,"9":0.034244,"9.1":0.129638,"10":0.13453,"0":null},"ios_saf":{"3.2":0,"4.0-4.1":0,"4.2-4.3":0,"5.0-5.1":0,"6.0-6.1":0,"7.0-7.1":0.0536921611996,"8":0,"8.1-8.4":0.0693523748828,"9.0-9.2":0.0534435863793,"9.3":0.349993347079,"10-10.1":1.86058253046},"android":{"2.1":0,"2.2":0,"2.3":0.0108654594798,"3":0,"4":0.0941673154919,"4.1":0.298800135695,"4.2-4.3":0.852938569167,"4.4":2.01011000377,"4.4.3-4.4.4":1.5374625164,"53":null},"op_mob":{"10":0,"11":0,"11.1":0,"11.5":0,"12":0,"12.1":0.0364805382085,"0":1.3132993755},"ie":{"5.5":null,"6":0.007338,"7":null,"8":0.28129,"9":0.198126,"10":0.205464,"11":4.755024},"edge":{"12":0.058704,"13":0.225032,"14":0.286182},"bb":{"7":0.003777,"10":null},"ie_mob":{"10":0.390874176,"11":1.830001824},"and_ff":{"0":0.007554},"samsung":{"0":3.044262},"and_uc":{"0":20.607312},"op_mini":{"0":17.6938540863},"and_chr":{"0":24.168046}},"total":97.102329}