{"id":"SC","name":"Seychelles","month":"2016-11","access_date":"2016-12-03","data":{"firefox":{"2":null,"3":0.005231,"3.5":0.010462,"3.6":0.015693,"4":null,"5":0.041848,"6":null,"7":null,"8":null,"9":null,"10":0.010462,"11":0.005231,"12":null,"13":0.005231,"14":0.010462,"15":0.005231,"16":0.005231,"17":0.005231,"18":null,"19":null,"20":0.015693,"21":0.031386,"22":0.005231,"23":0.010462,"24":0.026155,"25":0.010462,"26":0.015693,"27":null,"28":0.015693,"29":0.010462,"30":0.151699,"31":null,"32":0.015693,"33":0.010462,"34":0.015693,"35":0.015693,"36":0.125544,"37":0.031386,"38":0.381863,"39":0.078465,"40":0.099389,"41":0.015693,"42":0.251088,"43":0.606796,"44":0.115082,"45":0.345246,"46":0.768957,"47":2.714889,"48":0.873577,"49":3.703548,"50":1.642534,"51":0.088927,"52":0.010462,"53":0.010462},"chrome":{"4":null,"5":null,"6":null,"7":null,"8":null,"9":null,"10":null,"11":0.010462,"12":0.073234,"13":null,"14":null,"15":0.005231,"16":null,"17":null,"18":null,"19":0.005231,"20":null,"21":null,"22":0.015693,"23":null,"24":0.036617,"25":null,"26":null,"27":0.015693,"28":null,"29":0.031386,"30":0.026155,"31":0.020924,"32":0.026155,"33":0.010462,"34":null,"35":0.020924,"36":0.031386,"37":0.036617,"38":0.036617,"39":0.083696,"40":0.041848,"41":0.031386,"42":0.010462,"43":0.632951,"44":0.015693,"45":0.099389,"46":0.020924,"47":0.031386,"48":0.026155,"49":1.135127,"50":0.831729,"51":5.7541,"52":0.685261,"53":1.297288,"54":13.945846,"55":0.041848,"56":0.094158,"57":null},"opera":{"9":null,"9.5-9.6":null,"10.0-10.1":0,"10.5":null,"10.6":0.010462,"11":null,"11.1":null,"11.5":null,"11.6":0.015693,"12":null,"12.1":0.05231,"15":null,"16":null,"17":null,"18":null,"19":null,"20":null,"21":null,"22":null,"23":null,"24":null,"25":null,"26":null,"27":null,"28":0.010462,"29":null,"30":null,"31":null,"32":0.010462,"33":null,"34":null,"35":0.010462,"36":0.015693,"37":0.036617,"38":1.124665,"39":null,"40":0.015693,"41":0.256319,"42":null,"43":null},"safari":{"3.1":null,"3.2":null,"4":0,"5":null,"5.1":0.015693,"6":null,"6.1":0.026155,"7":0.020924,"7.1":0.005231,"8":0.047079,"9":0.125544,"9.1":0.47079,"10":1.088048,"0":null},"ios_saf":{"3.2":0,"4.0-4.1":0,"4.2-4.3":0,"5.0-5.1":0,"6.0-6.1":0,"7.0-7.1":0.312796341143,"8":0,"8.1-8.4":0.40402860731,"9.0-9.2":0.311348209934,"9.3":2.03896874227,"10-10.1":10.8392620993},"android":{"2.1":0,"2.2":0,"2.3":0.00612617866566,"3":0,"4":0.0530935484357,"4.1":0.168469913306,"4.2-4.3":0.480905025254,"4.4":1.13334305315,"4.4.3-4.4.4":0.866854281191,"53":null},"op_mob":{"10":0,"11":0,"11.1":0,"11.5":0,"12":0,"12.1":0.00752776312831,"0":0.270999472619},"ie":{"5.5":null,"6":0.137541826851,"7":0.010580140527,"8":0.640098501882,"9":0.238053161857,"10":0.613648150565,"11":2.57626421832},"edge":{"12":0.387094,"13":0.669568,"14":0.491714},"bb":{"7":0.0500745,"10":null},"ie_mob":{"10":0.158636016,"11":0.742704984},"and_ff":{"0":0.038152},"samsung":{"0":4.38748},"and_uc":{"0":5.260207},"op_mini":{"0":3.65112876425},"and_chr":{"0":17.727}},"total":95.5487025}