{"id":"SD","name":"Sudan","month":"2016-11","access_date":"2016-12-03","data":{"firefox":{"2":0.003636,"3":0.069084,"3.5":0.005454,"3.6":0.085446,"4":0.012726,"5":0.007272,"6":0.012726,"7":0.003636,"8":0.007272,"9":0.012726,"10":0.016362,"11":0.01818,"12":0.014544,"13":0.016362,"14":0.01818,"15":0.00909,"16":0.023634,"17":0.007272,"18":0.021816,"19":0.014544,"20":0.007272,"21":0.083628,"22":0.02727,"23":0.021816,"24":0.01818,"25":0.025452,"26":0.010908,"27":0.01818,"28":0.014544,"29":0.069084,"30":0.032724,"31":0.025452,"32":0.021816,"33":0.03636,"34":0.02727,"35":0.229068,"36":0.078174,"37":0.098172,"38":0.032724,"39":0.058176,"40":0.04545,"41":0.047268,"42":0.03636,"43":0.265428,"44":0.20907,"45":0.114534,"46":0.076356,"47":0.625392,"48":0.234522,"49":2.534292,"50":1.361682,"51":0.138168,"52":null,"53":null},"chrome":{"4":0.00909,"5":0.00909,"6":0.005454,"7":0.001818,"8":0.010908,"9":0.032724,"10":0.010908,"11":0.06363,"12":0.00909,"13":0.039996,"14":0.005454,"15":0.003636,"16":0.056358,"17":0.010908,"18":0.00909,"19":0.014544,"20":0.012726,"21":0.005454,"22":0.030906,"23":0.049086,"24":0.025452,"25":0.043632,"26":0.08181,"27":0.12726,"28":0.114534,"29":0.16362,"30":0.059994,"31":0.129078,"32":0.04545,"33":0.130896,"34":0.038178,"35":0.039996,"36":0.049086,"37":0.025452,"38":0.043632,"39":0.083628,"40":0.59085,"41":0.170892,"42":0.030906,"43":0.6363,"44":0.087264,"45":0.096354,"46":0.119988,"47":0.116352,"48":0.087264,"49":0.279972,"50":0.143622,"51":0.429048,"52":0.361782,"53":0.441774,"54":0.998082,"55":0.005454,"56":0.001818,"57":null},"opera":{"9":null,"9.5-9.6":null,"10.0-10.1":0,"10.5":null,"10.6":0.007272,"11":0.00909,"11.1":null,"11.5":0.04545,"11.6":0.01818,"12":0.02727,"12.1":0.049086,"15":0.001818,"16":0.001818,"17":0.003636,"18":0.005454,"19":0.003636,"20":0.00909,"21":0.001818,"22":0.001818,"23":0.003636,"24":null,"25":null,"26":0.001818,"27":0.005454,"28":0.121806,"29":0.00909,"30":0.003636,"31":0.001818,"32":0.003636,"33":0.02727,"34":0.014544,"35":0.014544,"36":0.030906,"37":0.023634,"38":0.012726,"39":0.016362,"40":0.049086,"41":0.701748,"42":0.00909,"43":0.00909},"safari":{"3.1":null,"3.2":null,"4":0,"5":0.016362,"5.1":0.019998,"6":null,"6.1":null,"7":0.021816,"7.1":0.029088,"8":0.085446,"9":0.01818,"9.1":0.049086,"10":0.138168,"0":null},"ios_saf":{"3.2":0,"4.0-4.1":0,"4.2-4.3":0,"5.0-5.1":0,"6.0-6.1":0,"7.0-7.1":0.0379117225867,"8":0,"8.1-8.4":0.0489693083411,"9.0-9.2":0.0377362053525,"9.3":0.24712826575,"10-10.1":1.31374649797},"android":{"2.1":0,"2.2":0,"2.3":0.0210579329061,"3":0,"4":0.182502085187,"4.1":0.579093154919,"4.2-4.3":1.65304773313,"4.4":3.89571758764,"4.4.3-4.4.4":2.97969750622,"53":null},"op_mob":{"10":0,"11":0,"11.1":0,"11.5":0,"12":0,"12.1":0.072020544705,"0":2.59273960938},"ie":{"5.5":null,"6":0.00735173684211,"7":0.0128655394737,"8":0.367586842105,"9":0.130493328947,"10":0.0863829078947,"11":1.06967771053},"edge":{"12":0.078174,"13":0.079992,"14":0.176346},"bb":{"7":0.0184095,"10":null},"ie_mob":{"10":0.047521056,"11":0.222484944},"and_ff":{"0":0.090002},"samsung":{"0":3.755538},"and_uc":{"0":13.107564},"op_mini":{"0":34.9315298459},"and_chr":{"0":15.577552}},"total":98.2393575658}