{"id":"SE","name":"Sweden","month":"2016-11","access_date":"2016-12-03","data":{"firefox":{"2":null,"3":null,"3.5":0.005828,"3.6":0.011656,"4":null,"5":null,"6":null,"7":null,"8":null,"9":null,"10":null,"11":0.011656,"12":null,"13":null,"14":null,"15":null,"16":0.005828,"17":0.011656,"18":null,"19":null,"20":null,"21":0.005828,"22":null,"23":0.017484,"24":0.005828,"25":null,"26":0.005828,"27":0.005828,"28":null,"29":null,"30":null,"31":0.011656,"32":null,"33":0.005828,"34":0.064108,"35":0.011656,"36":null,"37":0.052452,"38":0.052452,"39":0.017484,"40":0.011656,"41":0.017484,"42":0.023312,"43":0.05828,"44":0.034968,"45":0.128216,"46":0.05828,"47":0.209808,"48":0.279744,"49":3.863964,"50":2.051456,"51":0.017484,"52":null,"53":null},"chrome":{"4":null,"5":null,"6":null,"7":null,"8":null,"9":null,"10":null,"11":0.005828,"12":null,"13":null,"14":null,"15":null,"16":null,"17":null,"18":null,"19":null,"20":null,"21":0.005828,"22":0.017484,"23":null,"24":null,"25":0.005828,"26":null,"27":null,"28":null,"29":0.011656,"30":null,"31":0.017484,"32":0.011656,"33":0.011656,"34":0.023312,"35":0.046624,"36":0.011656,"37":0.017484,"38":0.110732,"39":0.104904,"40":0.023312,"41":0.034968,"42":0.023312,"43":0.069936,"44":0.034968,"45":0.040796,"46":0.05828,"47":0.040796,"48":0.075764,"49":0.99076,"50":0.099076,"51":0.477896,"52":0.26226,"53":1.678464,"54":27.234244,"55":0.093248,"56":0.02914,"57":null},"opera":{"9":null,"9.5-9.6":null,"10.0-10.1":0,"10.5":null,"10.6":null,"11":null,"11.1":null,"11.5":null,"11.6":null,"12":null,"12.1":0.034968,"15":null,"16":null,"17":null,"18":null,"19":null,"20":null,"21":null,"22":null,"23":null,"24":null,"25":null,"26":null,"27":null,"28":0.011656,"29":null,"30":null,"31":null,"32":null,"33":null,"34":null,"35":null,"36":0.011656,"37":0.011656,"38":0.034968,"39":null,"40":0.005828,"41":0.308884,"42":null,"43":null},"safari":{"3.1":null,"3.2":null,"4":0,"5":0.034968,"5.1":0.110732,"6":0.017484,"6.1":0.1457,"7":0.104904,"7.1":0.017484,"8":0.472068,"9":0.442928,"9.1":1.404548,"10":2.896516,"0":null},"ios_saf":{"3.2":0,"4.0-4.1":0,"4.2-4.3":0,"5.0-5.1":0,"6.0-6.1":0,"7.0-7.1":0.477857387067,"8":0,"8.1-8.4":0.617232458294,"9.0-9.2":0.475645084349,"9.3":3.1149222268,"10-10.1":16.5590858435},"android":{"2.1":0,"2.2":0,"2.3":0.00191583641161,"3":0,"4":0.0166039155673,"4.1":0.0526855013193,"4.2-4.3":0.150393158311,"4.4":0.354429736148,"4.4.3-4.4.4":0.271090852243,"53":null},"op_mob":{"10":0,"11":0,"11.1":0,"11.5":0,"12":0,"12.1":0.000271793278641,"0":0.00978455803107},"ie":{"5.5":null,"6":0.00584407724138,"7":0.0116881544828,"8":0.116881544828,"9":0.216230857931,"10":0.268827553103,"11":7.85443981241},"edge":{"12":0.069936,"13":0.425444,"14":3.08884},"bb":{"7":0.00312975,"10":null},"ie_mob":{"10":0.038191296,"11":0.178804704},"and_ff":{"0":0.04173},"samsung":{"0":4.894929},"and_uc":{"0":0.070941},"op_mini":{"0":0.13182564869},"and_chr":{"0":14.32196}},"total":98.63556975}