{"id":"SG","name":"Singapore","month":"2016-11","access_date":"2016-12-03","data":{"firefox":{"2":null,"3":0.048303,"3.5":null,"3.6":0.010734,"4":null,"5":null,"6":null,"7":null,"8":null,"9":null,"10":0.005367,"11":null,"12":null,"13":null,"14":null,"15":null,"16":0.010734,"17":0.010734,"18":null,"19":null,"20":null,"21":0.021468,"22":null,"23":null,"24":0.005367,"25":0.005367,"26":null,"27":null,"28":null,"29":0.005367,"30":null,"31":0.010734,"32":0.005367,"33":0.010734,"34":0.032202,"35":0.010734,"36":0.010734,"37":0.032202,"38":0.085872,"39":0.016101,"40":0.016101,"41":0.016101,"42":0.016101,"43":0.209313,"44":0.080505,"45":0.225414,"46":0.332754,"47":0.955326,"48":0.391791,"49":2.89818,"50":1.347117,"51":0.026835,"52":null,"53":null},"chrome":{"4":null,"5":null,"6":null,"7":null,"8":null,"9":null,"10":null,"11":0.016101,"12":null,"13":null,"14":null,"15":null,"16":null,"17":null,"18":null,"19":null,"20":null,"21":0.005367,"22":0.021468,"23":null,"24":null,"25":null,"26":0.010734,"27":0.016101,"28":0.010734,"29":0.112707,"30":0.005367,"31":0.042936,"32":0.010734,"33":0.021468,"34":0.037569,"35":0.021468,"36":0.016101,"37":0.010734,"38":0.032202,"39":0.230781,"40":0.026835,"41":0.064404,"42":0.059037,"43":0.364956,"44":0.101973,"45":0.155643,"46":0.091239,"47":0.091239,"48":0.359589,"49":1.170006,"50":0.472296,"51":2.52249,"52":0.499131,"53":1.298814,"54":23.711406,"55":0.091239,"56":0.048303,"57":null},"opera":{"9":null,"9.5-9.6":0.005367,"10.0-10.1":0,"10.5":null,"10.6":null,"11":null,"11.1":null,"11.5":null,"11.6":null,"12":null,"12.1":0.026835,"15":null,"16":null,"17":null,"18":null,"19":null,"20":null,"21":null,"22":null,"23":null,"24":null,"25":null,"26":null,"27":null,"28":0.037569,"29":null,"30":null,"31":null,"32":null,"33":null,"34":null,"35":null,"36":0.010734,"37":0.026835,"38":0.391791,"39":0.010734,"40":0.010734,"41":0.273717,"42":null,"43":null},"safari":{"3.1":null,"3.2":null,"4":0.059037,"5":0.026835,"5.1":0.069771,"6":0.016101,"6.1":0.059037,"7":0.037569,"7.1":0.010734,"8":0.225414,"9":0.236148,"9.1":0.890922,"10":1.653036,"0":null},"ios_saf":{"3.2":0,"4.0-4.1":0,"4.2-4.3":0,"5.0-5.1":0,"6.0-6.1":0,"7.0-7.1":0.348819553889,"8":0,"8.1-8.4":0.45055859044,"9.0-9.2":0.347204648547,"9.3":2.27378672165,"10-10.1":12.0875664855},"android":{"2.1":0,"2.2":0,"2.3":0.00320556049755,"3":0,"4":0.0277815243121,"4.1":0.0881529136826,"4.2-4.3":0.251636499058,"4.4":0.593028692047,"4.4.3-4.4.4":0.453586810403,"53":null},"op_mob":{"10":0,"11":0,"11.1":0,"11.5":0,"12":0,"12.1":0.00212069329113,"0":0.0763449584808},"ie":{"5.5":null,"6":0.0715727444346,"7":0.0715727444346,"8":1.13919951558,"9":0.363828117542,"10":0.506973606411,"11":4.53294048085},"edge":{"12":0.080505,"13":0.348855,"14":1.282713},"bb":{"7":0.540786,"10":null},"ie_mob":{"10":0.030163584,"11":0.141220416},"and_ff":{"0":0.050952},"samsung":{"0":5.173944},"and_uc":{"0":4.210488},"op_mini":{"0":1.02858234823},"and_chr":{"0":17.12292}},"total":96.3847612093}