{"id":"SH","name":"Saint Helena","month":"2016-11","access_date":"2016-12-03","data":{"firefox":{"2":null,"3":null,"3.5":null,"3.6":null,"4":null,"5":null,"6":null,"7":null,"8":null,"9":null,"10":null,"11":null,"12":null,"13":null,"14":null,"15":null,"16":null,"17":null,"18":null,"19":null,"20":0.590019,"21":null,"22":null,"23":null,"24":null,"25":null,"26":null,"27":null,"28":null,"29":null,"30":null,"31":null,"32":null,"33":null,"34":null,"35":null,"36":null,"37":null,"38":null,"39":null,"40":null,"41":null,"42":null,"43":null,"44":null,"45":null,"46":null,"47":2.377178,"48":8.610857,"49":13.365213,"50":0.590019,"51":null,"52":null,"53":null},"chrome":{"4":null,"5":null,"6":null,"7":null,"8":null,"9":null,"10":null,"11":null,"12":null,"13":null,"14":null,"15":null,"16":null,"17":null,"18":1.188589,"19":null,"20":null,"21":null,"22":null,"23":null,"24":null,"25":null,"26":null,"27":null,"28":null,"29":null,"30":null,"31":null,"32":null,"33":null,"34":null,"35":null,"36":null,"37":null,"38":null,"39":null,"40":null,"41":1.487874,"42":null,"43":null,"44":null,"45":null,"46":null,"47":null,"48":null,"49":1.487874,"50":8.610857,"51":0.299285,"52":8.910142,"53":10.389465,"54":11.278769,"55":null,"56":null,"57":null},"opera":{"9":null,"9.5-9.6":null,"10.0-10.1":0,"10.5":null,"10.6":null,"11":null,"11.1":null,"11.5":null,"11.6":null,"12":null,"12.1":null,"15":null,"16":null,"17":null,"18":null,"19":null,"20":null,"21":null,"22":null,"23":null,"24":null,"25":null,"26":null,"27":null,"28":null,"29":null,"30":null,"31":null,"32":null,"33":null,"34":null,"35":null,"36":null,"37":null,"38":0.299285,"39":null,"40":null,"41":null,"42":null,"43":null},"safari":{"3.1":null,"3.2":null,"4":0,"5":null,"5.1":null,"6":null,"6.1":null,"7":null,"7.1":null,"8":null,"9":null,"9.1":0.299285,"10":null,"0":null},"ios_saf":{"3.2":0,"4.0-4.1":0,"4.2-4.3":0,"5.0-5.1":0,"6.0-6.1":0,"7.0-7.1":0.0518543730084,"8":0,"8.1-8.4":0.0669785651359,"9.0-9.2":0.0516143064667,"9.3":0.338013690722,"10-10.1":1.79689806467},"android":{"2.1":0,"2.2":0,"2.3":0.000743889182058,"3":0,"4":0.00644703957784,"4.1":0.0204569525066,"4.2-4.3":0.0583953007916,"4.4":0.137619498681,"4.4.3-4.4.4":0.105260319261,"53":null},"op_mob":{"10":0,"11":0,"11.1":0,"11.5":0,"12":0,"12.1":0,"0":0},"ie":{"5.5":null,"6":null,"7":null,"8":null,"9":0.299285,"10":0.889304,"11":14.254517},"edge":{"12":null,"13":null,"14":null},"bb":{"7":0,"10":null},"ie_mob":{"10":0.405743184,"11":1.899615816},"and_ff":{"0":7.245},"samsung":{"0":null},"and_uc":{"0":null},"op_mini":{"0":0},"and_chr":{"0":2.604644}},"total":100.017102}