{"id":"SI","name":"Slovenia","month":"2016-11","access_date":"2016-12-03","data":{"firefox":{"2":null,"3":null,"3.5":0.061048,"3.6":0.022893,"4":0.015262,"5":0.015262,"6":0.007631,"7":0.007631,"8":0.007631,"9":0.015262,"10":0.007631,"11":0.007631,"12":null,"13":null,"14":null,"15":null,"16":0.007631,"17":0.053417,"18":0.007631,"19":0.015262,"20":0.015262,"21":0.015262,"22":0.007631,"23":0.007631,"24":0.015262,"25":0.007631,"26":0.022893,"27":0.007631,"28":0.022893,"29":0.015262,"30":0.015262,"31":0.053417,"32":0.022893,"33":0.022893,"34":0.015262,"35":0.015262,"36":0.022893,"37":0.114465,"38":0.07631,"39":0.053417,"40":0.030524,"41":0.091572,"42":0.030524,"43":0.160251,"44":0.045786,"45":0.259454,"46":0.07631,"47":0.656266,"48":0.419705,"49":10.347636,"50":8.3941,"51":0.038155,"52":0.007631,"53":null},"chrome":{"4":null,"5":null,"6":null,"7":null,"8":null,"9":0.007631,"10":null,"11":0.022893,"12":0.015262,"13":null,"14":0.007631,"15":0.015262,"16":0.007631,"17":null,"18":null,"19":0.015262,"20":0.015262,"21":0.030524,"22":0.022893,"23":0.015262,"24":0.015262,"25":0.015262,"26":0.007631,"27":null,"28":null,"29":0.030524,"30":0.022893,"31":0.061048,"32":0.022893,"33":0.015262,"34":0.030524,"35":0.030524,"36":0.022893,"37":0.015262,"38":0.045786,"39":0.068679,"40":0.022893,"41":0.030524,"42":0.022893,"43":0.099203,"44":0.068679,"45":0.030524,"46":0.030524,"47":0.053417,"48":0.061048,"49":2.006953,"50":0.122096,"51":0.618111,"52":0.30524,"53":1.037816,"54":34.72105,"55":0.122096,"56":0.091572,"57":null},"opera":{"9":null,"9.5-9.6":null,"10.0-10.1":0,"10.5":null,"10.6":null,"11":null,"11.1":null,"11.5":null,"11.6":null,"12":null,"12.1":0.083941,"15":null,"16":null,"17":null,"18":null,"19":null,"20":null,"21":null,"22":null,"23":null,"24":null,"25":null,"26":null,"27":null,"28":0.007631,"29":null,"30":null,"31":null,"32":null,"33":null,"34":null,"35":null,"36":0.030524,"37":0.015262,"38":0.068679,"39":0.030524,"40":0.038155,"41":0.679159,"42":null,"43":null},"safari":{"3.1":null,"3.2":null,"4":0,"5":0.022893,"5.1":0.07631,"6":null,"6.1":0.038155,"7":0.015262,"7.1":0.022893,"8":0.114465,"9":0.144989,"9.1":0.503646,"10":1.549093,"0":null},"ios_saf":{"3.2":0,"4.0-4.1":0,"4.2-4.3":0,"5.0-5.1":0,"6.0-6.1":0,"7.0-7.1":0.096394099344,"8":0,"8.1-8.4":0.124509044986,"9.0-9.2":0.0959478303655,"9.3":0.628346721649,"10-10.1":3.34032330366},"android":{"2.1":0,"2.2":0,"2.3":0.00264670787787,"3":0,"4":0.0229381349416,"4.1":0.0727844666415,"4.2-4.3":0.207766568413,"4.4":0.489640957407,"4.4.3-4.4.4":0.374509164719,"53":null},"op_mob":{"10":0,"11":0,"11.1":0,"11.5":0,"12":0,"12.1":0.000304054387207,"0":0.0109459579394},"ie":{"5.5":null,"6":0.015291293666,"7":null,"8":0.282888932821,"9":0.22936940499,"10":0.259951992322,"11":7.1792623762},"edge":{"12":0.083941,"13":0.343395,"14":1.762761},"bb":{"7":0.01006825,"10":null},"ie_mob":{"10":0.076300752,"11":0.357226248},"and_ff":{"0":0.030797},"samsung":{"0":2.816741},"and_uc":{"0":0.040273},"op_mini":{"0":0.147472987673},"and_chr":{"0":14.857734}},"total":98.78587625}