{"id":"SK","name":"Slovakia (Slovak Republic)","month":"2016-11","access_date":"2016-12-03","data":{"firefox":{"2":null,"3":0.015396,"3.5":null,"3.6":0.023094,"4":null,"5":null,"6":null,"7":null,"8":null,"9":null,"10":0.007698,"11":null,"12":0.023094,"13":null,"14":null,"15":null,"16":0.007698,"17":0.007698,"18":null,"19":null,"20":null,"21":0.015396,"22":null,"23":null,"24":0.03849,"25":null,"26":null,"27":0.007698,"28":0.015396,"29":0.130866,"30":0.015396,"31":0.015396,"32":0.023094,"33":0.046188,"34":0.03849,"35":0.015396,"36":0.069282,"37":1.11621,"38":0.084678,"39":0.046188,"40":0.030792,"41":0.053886,"42":0.107772,"43":0.15396,"44":0.069282,"45":0.323316,"46":0.084678,"47":0.546558,"48":0.354108,"49":9.460842,"50":5.65803,"51":0.023094,"52":0.007698,"53":null},"chrome":{"4":null,"5":null,"6":null,"7":null,"8":null,"9":null,"10":null,"11":0.030792,"12":0.007698,"13":null,"14":null,"15":null,"16":null,"17":null,"18":null,"19":null,"20":null,"21":null,"22":0.03849,"23":null,"24":null,"25":null,"26":0.015396,"27":0.015396,"28":null,"29":null,"30":null,"31":0.030792,"32":0.023094,"33":0.015396,"34":0.046188,"35":0.015396,"36":0.023094,"37":0.023094,"38":0.030792,"39":0.053886,"40":0.030792,"41":0.030792,"42":0.015396,"43":0.107772,"44":0.061584,"45":0.030792,"46":0.046188,"47":0.053886,"48":0.100074,"49":2.80977,"50":0.123168,"51":0.392598,"52":0.215544,"53":0.700518,"54":38.25906,"55":0.130866,"56":0.053886,"57":null},"opera":{"9":null,"9.5-9.6":null,"10.0-10.1":0,"10.5":null,"10.6":0.015396,"11":null,"11.1":null,"11.5":null,"11.6":0.015396,"12":0.015396,"12.1":0.400296,"15":null,"16":null,"17":null,"18":null,"19":null,"20":0.015396,"21":null,"22":null,"23":null,"24":null,"25":null,"26":0.015396,"27":null,"28":0.023094,"29":null,"30":0.015396,"31":0.007698,"32":0.007698,"33":null,"34":0.007698,"35":0.015396,"36":0.200148,"37":0.069282,"38":0.046188,"39":0.023094,"40":0.03849,"41":2.678904,"42":0.03849,"43":null},"safari":{"3.1":null,"3.2":null,"4":0.007698,"5":0.015396,"5.1":0.061584,"6":null,"6.1":0.030792,"7":0.030792,"7.1":null,"8":0.100074,"9":0.123168,"9.1":0.446484,"10":1.601184,"0":null},"ios_saf":{"3.2":0,"4.0-4.1":0,"4.2-4.3":0,"5.0-5.1":0,"6.0-6.1":0,"7.0-7.1":0.0747686148079,"8":0,"8.1-8.4":0.0965761274602,"9.0-9.2":0.0744224638134,"9.3":0.487380600229,"10-10.1":2.59094019369},"android":{"2.1":0,"2.2":0,"2.3":0.00431071843196,"3":0,"4":0.0373595597437,"4.1":0.118544756879,"4.2-4.3":0.338391396909,"4.4":0.797482909913,"4.4.3-4.4.4":0.609966658123,"53":null},"op_mob":{"10":0,"11":0,"11.1":0,"11.5":0,"12":0,"12.1":0.0011597716237,"0":0.0417517784533},"ie":{"5.5":null,"6":0.00775027843803,"7":0.0155005568761,"8":0.286760302207,"9":0.155005568761,"10":0.162755847199,"11":3.93714144652},"edge":{"12":0.046188,"13":0.223242,"14":1.793634},"bb":{"7":0.0189915,"10":null},"ie_mob":{"10":0.082651008,"11":0.386956992},"and_ff":{"0":0.027624},"samsung":{"0":1.590682},"and_uc":{"0":0.151932},"op_mini":{"0":0.562514449923},"and_chr":{"0":15.221386}},"total":98.1788435}