{"id":"SL","name":"Sierra Leone","month":"2016-11","access_date":"2016-12-03","data":{"firefox":{"2":null,"3":0.015687,"3.5":0.006723,"3.6":0.020169,"4":0.017928,"5":0.013446,"6":null,"7":null,"8":0.004482,"9":null,"10":0.033615,"11":0.020169,"12":0.064989,"13":0.033615,"14":null,"15":0.008964,"16":0.029133,"17":0.006723,"18":0.002241,"19":0.011205,"20":0.024651,"21":0.008964,"22":0.006723,"23":0.015687,"24":0.015687,"25":0.064989,"26":0.008964,"27":0.004482,"28":0.002241,"29":0.024651,"30":0.015687,"31":0.053784,"32":0.02241,"33":0.029133,"34":0.011205,"35":0.029133,"36":0.040338,"37":0.026892,"38":0.029133,"39":0.024651,"40":0.017928,"41":0.071712,"42":0.017928,"43":0.237546,"44":0.29133,"45":0.107568,"46":0.042579,"47":0.356319,"48":0.441477,"49":2.518884,"50":1.324431,"51":0.145665,"52":null,"53":null},"chrome":{"4":null,"5":null,"6":null,"7":null,"8":null,"9":null,"10":null,"11":0.008964,"12":0.006723,"13":null,"14":null,"15":null,"16":0.004482,"17":null,"18":0.004482,"19":null,"20":null,"21":null,"22":0.015687,"23":null,"24":0.013446,"25":null,"26":0.060507,"27":null,"28":0.006723,"29":0.004482,"30":0.002241,"31":0.004482,"32":0.002241,"33":0.024651,"34":null,"35":null,"36":0.002241,"37":null,"38":0.002241,"39":0.002241,"40":0.002241,"41":null,"42":0.020169,"43":0.284607,"44":0.082917,"45":0.078435,"46":0.017928,"47":0.069471,"48":0.008964,"49":0.136701,"50":0.017928,"51":0.320463,"52":0.215136,"53":0.347355,"54":7.3953,"55":0.085158,"56":0.006723,"57":null},"opera":{"9":null,"9.5-9.6":null,"10.0-10.1":0,"10.5":null,"10.6":null,"11":0.013446,"11.1":null,"11.5":0.004482,"11.6":0.549045,"12":null,"12.1":0.013446,"15":0.015687,"16":null,"17":0.006723,"18":0.008964,"19":null,"20":null,"21":null,"22":0.006723,"23":null,"24":null,"25":null,"26":null,"27":0.002241,"28":null,"29":0.020169,"30":null,"31":null,"32":null,"33":null,"34":0.008964,"35":0.008964,"36":0.008964,"37":0.064989,"38":null,"39":0.011205,"40":0.053784,"41":0.614034,"42":0.008964,"43":null},"safari":{"3.1":null,"3.2":null,"4":0,"5":0.002241,"5.1":null,"6":null,"6.1":0.006723,"7":0.002241,"7.1":0.006723,"8":0.035856,"9":0.123255,"9.1":0.203931,"10":0.593865,"0":null},"ios_saf":{"3.2":0,"4.0-4.1":0,"4.2-4.3":0,"5.0-5.1":0,"6.0-6.1":0,"7.0-7.1":0.0406638500469,"8":0,"8.1-8.4":0.0525241396439,"9.0-9.2":0.0404755914818,"9.3":0.265068059565,"10-10.1":1.40911535926},"android":{"2.1":0,"2.2":0,"2.3":0.00512392310592,"3":0,"4":0.0444073335846,"4.1":0.140907885413,"4.2-4.3":0.402227963815,"4.4":0.947925774595,"4.4.3-4.4.4":0.725035119487,"53":null},"op_mob":{"10":0,"11":0,"11.1":0,"11.5":0,"12":0,"12.1":0.111400925749,"0":4.01043332695},"ie":{"5.5":null,"6":null,"7":0.00673524590164,"8":0.33002704918,"9":0.0763327868852,"10":0.123479508197,"11":1.57155737705},"edge":{"12":0.177039,"13":0.186003,"14":0.298053},"bb":{"7":0.01745775,"10":null},"ie_mob":{"10":0.08193504,"11":0.38360496},"and_ff":{"0":0.007759},"samsung":{"0":1.334548},"and_uc":{"0":5.594239},"op_mini":{"0":54.0318707473},"and_chr":{"0":7.917832}},"total":98.3066027172}