{"id":"SM","name":"San Marino","month":"2016-11","access_date":"2016-12-03","data":{"firefox":{"2":null,"3":null,"3.5":0.031568,"3.6":0.007892,"4":null,"5":null,"6":null,"7":null,"8":null,"9":null,"10":null,"11":null,"12":0.307788,"13":null,"14":null,"15":null,"16":null,"17":null,"18":null,"19":null,"20":null,"21":0.047352,"22":null,"23":0.03946,"24":0.189408,"25":null,"26":null,"27":null,"28":null,"29":null,"30":null,"31":null,"32":null,"33":null,"34":null,"35":null,"36":0.007892,"37":0.007892,"38":null,"39":0.015784,"40":0.134164,"41":null,"42":null,"43":0.299896,"44":null,"45":0.23676,"46":0.007892,"47":0.181516,"48":1.073312,"49":8.073516,"50":5.36656,"51":null,"52":null,"53":0.023676},"chrome":{"4":null,"5":null,"6":null,"7":null,"8":null,"9":null,"10":null,"11":0.015784,"12":null,"13":null,"14":null,"15":null,"16":null,"17":null,"18":0.047352,"19":null,"20":null,"21":null,"22":0.007892,"23":null,"24":0.03946,"25":null,"26":null,"27":null,"28":null,"29":0.102596,"30":null,"31":0.007892,"32":0.055244,"33":0.015784,"34":0.055244,"35":null,"36":0.03946,"37":0.007892,"38":null,"39":null,"40":0.007892,"41":0.007892,"42":0.015784,"43":0.03946,"44":0.015784,"45":null,"46":0.015784,"47":0.015784,"48":0.086812,"49":3.377776,"50":0.055244,"51":0.11838,"52":0.260436,"53":0.86812,"54":38.347228,"55":0.03946,"56":0.031568,"57":null},"opera":{"9":null,"9.5-9.6":null,"10.0-10.1":0,"10.5":null,"10.6":null,"11":null,"11.1":null,"11.5":null,"11.6":null,"12":null,"12.1":0.063136,"15":null,"16":null,"17":null,"18":null,"19":null,"20":null,"21":null,"22":null,"23":null,"24":null,"25":null,"26":null,"27":null,"28":null,"29":null,"30":null,"31":null,"32":null,"33":null,"34":null,"35":null,"36":0.015784,"37":null,"38":null,"39":null,"40":null,"41":0.607684,"42":null,"43":null},"safari":{"3.1":null,"3.2":null,"4":0.015784,"5":0.03946,"5.1":0.757632,"6":0.047352,"6.1":0.071028,"7":null,"7.1":null,"8":0.11838,"9":0.284112,"9.1":1.018068,"10":3.440912,"0":null},"ios_saf":{"3.2":0,"4.0-4.1":0,"4.2-4.3":0,"5.0-5.1":0,"6.0-6.1":0,"7.0-7.1":0.142313027179,"8":0,"8.1-8.4":0.18382099344,"9.0-9.2":0.141654170572,"9.3":0.927670103093,"10-10.1":4.93154170572},"android":{"2.1":0,"2.2":0,"2.3":0.00157876894082,"3":0,"4":0.0136826641538,"4.1":0.0434161458726,"4.2-4.3":0.123933361855,"4.4":0.292072254052,"4.4.3-4.4.4":0.223395805126,"53":null},"op_mob":{"10":0,"11":0,"11.1":0,"11.5":0,"12":0,"12.1":0,"0":0},"ie":{"5.5":null,"6":null,"7":0.007892,"8":3.803944,"9":0.1973,"10":0.213084,"11":5.16926},"edge":{"12":0.094704,"13":0.142056,"14":1.5784},"bb":{"7":0.01212675,"10":null},"ie_mob":{"10":0.083887584,"11":0.392746416},"and_ff":{"0":0.006327},"samsung":{"0":2.528691},"and_uc":{"0":0.006327},"op_mini":{"0":0},"and_chr":{"0":10.90163}},"total":98.39311875}