{"id":"SN","name":"Senegal","month":"2016-11","access_date":"2016-12-03","data":{"firefox":{"2":null,"3":0.028698,"3.5":0.009566,"3.6":0.043047,"4":0.004783,"5":null,"6":0.009566,"7":null,"8":0.009566,"9":null,"10":0.009566,"11":0.023915,"12":0.062179,"13":0.009566,"14":0.019132,"15":0.04783,"16":0.014349,"17":0.014349,"18":0.009566,"19":0.014349,"20":0.009566,"21":0.023915,"22":0.009566,"23":0.009566,"24":0.004783,"25":0.014349,"26":0.009566,"27":0.038264,"28":0.014349,"29":0.028698,"30":0.052613,"31":0.038264,"32":0.043047,"33":0.014349,"34":0.028698,"35":0.066962,"36":0.04783,"37":0.062179,"38":0.234367,"39":0.066962,"40":0.066962,"41":0.062179,"42":0.043047,"43":0.4783,"44":0.086094,"45":0.138707,"46":0.110009,"47":0.86094,"48":0.401772,"49":4.768651,"50":3.711608,"51":0.076528,"52":null,"53":null},"chrome":{"4":0.004783,"5":0.009566,"6":0.033481,"7":0.009566,"8":0.009566,"9":0.014349,"10":0.014349,"11":0.100443,"12":0.038264,"13":0.019132,"14":0.014349,"15":0.009566,"16":0.043047,"17":0.033481,"18":0.009566,"19":0.033481,"20":0.004783,"21":0.004783,"22":0.009566,"23":null,"24":0.004783,"25":0.019132,"26":0.014349,"27":0.014349,"28":0.028698,"29":0.028698,"30":0.023915,"31":0.062179,"32":0.038264,"33":0.062179,"34":0.023915,"35":0.033481,"36":0.028698,"37":0.014349,"38":0.023915,"39":0.038264,"40":0.04783,"41":0.019132,"42":0.023915,"43":0.320461,"44":0.043047,"45":0.086094,"46":0.028698,"47":0.243933,"48":0.066962,"49":1.535343,"50":0.129141,"51":0.468734,"52":0.344376,"53":0.57396,"54":21.647858,"55":0.119575,"56":0.028698,"57":null},"opera":{"9":null,"9.5-9.6":null,"10.0-10.1":0,"10.5":null,"10.6":null,"11":null,"11.1":null,"11.5":null,"11.6":null,"12":null,"12.1":0.019132,"15":0.004783,"16":null,"17":null,"18":0.009566,"19":null,"20":0.009566,"21":null,"22":null,"23":null,"24":null,"25":null,"26":null,"27":null,"28":null,"29":0.009566,"30":0.009566,"31":null,"32":null,"33":0.004783,"34":0.004783,"35":0.009566,"36":0.062179,"37":0.043047,"38":0.023915,"39":0.023915,"40":0.076528,"41":0.803544,"42":0.004783,"43":null},"safari":{"3.1":null,"3.2":null,"4":0.023915,"5":0.038264,"5.1":0.04783,"6":0.014349,"6.1":0.023915,"7":0.009566,"7.1":null,"8":0.090877,"9":0.124358,"9.1":0.272631,"10":0.487866,"0":null},"ios_saf":{"3.2":0,"4.0-4.1":0,"4.2-4.3":0,"5.0-5.1":0,"6.0-6.1":0,"7.0-7.1":0.102775242737,"8":0,"8.1-8.4":0.132751355201,"9.0-9.2":0.102299431428,"9.3":0.669942323024,"10-10.1":3.56144764761},"android":{"2.1":0,"2.2":0,"2.3":0.0185204372409,"3":0,"4":0.160510456087,"4.1":0.509312024124,"4.2-4.3":1.45385432341,"4.4":3.42628088956,"4.4.3-4.4.4":2.62064186958,"53":null},"op_mob":{"10":0,"11":0,"11.1":0,"11.5":0,"12":0,"12.1":0.00912262391205,"0":0.328414460834},"ie":{"5.5":null,"6":0.004783,"7":0.014349,"8":0.243933,"9":0.114792,"10":0.253499,"11":2.166699},"edge":{"12":0.157839,"13":0.291763,"14":0.511781},"bb":{"7":0.046944,"10":null},"ie_mob":{"10":0.419533312,"11":1.964178688},"and_ff":{"0":0.709376},"samsung":{"0":4.45968},"and_uc":{"0":0.839776},"op_mini":{"0":4.42467091525},"and_chr":{"0":27.933919}},"total":98.461945}