{"id":"SO","name":"Somalia","month":"2016-11","access_date":"2016-12-03","data":{"firefox":{"2":null,"3":0.046289,"3.5":null,"3.6":0.003387,"4":0.003387,"5":0.002258,"6":null,"7":null,"8":null,"9":null,"10":0.003387,"11":0.010161,"12":0.003387,"13":0.001129,"14":0.001129,"15":0.002258,"16":0.001129,"17":0.002258,"18":null,"19":0.006774,"20":0.001129,"21":0.003387,"22":0.005645,"23":0.012419,"24":0.003387,"25":0.001129,"26":0.001129,"27":0.004516,"28":null,"29":0.016935,"30":0.009032,"31":0.002258,"32":0.003387,"33":0.006774,"34":0.007903,"35":0.010161,"36":0.018064,"37":0.024838,"38":0.018064,"39":0.012419,"40":0.004516,"41":0.01129,"42":0.04516,"43":0.080159,"44":0.080159,"45":0.020322,"46":0.034999,"47":0.193059,"48":0.047418,"49":0.615305,"50":0.433536,"51":0.050805,"52":null,"53":null},"chrome":{"4":null,"5":null,"6":null,"7":null,"8":0.003387,"9":0.039515,"10":0.001129,"11":0.010161,"12":null,"13":null,"14":null,"15":null,"16":0.001129,"17":null,"18":null,"19":0.001129,"20":0.042902,"21":0.024838,"22":0.002258,"23":0.024838,"24":0.005645,"25":0.002258,"26":0.028225,"27":0.001129,"28":0.005645,"29":0.007903,"30":0.012419,"31":0.039515,"32":0.005645,"33":0.235961,"34":0.004516,"35":0.003387,"36":0.003387,"37":0.005645,"38":0.004516,"39":0.019193,"40":0.012419,"41":0.01129,"42":0.009032,"43":1.468829,"44":0.010161,"45":0.016935,"46":0.009032,"47":0.009032,"48":0.012419,"49":0.129835,"50":0.02258,"51":0.204349,"52":0.098223,"53":0.200962,"54":4.770025,"55":0.027096,"56":0.046289,"57":null},"opera":{"9":null,"9.5-9.6":null,"10.0-10.1":0,"10.5":null,"10.6":0.002258,"11":null,"11.1":null,"11.5":null,"11.6":0.003387,"12":null,"12.1":null,"15":0.001129,"16":0.001129,"17":null,"18":null,"19":null,"20":null,"21":0.010161,"22":null,"23":null,"24":null,"25":null,"26":null,"27":null,"28":null,"29":null,"30":null,"31":null,"32":null,"33":0.001129,"34":null,"35":0.001129,"36":0.003387,"37":0.066611,"38":0.023709,"39":0.003387,"40":0.003387,"41":0.223542,"42":null,"43":null},"safari":{"3.1":null,"3.2":null,"4":0.021451,"5":null,"5.1":0.002258,"6":null,"6.1":null,"7":0.001129,"7.1":null,"8":0.006774,"9":0.005645,"9.1":0.068869,"10":0.089191,"0":null},"ios_saf":{"3.2":0,"4.0-4.1":0,"4.2-4.3":0,"5.0-5.1":0,"6.0-6.1":0,"7.0-7.1":0.0231434676664,"8":0,"8.1-8.4":0.0298936457357,"9.0-9.2":0.0230363219827,"9.3":0.150861122566,"10-10.1":0.801985442049},"android":{"2.1":0,"2.2":0,"2.3":0.016469513758,"3":0,"4":0.142735785903,"4.1":0.452911628345,"4.2-4.3":1.29285683,"4.4":3.04686004523,"4.4.3-4.4.4":2.33043619676,"53":null},"op_mob":{"10":0,"11":0,"11.1":0,"11.5":0,"12":0,"12.1":0.0698016141257,"0":2.51285810852},"ie":{"5.5":null,"6":null,"7":null,"8":0.0673636666667,"9":0.0102758135593,"10":0.0331109548023,"11":0.293431564972},"edge":{"12":0.057579,"13":0.055321,"14":0.09032},"bb":{"7":0.01774,"10":null},"ie_mob":{"10":0.04995584,"11":0.23388416},"and_ff":{"0":0.02661},"samsung":{"0":1.4192},"and_uc":{"0":21.1106},"op_mini":{"0":33.8553002773},"and_chr":{"0":20.702934}},"total":98.918158}