{"id":"SR","name":"Suriname","month":"2016-11","access_date":"2016-12-03","data":{"firefox":{"2":null,"3":null,"3.5":null,"3.6":null,"4":0.005029,"5":null,"6":null,"7":null,"8":null,"9":null,"10":null,"11":null,"12":0.010058,"13":null,"14":0.005029,"15":0.035203,"16":null,"17":null,"18":null,"19":null,"20":null,"21":null,"22":null,"23":null,"24":null,"25":null,"26":null,"27":null,"28":null,"29":null,"30":null,"31":null,"32":null,"33":0.020116,"34":null,"35":0.005029,"36":0.015087,"37":0.010058,"38":0.015087,"39":0.045261,"40":0.030174,"41":null,"42":0.005029,"43":0.035203,"44":0.015087,"45":0.070406,"46":0.010058,"47":0.211218,"48":0.135783,"49":3.158212,"50":2.06189,"51":0.407349,"52":null,"53":0.005029},"chrome":{"4":null,"5":null,"6":null,"7":null,"8":0.015087,"9":null,"10":null,"11":0.05029,"12":null,"13":null,"14":null,"15":null,"16":null,"17":null,"18":0.015087,"19":null,"20":0.005029,"21":null,"22":0.15087,"23":null,"24":0.025145,"25":0.005029,"26":0.015087,"27":0.025145,"28":0.030174,"29":0.010058,"30":0.005029,"31":0.15087,"32":0.010058,"33":null,"34":0.020116,"35":0.010058,"36":0.060348,"37":0.010058,"38":0.015087,"39":0.005029,"40":0.010058,"41":null,"42":0.025145,"43":0.040232,"44":0.040232,"45":0.060348,"46":0.025145,"47":0.055319,"48":0.020116,"49":1.332685,"50":0.075435,"51":0.326885,"52":0.160928,"53":0.633654,"54":26.849831,"55":0.10058,"56":0.080464,"57":null},"opera":{"9":null,"9.5-9.6":null,"10.0-10.1":0,"10.5":null,"10.6":null,"11":null,"11.1":null,"11.5":null,"11.6":null,"12":null,"12.1":0.020116,"15":null,"16":null,"17":null,"18":null,"19":null,"20":null,"21":null,"22":null,"23":null,"24":null,"25":null,"26":null,"27":null,"28":null,"29":0.065377,"30":0.005029,"31":null,"32":null,"33":0.085493,"34":null,"35":null,"36":0.020116,"37":0.226305,"38":null,"39":0.015087,"40":null,"41":0.533074,"42":0.040232,"43":null},"safari":{"3.1":null,"3.2":null,"4":0,"5":null,"5.1":0.015087,"6":0.010058,"6.1":0.045261,"7":0.005029,"7.1":0.010058,"8":0.090522,"9":0.035203,"9.1":0.145841,"10":0.568277,"0":null},"ios_saf":{"3.2":0,"4.0-4.1":0,"4.2-4.3":0,"5.0-5.1":0,"6.0-6.1":0,"7.0-7.1":0.116373458294,"8":0,"8.1-8.4":0.150315716963,"9.0-9.2":0.115834692284,"9.3":0.758582542955,"10-10.1":4.0326635895},"android":{"2.1":0,"2.2":0,"2.3":0.015792348285,"3":0,"4":0.13686701847,"4.1":0.434289577836,"4.2-4.3":1.23969934037,"4.4":2.92158443272,"4.4.3-4.4.4":2.23461728232,"53":null},"op_mob":{"10":0,"11":0,"11.1":0,"11.5":0,"12":0,"12.1":0.00509356182068,"0":0.183368225544},"ie":{"5.5":null,"6":null,"7":0.005029,"8":0.306769,"9":0.241392,"10":0.231334,"11":3.173299},"edge":{"12":0.231334,"13":0.593422,"14":1.770208},"bb":{"7":0.30814,"10":null},"ie_mob":{"10":0.06910288,"11":0.32352712},"and_ff":{"0":0.02485},"samsung":{"0":8.96091},"and_uc":{"0":1.11328},"op_mini":{"0":2.47048821263},"and_chr":{"0":26.658777}},"total":97.545215}