{"id":"ST","name":"Sao Tome and Principe","month":"2016-11","access_date":"2016-12-03","data":{"firefox":{"2":null,"3":null,"3.5":null,"3.6":null,"4":null,"5":0.006383,"6":null,"7":null,"8":null,"9":null,"10":null,"11":0.012766,"12":null,"13":null,"14":null,"15":0.038298,"16":null,"17":null,"18":null,"19":null,"20":null,"21":null,"22":null,"23":null,"24":0.012766,"25":null,"26":null,"27":null,"28":0.006383,"29":null,"30":null,"31":null,"32":null,"33":null,"34":null,"35":null,"36":null,"37":null,"38":0.070213,"39":null,"40":0.031915,"41":0.006383,"42":0.146809,"43":0.038298,"44":0.031915,"45":0.089362,"46":null,"47":0.223405,"48":0.102128,"49":2.789371,"50":1.838304,"51":0.019149,"52":null,"53":null},"chrome":{"4":null,"5":null,"6":null,"7":null,"8":null,"9":null,"10":null,"11":0.012766,"12":null,"13":null,"14":0.025532,"15":null,"16":0.057447,"17":null,"18":0.082979,"19":null,"20":null,"21":null,"22":null,"23":null,"24":null,"25":null,"26":0.19149,"27":null,"28":null,"29":0.006383,"30":null,"31":0.019149,"32":null,"33":0.172341,"34":0.012766,"35":0.012766,"36":0.089362,"37":0.012766,"38":null,"39":0.019149,"40":0.134043,"41":0.012766,"42":0.012766,"43":7.46811,"44":0.038298,"45":0.012766,"46":0.031915,"47":0.146809,"48":0.114894,"49":2.68086,"50":0.102128,"51":0.593619,"52":0.714896,"53":1.59575,"54":30.849039,"55":0.012766,"56":0.025532,"57":null},"opera":{"9":null,"9.5-9.6":null,"10.0-10.1":0,"10.5":null,"10.6":null,"11":null,"11.1":null,"11.5":null,"11.6":null,"12":null,"12.1":0.006383,"15":null,"16":null,"17":null,"18":null,"19":null,"20":null,"21":0.095745,"22":null,"23":null,"24":null,"25":null,"26":0.012766,"27":null,"28":null,"29":null,"30":null,"31":null,"32":null,"33":null,"34":null,"35":null,"36":null,"37":0.172341,"38":null,"39":null,"40":0.006383,"41":0.568087,"42":null,"43":null},"safari":{"3.1":null,"3.2":null,"4":0,"5":null,"5.1":0.006383,"6":null,"6.1":0.006383,"7":null,"7.1":null,"8":0.153192,"9":0.012766,"9.1":0.338299,"10":2.119156,"0":null},"ios_saf":{"3.2":0,"4.0-4.1":0,"4.2-4.3":0,"5.0-5.1":0,"6.0-6.1":0,"7.0-7.1":0.0392141105904,"8":0,"8.1-8.4":0.0506515595127,"9.0-9.2":0.0390325637822,"9.3":0.255617906071,"10-10.1":1.35887786004},"android":{"2.1":0,"2.2":0,"2.3":0.0162785450433,"3":0,"4":0.141080723709,"4.1":0.447659988692,"4.2-4.3":1.2778657859,"4.4":3.01153083302,"4.4.3-4.4.4":2.30341412363,"53":null},"op_mob":{"10":0,"11":0,"11.1":0,"11.5":0,"12":0,"12.1":0.00613894357223,"0":0.2210019686},"ie":{"5.5":null,"6":null,"7":0.057447,"8":0.153192,"9":0.06383,"10":0.057447,"11":2.917031},"edge":{"12":0.095745,"13":0.695747,"14":0.995748},"bb":{"7":0.003617,"10":null},"ie_mob":{"10":0.129864768,"11":0.608003232},"and_ff":{"0":0.03617},"samsung":{"0":1.396162},"and_uc":{"0":5.110821},"op_mini":{"0":2.97752108783},"and_chr":{"0":18.214176}},"total":96.904472}