{"id":"SV","name":"El Salvador","month":"2016-11","access_date":"2016-12-03","data":{"firefox":{"2":null,"3":0.093408,"3.5":null,"3.6":0.023352,"4":null,"5":null,"6":null,"7":null,"8":null,"9":null,"10":0.005838,"11":0.017514,"12":null,"13":null,"14":null,"15":null,"16":0.011676,"17":0.005838,"18":null,"19":null,"20":0.005838,"21":0.005838,"22":null,"23":null,"24":0.011676,"25":null,"26":0.005838,"27":null,"28":0.005838,"29":0.005838,"30":0.011676,"31":0.011676,"32":null,"33":0.011676,"34":0.005838,"35":0.017514,"36":0.02919,"37":0.023352,"38":0.035028,"39":0.046704,"40":0.046704,"41":0.046704,"42":0.017514,"43":0.128436,"44":0.035028,"45":0.221844,"46":0.081732,"47":0.344442,"48":0.356118,"49":3.660426,"50":2.0433,"51":0.035028,"52":null,"53":null},"chrome":{"4":null,"5":null,"6":null,"7":null,"8":null,"9":null,"10":null,"11":0.017514,"12":0.011676,"13":null,"14":null,"15":null,"16":null,"17":null,"18":0.005838,"19":null,"20":null,"21":0.017514,"22":0.05838,"23":null,"24":null,"25":null,"26":0.011676,"27":null,"28":0.005838,"29":0.005838,"30":0.011676,"31":0.02919,"32":0.005838,"33":0.017514,"34":0.02919,"35":0.023352,"36":0.02919,"37":0.046704,"38":0.052542,"39":0.05838,"40":0.052542,"41":0.023352,"42":0.064218,"43":0.134274,"44":0.046704,"45":0.02919,"46":0.052542,"47":0.099246,"48":0.093408,"49":2.07249,"50":0.151788,"51":0.420336,"52":0.32109,"53":1.027488,"54":35.43666,"55":0.093408,"56":0.023352,"57":null},"opera":{"9":null,"9.5-9.6":null,"10.0-10.1":0,"10.5":null,"10.6":null,"11":null,"11.1":null,"11.5":null,"11.6":null,"12":null,"12.1":0.011676,"15":null,"16":null,"17":null,"18":null,"19":null,"20":null,"21":null,"22":null,"23":null,"24":null,"25":null,"26":null,"27":null,"28":0.005838,"29":0.005838,"30":null,"31":null,"32":null,"33":null,"34":null,"35":null,"36":0.017514,"37":0.046704,"38":0.02919,"39":0.005838,"40":0.023352,"41":0.659694,"42":null,"43":null},"safari":{"3.1":null,"3.2":null,"4":0,"5":0.035028,"5.1":0.035028,"6":0.011676,"6.1":0.011676,"7":0.035028,"7.1":0.011676,"8":0.198492,"9":0.134274,"9.1":0.531258,"10":1.074192,"0":null},"ios_saf":{"3.2":0,"4.0-4.1":0,"4.2-4.3":0,"5.0-5.1":0,"6.0-6.1":0,"7.0-7.1":0.0578545304592,"8":0,"8.1-8.4":0.0747287685098,"9.0-9.2":0.0575866854108,"9.3":0.377125828179,"10-10.1":2.00482018744},"android":{"2.1":0,"2.2":0,"2.3":0.012933105164,"3":0,"4":0.112086911421,"4.1":0.355660392009,"4.2-4.3":1.01524875537,"4.4":2.39262445533,"4.4.3-4.4.4":1.8300343807,"53":null},"op_mob":{"10":0,"11":0,"11.1":0,"11.5":0,"12":0,"12.1":0.00467208895182,"0":0.168195202265},"ie":{"5.5":null,"6":null,"7":null,"8":0.217594279412,"9":0.09997575,"10":0.135261308824,"11":1.14678066176},"edge":{"12":0.081732,"13":0.169302,"14":0.507906},"bb":{"7":0.0447415,"10":null},"ie_mob":{"10":0.091564,"11":0.428686},"and_ff":{"0":0.016648},"samsung":{"0":2.14343},"and_uc":{"0":2.701138},"op_mini":{"0":2.26606470878},"and_chr":{"0":29.597958}},"total":98.9846855}