{"id":"SY","name":"Syrian Arab Republic","month":"2016-11","access_date":"2016-12-03","data":{"firefox":{"2":null,"3":0.063273,"3.5":0.012052,"3.6":0.024104,"4":0.018078,"5":0.012052,"6":0.021091,"7":null,"8":0.015065,"9":null,"10":0.015065,"11":0.072312,"12":0.045195,"13":0.009039,"14":0.003013,"15":0.012052,"16":0.006026,"17":0.009039,"18":0.009039,"19":0.012052,"20":0.003013,"21":0.009039,"22":0.018078,"23":0.006026,"24":0.006026,"25":0.018078,"26":0.024104,"27":0.009039,"28":0.012052,"29":0.015065,"30":0.03013,"31":0.021091,"32":0.033143,"33":0.036156,"34":0.024104,"35":0.063273,"36":0.09039,"37":0.045195,"38":0.066286,"39":0.072312,"40":0.084364,"41":0.051221,"42":0.039169,"43":0.36156,"44":0.147637,"45":0.174754,"46":0.117507,"47":0.9039,"48":0.494132,"49":4.27846,"50":1.982554,"51":0.129559,"52":0.015065,"53":null},"chrome":{"4":null,"5":0.009039,"6":null,"7":null,"8":0.006026,"9":null,"10":0.006026,"11":0.042182,"12":0.009039,"13":null,"14":0.003013,"15":0.009039,"16":0.003013,"17":0.003013,"18":0.009039,"19":0.009039,"20":0.018078,"21":null,"22":0.012052,"23":0.012052,"24":0.009039,"25":0.015065,"26":0.018078,"27":0.015065,"28":0.015065,"29":0.018078,"30":0.012052,"31":0.066286,"32":0.027117,"33":0.078338,"34":0.024104,"35":0.006026,"36":0.045195,"37":0.009039,"38":0.075325,"39":0.072312,"40":0.051221,"41":0.03013,"42":0.063273,"43":0.795432,"44":0.039169,"45":0.039169,"46":0.03013,"47":0.111481,"48":0.078338,"49":0.623691,"50":0.093403,"51":0.39169,"52":0.364573,"53":0.720107,"54":12.085143,"55":0.111481,"56":0.039169,"57":null},"opera":{"9":null,"9.5-9.6":0.003013,"10.0-10.1":0,"10.5":null,"10.6":null,"11":0.003013,"11.1":null,"11.5":null,"11.6":0.009039,"12":0.003013,"12.1":0.012052,"15":null,"16":null,"17":null,"18":null,"19":null,"20":0.009039,"21":null,"22":null,"23":null,"24":null,"25":null,"26":null,"27":null,"28":0.006026,"29":null,"30":null,"31":null,"32":null,"33":0.006026,"34":0.003013,"35":0.006026,"36":0.042182,"37":0.012052,"38":0.021091,"39":0.009039,"40":0.033143,"41":0.460989,"42":null,"43":null},"safari":{"3.1":null,"3.2":null,"4":0.003013,"5":0.027117,"5.1":0.015065,"6":0.009039,"6.1":0.006026,"7":0.012052,"7.1":null,"8":0.012052,"9":0.012052,"9.1":0.042182,"10":0.108468,"0":null},"ios_saf":{"3.2":0,"4.0-4.1":0,"4.2-4.3":0,"5.0-5.1":0,"6.0-6.1":0,"7.0-7.1":0.0554769109653,"8":0,"8.1-8.4":0.0716576766635,"9.0-9.2":0.0552200734146,"9.3":0.361627271478,"10-10.1":1.92242906748},"android":{"2.1":0,"2.2":0,"2.3":0.0337999087825,"3":0,"4":0.292932542782,"4.1":0.929497491519,"4.2-4.3":2.65329283943,"4.4":6.25298312476,"4.4.3-4.4.4":4.78268709273,"53":null},"op_mob":{"10":0,"11":0,"11.1":0,"11.5":0,"12":0,"12.1":0.014776488069,"0":0.531953570483},"ie":{"5.5":null,"6":0.0253369411765,"7":0.00950135294118,"8":0.354717176471,"9":0.129851823529,"10":0.0791779411765,"11":0.636590647059},"edge":{"12":0.072312,"13":0.096416,"14":0.138598},"bb":{"7":0.006987,"10":null},"ie_mob":{"10":0.02459424,"11":0.11514576},"and_ff":{"0":0.076857},"samsung":{"0":6.309261},"and_uc":{"0":4.716225},"op_mini":{"0":7.16691794145},"and_chr":{"0":33.140047}},"total":98.0081558824}