{"id":"SZ","name":"Swaziland","month":"2016-11","access_date":"2016-12-03","data":{"firefox":{"2":null,"3":0.013409,"3.5":0.003657,"3.6":0.004876,"4":null,"5":null,"6":null,"7":null,"8":null,"9":null,"10":0.014628,"11":0.001219,"12":0.01219,"13":0.003657,"14":null,"15":0.002438,"16":0.010971,"17":0.001219,"18":0.001219,"19":null,"20":null,"21":0.02438,"22":null,"23":null,"24":null,"25":0.004876,"26":0.004876,"27":0.002438,"28":null,"29":0.004876,"30":0.004876,"31":0.071921,"32":0.001219,"33":null,"34":0.001219,"35":0.01219,"36":0.002438,"37":0.002438,"38":0.064607,"39":0.007314,"40":0.013409,"41":0.008533,"42":0.002438,"43":0.065826,"44":0.053636,"45":0.258428,"46":0.028037,"47":0.142623,"48":0.037789,"49":1.134889,"50":0.637537,"51":0.059731,"52":null,"53":null},"chrome":{"4":0.01219,"5":null,"6":null,"7":null,"8":null,"9":0.002438,"10":null,"11":0.131652,"12":null,"13":null,"14":null,"15":null,"16":0.002438,"17":null,"18":0.006095,"19":null,"20":0.001219,"21":null,"22":0.002438,"23":null,"24":null,"25":0.004876,"26":0.003657,"27":null,"28":null,"29":0.004876,"30":0.004876,"31":0.010971,"32":null,"33":0.013409,"34":null,"35":0.009752,"36":0.029256,"37":0.004876,"38":0.008533,"39":0.002438,"40":0.021942,"41":null,"42":0.001219,"43":0.058512,"44":0.003657,"45":0.006095,"46":0.041446,"47":0.002438,"48":0.008533,"49":0.171879,"50":0.018285,"51":0.057293,"52":0.043884,"53":0.213325,"54":4.294537,"55":0.010971,"56":0.004876,"57":null},"opera":{"9":null,"9.5-9.6":null,"10.0-10.1":0,"10.5":null,"10.6":null,"11":null,"11.1":null,"11.5":0.003657,"11.6":0.007314,"12":null,"12.1":0.002438,"15":0.001219,"16":null,"17":null,"18":null,"19":null,"20":0.001219,"21":null,"22":null,"23":null,"24":null,"25":null,"26":null,"27":null,"28":0.001219,"29":0.006095,"30":null,"31":null,"32":null,"33":0.001219,"34":0.001219,"35":0.004876,"36":0.013409,"37":0.030475,"38":null,"39":0.002438,"40":0.031694,"41":0.296217,"42":null,"43":null},"safari":{"3.1":null,"3.2":null,"4":0,"5":null,"5.1":0.025599,"6":0.026818,"6.1":0.001219,"7":0.001219,"7.1":0.006095,"8":0.002438,"9":0.041446,"9.1":0.04876,"10":0.090206,"0":null},"ios_saf":{"3.2":0,"4.0-4.1":0,"4.2-4.3":0,"5.0-5.1":0,"6.0-6.1":0,"7.0-7.1":0.0116518088097,"8":0,"8.1-8.4":0.0150502530459,"9.0-9.2":0.0115978652504,"9.3":0.0759525315006,"10-10.1":0.403767541393},"android":{"2.1":0,"2.2":0,"2.3":0.00246223897475,"3":0,"4":0.0213394044478,"4.1":0.0677115718055,"4.2-4.3":0.193285759518,"4.4":0.455514210328,"4.4.3-4.4.4":0.348406814926,"53":null},"op_mob":{"10":0,"11":0,"11.1":0,"11.5":0,"12":0,"12.1":0.152180328988,"0":5.47849184358},"ie":{"5.5":null,"6":0.00861854385965,"7":0.00369366165414,"8":0.380447150376,"9":0.174833318296,"10":0.333660769424,"11":1.55503155639},"edge":{"12":0.13409,"13":0.221858,"14":0.140185},"bb":{"7":0.0439,"10":null},"ie_mob":{"10":0.13289408,"11":0.62218592},"and_ff":{"0":null},"samsung":{"0":0.6146},"and_uc":{"0":1.29944},"op_mini":{"0":73.8107678274},"and_chr":{"0":3.87233}},"total":99.171365}