{"id":"TC","name":"Turks and Caicos Islands","month":"2016-11","access_date":"2016-12-03","data":{"firefox":{"2":null,"3":null,"3.5":null,"3.6":0.01124,"4":0.00562,"5":null,"6":null,"7":null,"8":null,"9":null,"10":null,"11":null,"12":null,"13":null,"14":null,"15":0.12926,"16":null,"17":null,"18":0.02248,"19":null,"20":null,"21":null,"22":null,"23":null,"24":null,"25":null,"26":null,"27":null,"28":null,"29":null,"30":null,"31":0.01686,"32":null,"33":null,"34":null,"35":null,"36":null,"37":null,"38":0.04496,"39":null,"40":0.0281,"41":0.00562,"42":null,"43":0.04496,"44":0.01124,"45":null,"46":0.00562,"47":0.07868,"48":0.26976,"49":2.9505,"50":2.24238,"51":0.01124,"52":null,"53":null},"chrome":{"4":null,"5":null,"6":null,"7":null,"8":null,"9":null,"10":null,"11":0.00562,"12":null,"13":null,"14":null,"15":null,"16":null,"17":null,"18":0.01124,"19":0.00562,"20":null,"21":null,"22":null,"23":null,"24":null,"25":null,"26":null,"27":null,"28":null,"29":null,"30":null,"31":0.0281,"32":null,"33":null,"34":null,"35":0.0562,"36":0.0281,"37":0.00562,"38":0.01686,"39":null,"40":0.01686,"41":null,"42":0.01124,"43":0.01124,"44":0.04496,"45":0.01124,"46":0.03934,"47":0.06744,"48":0.05058,"49":1.22516,"50":0.5058,"51":0.14612,"52":0.0843,"53":0.96664,"54":25.80704,"55":0.06182,"56":0.10678,"57":null},"opera":{"9":null,"9.5-9.6":null,"10.0-10.1":0,"10.5":null,"10.6":null,"11":null,"11.1":null,"11.5":null,"11.6":null,"12":null,"12.1":null,"15":null,"16":null,"17":null,"18":null,"19":null,"20":null,"21":null,"22":null,"23":null,"24":null,"25":null,"26":null,"27":null,"28":null,"29":0.01124,"30":null,"31":null,"32":null,"33":0.01124,"34":null,"35":null,"36":null,"37":0.0281,"38":null,"39":null,"40":null,"41":0.12926,"42":null,"43":null},"safari":{"3.1":null,"3.2":null,"4":0,"5":0.0281,"5.1":0.15736,"6":0.00562,"6.1":0.0562,"7":0.02248,"7.1":0.03372,"8":0.37092,"9":0.16298,"9.1":1.02846,"10":2.11874,"0":null},"ios_saf":{"3.2":0,"4.0-4.1":0,"4.2-4.3":0,"5.0-5.1":0,"6.0-6.1":0,"7.0-7.1":0.407672502343,"8":0,"8.1-8.4":0.526576982193,"9.0-9.2":0.405785129647,"9.3":2.65742075601,"10-10.1":14.1269846298},"android":{"2.1":0,"2.2":0,"2.3":0.00500241236336,"3":0,"4":0.0433542404825,"4.1":0.137566339992,"4.2-4.3":0.392689370524,"4.4":0.925446287222,"4.4.3-4.4.4":0.707841349416,"53":null},"op_mob":{"10":0,"11":0,"11.1":0,"11.5":0,"12":0,"12.1":0.000797093241161,"0":0.0286953566818},"ie":{"5.5":null,"6":null,"7":0.01124,"8":0.0843,"9":0.1405,"10":0.2248,"11":7.1655},"edge":{"12":0.28662,"13":0.5901,"14":4.36112},"bb":{"7":0.101835,"10":null},"ie_mob":{"10":0.0346896,"11":0.1624104},"and_ff":{"0":0.07884},"samsung":{"0":3.60474},"and_uc":{"0":0.58692},"op_mini":{"0":0.386607550077},"and_chr":{"0":20.19376}},"total":97.736675}