{"id":"TD","name":"Chad","month":"2016-11","access_date":"2016-12-03","data":{"firefox":{"2":0.000389,"3":0.567162,"3.5":0.003112,"3.6":0.006224,"4":0.002334,"5":0.001167,"6":0.000778,"7":0.002723,"8":0.000778,"9":0.00778,"10":0.004279,"11":0.003112,"12":0.008947,"13":0.005057,"14":0.003501,"15":0.010114,"16":0.015949,"17":0.005835,"18":0.005446,"19":0.000778,"20":0.008169,"21":0.010114,"22":0.007002,"23":0.006613,"24":0.008169,"25":0.000778,"26":0.001167,"27":null,"28":0.000778,"29":0.005057,"30":0.006224,"31":0.00389,"32":0.000778,"33":0.00778,"34":0.002334,"35":0.004279,"36":0.005446,"37":0.030342,"38":0.010503,"39":0.002723,"40":0.011281,"41":0.008558,"42":0.003501,"43":0.056016,"44":0.030342,"45":0.009725,"46":0.005057,"47":0.137317,"48":0.041234,"49":0.331428,"50":0.180496,"51":0.000778,"52":0.000389,"53":null},"chrome":{"4":0.000778,"5":null,"6":null,"7":null,"8":null,"9":null,"10":null,"11":0.004668,"12":null,"13":null,"14":0.000778,"15":null,"16":null,"17":null,"18":0.000778,"19":0.000778,"20":null,"21":0.018283,"22":null,"23":null,"24":null,"25":0.000389,"26":0.001945,"27":null,"28":0.002723,"29":null,"30":0.000778,"31":0.001945,"32":null,"33":null,"34":null,"35":0.000778,"36":null,"37":null,"38":0.005057,"39":0.000389,"40":0.008169,"41":0.000778,"42":null,"43":0.002723,"44":0.004279,"45":0.127592,"46":0.001945,"47":0.005446,"48":0.000389,"49":0.058739,"50":0.010503,"51":0.013226,"52":0.017505,"53":0.049792,"54":0.789281,"55":0.006613,"56":null,"57":null},"opera":{"9":null,"9.5-9.6":0.001945,"10.0-10.1":0,"10.5":null,"10.6":0.000778,"11":0.000778,"11.1":null,"11.5":0.001167,"11.6":0.036955,"12":null,"12.1":0.001556,"15":null,"16":null,"17":null,"18":null,"19":0.002334,"20":0.000389,"21":0.000778,"22":null,"23":null,"24":null,"25":null,"26":null,"27":0.001556,"28":0.000778,"29":0.001556,"30":null,"31":0.002334,"32":0.001167,"33":null,"34":0.001556,"35":0.000778,"36":0.004279,"37":0.017505,"38":0.000778,"39":0.000778,"40":0.001945,"41":0.069631,"42":null,"43":null},"safari":{"3.1":null,"3.2":null,"4":0,"5":null,"5.1":0.006613,"6":0.061462,"6.1":0.000778,"7":0.000389,"7.1":0.002723,"8":0.003112,"9":0.00778,"9.1":0.022173,"10":0.052126,"0":null},"ios_saf":{"3.2":0,"4.0-4.1":0,"4.2-4.3":0,"5.0-5.1":0,"6.0-6.1":0,"7.0-7.1":0.00648539831303,"8":0,"8.1-8.4":0.00837697282099,"9.0-9.2":0.00645537332084,"9.3":0.0422751890034,"10-10.1":0.224737066542},"android":{"2.1":0,"2.2":0,"2.3":0.00484716094987,"3":0,"4":0.0420087282322,"4.1":0.133296926121,"4.2-4.3":0.380502134565,"4.4":0.896724775726,"4.4.3-4.4.4":0.685873274406,"53":null},"op_mob":{"10":0,"11":0,"11.1":0,"11.5":0,"12":0,"12.1":0.155003140549,"0":5.58011305976},"ie":{"5.5":null,"6":null,"7":null,"8":0.111178404858,"9":0.00512524561404,"10":0.0272032267206,"11":0.440771122807},"edge":{"12":0.016338,"13":0.017116,"14":0.021395},"bb":{"7":0.02162475,"10":null},"ie_mob":{"10":0.049054544,"11":0.229664456},"and_ff":{"0":0.009611},"samsung":{"0":0.720825},"and_uc":{"0":7.871409},"op_mini":{"0":75.1798927997},"and_chr":{"0":2.52224}},"total":98.44940475}