{"id":"TG","name":"Togo","month":"2016-11","access_date":"2016-12-03","data":{"firefox":{"2":0.002527,"3":0.133931,"3.5":null,"3.6":0.035378,"4":0.005054,"5":0.002527,"6":null,"7":0.005054,"8":null,"9":0.012635,"10":0.02527,"11":0.015162,"12":0.012635,"13":0.015162,"14":0.010108,"15":0.017689,"16":0.035378,"17":0.007581,"18":0.015162,"19":0.015162,"20":0.042959,"21":0.032851,"22":0.048013,"23":0.045486,"24":0.030324,"25":0.05054,"26":0.007581,"27":0.111188,"28":0.042959,"29":0.118769,"30":0.217322,"31":0.055594,"32":0.083391,"33":0.073283,"34":0.040432,"35":0.121296,"36":0.037905,"37":0.116242,"38":0.186998,"39":0.10108,"40":0.338618,"41":0.103607,"42":0.179417,"43":0.697452,"44":0.2527,"45":0.318402,"46":0.133931,"47":1.230649,"48":0.545832,"49":4.313589,"50":1.887669,"51":0.098553,"52":0.002527,"53":null},"chrome":{"4":null,"5":0.02527,"6":0.007581,"7":null,"8":null,"9":null,"10":null,"11":0.05054,"12":0.002527,"13":null,"14":0.010108,"15":null,"16":0.020216,"17":0.002527,"18":0.040432,"19":0.005054,"20":null,"21":null,"22":0.002527,"23":null,"24":0.005054,"25":0.015162,"26":0.02527,"27":0.007581,"28":0.05054,"29":0.042959,"30":0.133931,"31":0.02527,"32":0.128877,"33":0.027797,"34":0.007581,"35":0.005054,"36":0.022743,"37":0.010108,"38":0.007581,"39":0.015162,"40":0.037905,"41":0.022743,"42":0.007581,"43":0.507927,"44":0.012635,"45":0.108661,"46":0.02527,"47":0.042959,"48":0.058121,"49":0.308294,"50":0.093499,"51":0.288078,"52":0.12635,"53":0.275443,"54":6.062273,"55":0.030324,"56":0.005054,"57":null},"opera":{"9":null,"9.5-9.6":null,"10.0-10.1":0,"10.5":null,"10.6":null,"11":null,"11.1":null,"11.5":null,"11.6":0.005054,"12":0.002527,"12.1":0.005054,"15":null,"16":0.005054,"17":null,"18":0.005054,"19":null,"20":null,"21":null,"22":0.02527,"23":null,"24":0.002527,"25":null,"26":null,"27":null,"28":null,"29":0.015162,"30":null,"31":0.002527,"32":null,"33":0.017689,"34":0.005054,"35":0.007581,"36":0.030324,"37":0.058121,"38":0.015162,"39":0.005054,"40":0.042959,"41":0.540778,"42":null,"43":null},"safari":{"3.1":null,"3.2":null,"4":0.005054,"5":0.005054,"5.1":0.012635,"6":0.005054,"6.1":0.012635,"7":0.020216,"7.1":null,"8":0.053067,"9":0.017689,"9.1":0.037905,"10":0.093499,"0":null},"ios_saf":{"3.2":0,"4.0-4.1":0,"4.2-4.3":0,"5.0-5.1":0,"6.0-6.1":0,"7.0-7.1":0.0184898969072,"8":0,"8.1-8.4":0.0238827835052,"9.0-9.2":0.0184042955326,"9.3":0.120526735395,"10-10.1":0.64072628866},"android":{"2.1":0,"2.2":0,"2.3":0.0178473154919,"3":0,"4":0.154676734263,"4.1":0.490801176027,"4.2-4.3":1.40101426611,"4.4":3.301753366,"4.4.3-4.4.4":2.5253951421,"53":null},"op_mob":{"10":0,"11":0,"11.1":0,"11.5":0,"12":0,"12.1":0.0740397441386,"0":2.66543078899},"ie":{"5.5":null,"6":0.00517178389831,"7":0.0181012436441,"8":0.212043139831,"9":0.0181012436441,"10":0.162911192797,"11":0.799040612288},"edge":{"12":0.070756,"13":0.111188,"14":0.113715},"bb":{"7":0.037365,"10":null},"ie_mob":{"10":0.218331168,"11":1.022186832},"and_ff":{"0":0.037365},"samsung":{"0":0.986436},"and_uc":{"0":7.345959},"op_mini":{"0":35.9108854669},"and_chr":{"0":18.484791}},"total":98.8052382161}