{"id":"TH","name":"Thailand","month":"2016-11","access_date":"2016-12-03","data":{"firefox":{"2":null,"3":null,"3.5":null,"3.6":0.009396,"4":null,"5":null,"6":null,"7":0.006264,"8":0.003132,"9":null,"10":null,"11":null,"12":0.009396,"13":null,"14":0.003132,"15":0.003132,"16":null,"17":null,"18":null,"19":null,"20":null,"21":0.006264,"22":null,"23":0.003132,"24":null,"25":null,"26":0.009396,"27":null,"28":null,"29":0.006264,"30":0.012528,"31":0.006264,"32":0.003132,"33":0.009396,"34":0.009396,"35":0.006264,"36":0.006264,"37":0.009396,"38":0.01566,"39":0.01566,"40":0.009396,"41":0.009396,"42":0.012528,"43":0.043848,"44":0.018792,"45":0.025056,"46":0.028188,"47":0.115884,"48":0.097092,"49":1.240272,"50":0.65772,"51":0.025056,"52":null,"53":null},"chrome":{"4":null,"5":null,"6":null,"7":null,"8":null,"9":null,"10":0.009396,"11":0.056376,"12":0.018792,"13":0.006264,"14":null,"15":0.006264,"16":0.009396,"17":0.003132,"18":0.003132,"19":null,"20":0.003132,"21":0.012528,"22":0.03132,"23":0.003132,"24":0.003132,"25":0.012528,"26":0.018792,"27":0.009396,"28":0.006264,"29":0.006264,"30":0.009396,"31":0.040716,"32":0.01566,"33":0.037584,"34":0.037584,"35":0.018792,"36":0.01566,"37":0.01566,"38":0.040716,"39":0.040716,"40":0.037584,"41":0.018792,"42":0.025056,"43":1.343628,"44":0.034452,"45":0.034452,"46":0.068904,"47":0.06264,"48":0.050112,"49":0.97092,"50":0.087696,"51":0.300672,"52":0.278748,"53":0.526176,"54":18.547704,"55":0.090828,"56":0.090828,"57":null},"opera":{"9":null,"9.5-9.6":null,"10.0-10.1":0,"10.5":null,"10.6":null,"11":null,"11.1":null,"11.5":null,"11.6":null,"12":null,"12.1":0.003132,"15":null,"16":null,"17":null,"18":null,"19":null,"20":null,"21":null,"22":null,"23":null,"24":null,"25":null,"26":null,"27":null,"28":0.009396,"29":null,"30":null,"31":null,"32":null,"33":null,"34":null,"35":null,"36":0.003132,"37":0.021924,"38":0.009396,"39":null,"40":0.003132,"41":0.122148,"42":null,"43":null},"safari":{"3.1":null,"3.2":null,"4":0,"5":0.006264,"5.1":0.01566,"6":0.003132,"6.1":0.009396,"7":0.009396,"7.1":0.003132,"8":0.040716,"9":0.050112,"9.1":0.150336,"10":0.34452,"0":null},"ios_saf":{"3.2":0,"4.0-4.1":0,"4.2-4.3":0,"5.0-5.1":0,"6.0-6.1":0,"7.0-7.1":0.308609544517,"8":0,"8.1-8.4":0.398620661668,"9.0-9.2":0.307180796626,"9.3":2.01167703093,"10-10.1":10.6941779663},"android":{"2.1":0,"2.2":0,"2.3":0.0096132823219,"3":0,"4":0.0833151134565,"4.1":0.264365263852,"4.2-4.3":0.754642662269,"4.4":1.77845722955,"4.4.3-4.4.4":1.36027944855,"53":null},"op_mob":{"10":0,"11":0,"11.1":0,"11.5":0,"12":0,"12.1":0.00105236996627,"0":0.0378853187857},"ie":{"5.5":null,"6":null,"7":0.00633398882682,"8":0.256526547486,"9":0.253359553073,"10":0.152015731844,"11":1.03244017877},"edge":{"12":0.021924,"13":0.072036,"14":0.238032},"bb":{"7":0.00171675,"10":null},"ie_mob":{"10":0.073724112,"11":0.345162888},"and_ff":{"0":0.020601},"samsung":{"0":5.569137},"and_uc":{"0":0.762237},"op_mini":{"0":0.510422311248},"and_chr":{"0":45.687708}},"total":99.31578975}