{"id":"TJ","name":"Tajikistan","month":"2016-11","access_date":"2016-12-03","data":{"firefox":{"2":0.008115,"3":0.01082,"3.5":0.04869,"3.6":0.12443,"4":null,"5":0.36788,"6":null,"7":null,"8":0.008115,"9":0.008115,"10":null,"11":null,"12":0.00541,"13":0.008115,"14":null,"15":0.01082,"16":0.073035,"17":0.00541,"18":0.002705,"19":null,"20":null,"21":0.01082,"22":0.013525,"23":0.002705,"24":null,"25":0.00541,"26":null,"27":0.00541,"28":0.002705,"29":null,"30":0.056805,"31":0.002705,"32":0.018935,"33":0.00541,"34":0.013525,"35":0.008115,"36":0.01082,"37":0.04328,"38":0.008115,"39":0.01623,"40":0.008115,"41":0.01082,"42":0.00541,"43":0.045985,"44":0.02164,"45":0.03246,"46":0.024345,"47":0.159595,"48":0.056805,"49":1.393075,"50":0.42198,"51":null,"52":null,"53":null},"chrome":{"4":null,"5":0.029755,"6":0.013525,"7":0.002705,"8":0.02164,"9":null,"10":0.00541,"11":0.018935,"12":0.07033,"13":null,"14":0.04328,"15":0.11902,"16":0.137955,"17":0.029755,"18":0.08115,"19":0.01082,"20":0.03787,"21":0.00541,"22":0.06492,"23":0.3787,"24":0.067625,"25":0.002705,"26":0.02705,"27":0.02164,"28":0.01623,"29":0.00541,"30":0.00541,"31":0.040575,"32":0.008115,"33":0.008115,"34":0.008115,"35":0.06492,"36":0.04328,"37":0.018935,"38":0.013525,"39":0.170415,"40":0.040575,"41":0.09738,"42":0.045985,"43":0.03787,"44":0.17312,"45":0.170415,"46":0.040575,"47":0.03787,"48":0.073035,"49":1.70415,"50":0.045985,"51":0.2705,"52":0.105495,"53":0.35165,"54":11.16083,"55":0.013525,"56":0.02705,"57":null},"opera":{"9":null,"9.5-9.6":0.10279,"10.0-10.1":0.01082,"10.5":0.00541,"10.6":0.056805,"11":0.01623,"11.1":0.008115,"11.5":0.03787,"11.6":0.12984,"12":0.04869,"12.1":0.45444,"15":null,"16":0.00541,"17":0.008115,"18":0.008115,"19":0.00541,"20":0.00541,"21":0.01082,"22":0.013525,"23":0.002705,"24":0.029755,"25":0.018935,"26":0.002705,"27":0.00541,"28":0.03246,"29":null,"30":0.024345,"31":null,"32":0.013525,"33":0.008115,"34":0.03246,"35":0.024345,"36":0.20017,"37":0.04328,"38":0.01082,"39":0.045985,"40":0.04869,"41":1.33627,"42":null,"43":null},"safari":{"3.1":null,"3.2":null,"4":0.008115,"5":0.008115,"5.1":0.018935,"6":0.0541,"6.1":null,"7":0.008115,"7.1":null,"8":0.01623,"9":0.04328,"9.1":0.040575,"10":0.170415,"0":null},"ios_saf":{"3.2":0,"4.0-4.1":0,"4.2-4.3":0,"5.0-5.1":0,"6.0-6.1":0,"7.0-7.1":0.0825353701968,"8":0,"8.1-8.4":0.106608186504,"9.0-9.2":0.0821532620015,"9.3":0.538008339061,"10-10.1":2.86007984224},"android":{"2.1":0,"2.2":0,"2.3":0.0131821447418,"3":0,"4":0.114245254429,"4.1":0.3625089804,"4.2-4.3":1.03479836223,"4.4":2.43869677723,"4.4.3-4.4.4":1.86527348096,"53":null},"op_mob":{"10":0,"11":0,"11.1":0,"11.5":0,"12":0,"12.1":0.0614738862283,"0":2.21305990422},"ie":{"5.5":null,"6":0.00274130872483,"7":0.016447852349,"8":0.241235167785,"9":0.0959458053691,"10":0.241235167785,"11":0.627759697987},"edge":{"12":0.018935,"13":0.09197,"14":0.170415},"bb":{"7":0.007295,"10":null},"ie_mob":{"10":0.14379904,"11":0.67324096},"and_ff":{"0":null},"samsung":{"0":3.815285},"and_uc":{"0":8.34548},"op_mini":{"0":29.8161712096},"and_chr":{"0":17.71557}},"total":96.04748}