{"id":"TK","name":"Tokelau","month":"2016-11","access_date":"2016-12-03","data":{"firefox":{"2":null,"3":null,"3.5":null,"3.6":null,"4":null,"5":null,"6":null,"7":null,"8":null,"9":null,"10":null,"11":null,"12":null,"13":null,"14":null,"15":null,"16":null,"17":null,"18":null,"19":null,"20":null,"21":null,"22":null,"23":null,"24":null,"25":null,"26":null,"27":null,"28":null,"29":null,"30":null,"31":null,"32":null,"33":null,"34":null,"35":null,"36":null,"37":null,"38":null,"39":null,"40":null,"41":null,"42":null,"43":null,"44":null,"45":null,"46":null,"47":0.461482,"48":2.420426,"49":8.19366,"50":1.384446,"51":null,"52":null,"53":null},"chrome":{"4":null,"5":null,"6":null,"7":null,"8":null,"9":null,"10":null,"11":null,"12":null,"13":null,"14":null,"15":null,"16":null,"17":null,"18":0.809948,"19":null,"20":null,"21":null,"22":null,"23":null,"24":null,"25":null,"26":null,"27":null,"28":null,"29":null,"30":null,"31":null,"32":0.113016,"33":null,"34":null,"35":0.348466,"36":null,"37":0.574498,"38":null,"39":null,"40":null,"41":0.922964,"42":null,"43":null,"44":null,"45":0.23545,"46":null,"47":null,"48":null,"49":0.809948,"50":2.30741,"51":null,"52":1.958944,"53":6.1217,"54":61.979858,"55":null,"56":null,"57":null},"opera":{"9":null,"9.5-9.6":null,"10.0-10.1":0,"10.5":null,"10.6":null,"11":null,"11.1":null,"11.5":null,"11.6":null,"12":null,"12.1":null,"15":null,"16":null,"17":null,"18":null,"19":null,"20":null,"21":null,"22":null,"23":null,"24":null,"25":null,"26":null,"27":null,"28":null,"29":null,"30":null,"31":null,"32":null,"33":null,"34":null,"35":null,"36":null,"37":null,"38":0.23545,"39":0.113016,"40":null,"41":null,"42":null,"43":null},"safari":{"3.1":null,"3.2":null,"4":0,"5":null,"5.1":null,"6":null,"6.1":null,"7":null,"7.1":null,"8":null,"9":null,"9.1":0.574498,"10":0.113016,"0":null},"ios_saf":{"3.2":0,"4.0-4.1":0,"4.2-4.3":0,"5.0-5.1":0,"6.0-6.1":0,"7.0-7.1":0.0170705454545,"8":0,"8.1-8.4":0.0220494545455,"9.0-9.2":0.0169915151515,"9.3":0.111274666667,"10-10.1":0.591541818182},"android":{"2.1":0,"2.2":0,"2.3":0.00114513381078,"3":0,"4":0.00992449302676,"4.1":0.0314911797965,"4.2-4.3":0.0898930041462,"4.4":0.211849754994,"4.4.3-4.4.4":0.162036434225,"53":null},"op_mob":{"10":0,"11":0,"11.1":0,"11.5":0,"12":0,"12.1":0,"0":0},"ie":{"5.5":null,"6":null,"7":null,"8":null,"9":null,"10":0.23545,"11":3.34339},"edge":{"12":null,"13":null,"14":null},"bb":{"7":0,"10":null},"ie_mob":{"10":0.04455792,"11":0.20861208},"and_ff":{"0":2.65683},"samsung":{"0":null},"and_uc":{"0":null},"op_mini":{"0":0},"and_chr":{"0":1.518438}},"total":98.950742}