{"id":"TL","name":"Timor-Leste","month":"2016-11","access_date":"2016-12-03","data":{"firefox":{"2":null,"3":0.04446,"3.5":0.050388,"3.6":0.11856,"4":0.195624,"5":0.068172,"6":0.130416,"7":0.041496,"8":0.065208,"9":0.035568,"10":0.115596,"11":0.145236,"12":0.16302,"13":0.068172,"14":0.02964,"15":0.032604,"16":0.124488,"17":0.038532,"18":0.08892,"19":0.038532,"20":0.068172,"21":0.082992,"22":0.02964,"23":0.035568,"24":0.085956,"25":0.023712,"26":0.023712,"27":0.020748,"28":0.026676,"29":0.097812,"30":0.065208,"31":0.032604,"32":0.04446,"33":0.0741,"34":0.041496,"35":0.068172,"36":0.085956,"37":0.032604,"38":0.139308,"39":0.080028,"40":0.198588,"41":0.142272,"42":0.085956,"43":0.38532,"44":0.403104,"45":0.112632,"46":0.25194,"47":1.150032,"48":0.619476,"49":3.728712,"50":2.027376,"51":0.284544,"52":0.005928,"53":null},"chrome":{"4":0.068172,"5":null,"6":0.005928,"7":null,"8":null,"9":null,"10":null,"11":0.278616,"12":0.002964,"13":0.008892,"14":null,"15":0.002964,"16":0.002964,"17":null,"18":0.002964,"19":0.008892,"20":0.017784,"21":null,"22":null,"23":0.005928,"24":null,"25":null,"26":0.011856,"27":0.026676,"28":0.02964,"29":0.005928,"30":0.008892,"31":0.068172,"32":0.005928,"33":0.017784,"34":0.01482,"35":0.020748,"36":0.020748,"37":0.005928,"38":0.008892,"39":0.01482,"40":0.023712,"41":0.008892,"42":0.011856,"43":0.951444,"44":0.008892,"45":0.0741,"46":0.038532,"47":0.050388,"48":0.032604,"49":0.231192,"50":0.04446,"51":0.272688,"52":0.127452,"53":0.417924,"54":7.807176,"55":0.085956,"56":0.02964,"57":null},"opera":{"9":null,"9.5-9.6":null,"10.0-10.1":0,"10.5":null,"10.6":0.008892,"11":0.005928,"11.1":0.005928,"11.5":null,"11.6":0.002964,"12":null,"12.1":0.047424,"15":null,"16":null,"17":null,"18":null,"19":0.04446,"20":0.011856,"21":0.011856,"22":null,"23":null,"24":null,"25":null,"26":null,"27":null,"28":0.011856,"29":null,"30":0.082992,"31":null,"32":null,"33":null,"34":null,"35":null,"36":0.005928,"37":0.062244,"38":0.005928,"39":0.002964,"40":0.035568,"41":0.40014,"42":null,"43":null},"safari":{"3.1":null,"3.2":null,"4":0,"5":0.008892,"5.1":0.053352,"6":0.035568,"6.1":0.04446,"7":0.017784,"7.1":null,"8":0.077064,"9":0.168948,"9.1":0.26676,"10":0.2964,"0":null},"ios_saf":{"3.2":0,"4.0-4.1":0,"4.2-4.3":0,"5.0-5.1":0,"6.0-6.1":0,"7.0-7.1":0.075015497657,"8":0,"8.1-8.4":0.0968950178069,"9.0-9.2":0.0746682036863,"9.3":0.488989910653,"10-10.1":2.5994953702},"android":{"2.1":0,"2.2":0,"2.3":0.012682303807,"3":0,"4":0.109913299661,"4.1":0.348763354693,"4.2-4.3":0.99556084885,"4.4":2.3462262043,"4.4.3-4.4.4":1.79454598869,"53":null},"op_mob":{"10":0,"11":0,"11.1":0,"11.5":0,"12":0,"12.1":0.0411224943156,"0":1.48040979536},"ie":{"5.5":null,"6":null,"7":0.0178513636364,"8":0.672401363636,"9":0.300497954545,"10":0.249919090909,"11":1.90117022727},"edge":{"12":0.106704,"13":0.130416,"14":0.154128},"bb":{"7":0.008795,"10":null},"ie_mob":{"10":0.097828544,"11":0.458015456},"and_ff":{"0":0.03518},"samsung":{"0":3.518},"and_uc":{"0":9.07644},"op_mini":{"0":19.9453037103},"and_chr":{"0":27.118632}},"total":99.004971}