{"id":"TM","name":"Turkmenistan","month":"2016-11","access_date":"2016-12-03","data":{"firefox":{"2":0.032956,"3":0.02354,"3.5":0.016478,"3.6":0.077682,"4":0.01177,"5":0.016478,"6":0.004708,"7":0.002354,"8":null,"9":null,"10":0.007062,"11":null,"12":0.007062,"13":0.009416,"14":0.018832,"15":0.004708,"16":null,"17":0.009416,"18":0.004708,"19":0.004708,"20":0.002354,"21":0.021186,"22":0.009416,"23":null,"24":0.016478,"25":0.004708,"26":0.054142,"27":0.004708,"28":0.025894,"29":0.004708,"30":0.065912,"31":null,"32":0.009416,"33":0.009416,"34":0.007062,"35":0.021186,"36":0.044726,"37":0.02354,"38":0.115346,"39":0.004708,"40":0.021186,"41":0.10593,"42":0.004708,"43":0.072974,"44":0.007062,"45":0.028248,"46":0.01177,"47":0.244816,"48":0.101222,"49":0.487278,"50":0.197736,"51":0.018832,"52":null,"53":0.021186},"chrome":{"4":0.007062,"5":0.009416,"6":0.014124,"7":null,"8":0.054142,"9":0.025894,"10":0.068266,"11":0.136532,"12":0.040018,"13":0.054142,"14":0.014124,"15":0.021186,"16":0.021186,"17":0.016478,"18":0.007062,"19":0.009416,"20":0.056496,"21":0.004708,"22":0.02354,"23":0.009416,"24":0.01177,"25":0.01177,"26":null,"27":0.025894,"28":0.05885,"29":0.044726,"30":0.014124,"31":0.018832,"32":0.002354,"33":0.01177,"34":0.007062,"35":0.02354,"36":0.004708,"37":0.004708,"38":0.054142,"39":0.049434,"40":0.021186,"41":0.007062,"42":0.01177,"43":0.03531,"44":0.044726,"45":0.16478,"46":0.04708,"47":0.049434,"48":0.021186,"49":0.466092,"50":0.051788,"51":0.371932,"52":0.404888,"53":0.68266,"54":9.594904,"55":0.004708,"56":0.025894,"57":null},"opera":{"9":null,"9.5-9.6":0.002354,"10.0-10.1":0,"10.5":0.01177,"10.6":0.018832,"11":0.004708,"11.1":0.014124,"11.5":null,"11.6":0.014124,"12":0.028248,"12.1":0.145948,"15":null,"16":0.002354,"17":null,"18":0.030602,"19":null,"20":null,"21":0.002354,"22":null,"23":0.014124,"24":0.002354,"25":0.004708,"26":0.004708,"27":0.028248,"28":null,"29":0.030602,"30":null,"31":0.09416,"32":null,"33":0.044726,"34":0.028248,"35":0.02354,"36":0.007062,"37":0.004708,"38":0.014124,"39":0.014124,"40":0.007062,"41":0.075328,"42":null,"43":null},"safari":{"3.1":null,"3.2":null,"4":0.032956,"5":0.009416,"5.1":0.02354,"6":null,"6.1":0.007062,"7":0.004708,"7.1":null,"8":0.01177,"9":0.009416,"9.1":0.068266,"10":0.096514,"0":null},"ios_saf":{"3.2":0,"4.0-4.1":0,"4.2-4.3":0,"5.0-5.1":0,"6.0-6.1":0,"7.0-7.1":0.25697360075,"8":0,"8.1-8.4":0.331924234302,"9.0-9.2":0.255783908154,"9.3":1.67508717526,"10-10.1":8.90484908154},"android":{"2.1":0,"2.2":0,"2.3":0.0400364983038,"3":0,"4":0.3469829853,"4.1":1.10100370335,"4.2-4.3":3.14286511685,"4.4":7.4067521862,"4.4.3-4.4.4":5.66516450999,"53":null},"op_mob":{"10":0,"11":0,"11.1":0,"11.5":0,"12":0,"12.1":0.000996119435306,"0":0.035860299671},"ie":{"5.5":null,"6":0.0083678994614,"7":0.0362608976661,"8":0.786582549372,"9":0.783793249551,"10":0.264983482944,"11":1.22729192101},"edge":{"12":0.018832,"13":0.018832,"14":0.124762},"bb":{"7":0.0191175,"10":null},"ie_mob":{"10":0.049797264,"11":0.233141736},"and_ff":{"0":0.022941},"samsung":{"0":16.005171},"and_uc":{"0":0.15294},"op_mini":{"0":0.483139580894},"and_chr":{"0":29.192445}},"total":94.4915945}