{"id":"TN","name":"Tunisia","month":"2016-11","access_date":"2016-12-03","data":{"firefox":{"2":null,"3":0.037314,"3.5":0.006219,"3.6":0.012438,"4":null,"5":null,"6":null,"7":null,"8":null,"9":null,"10":0.006219,"11":null,"12":0.012438,"13":null,"14":null,"15":0.012438,"16":0.006219,"17":null,"18":null,"19":null,"20":null,"21":null,"22":null,"23":null,"24":null,"25":null,"26":null,"27":null,"28":null,"29":null,"30":null,"31":0.012438,"32":null,"33":0.043533,"34":0.006219,"35":0.012438,"36":0.012438,"37":0.012438,"38":0.031095,"39":0.018657,"40":0.018657,"41":0.018657,"42":0.018657,"43":0.130599,"44":0.043533,"45":0.074628,"46":0.080847,"47":0.416673,"48":0.335826,"49":2.307249,"50":1.287333,"51":0.024876,"52":0.006219,"53":null},"chrome":{"4":null,"5":null,"6":null,"7":0.012438,"8":0.018657,"9":null,"10":0.018657,"11":0.049752,"12":0.024876,"13":0.012438,"14":0.012438,"15":0.012438,"16":0.018657,"17":0.012438,"18":0.199008,"19":0.012438,"20":0.012438,"21":0.012438,"22":0.018657,"23":0.049752,"24":0.031095,"25":0.012438,"26":0.024876,"27":0.024876,"28":0.018657,"29":0.043533,"30":0.049752,"31":0.074628,"32":0.031095,"33":0.074628,"34":0.024876,"35":0.037314,"36":0.031095,"37":0.031095,"38":0.06219,"39":0.049752,"40":0.068409,"41":0.055971,"42":0.043533,"43":0.528615,"44":0.068409,"45":0.055971,"46":0.099504,"47":0.105723,"48":0.12438,"49":3.961503,"50":0.223884,"51":1.218924,"52":0.553491,"53":1.212705,"54":39.73941,"55":0.292293,"56":0.049752,"57":null},"opera":{"9":null,"9.5-9.6":null,"10.0-10.1":0,"10.5":null,"10.6":null,"11":null,"11.1":null,"11.5":null,"11.6":null,"12":null,"12.1":0.012438,"15":null,"16":null,"17":null,"18":null,"19":null,"20":null,"21":0.012438,"22":null,"23":null,"24":null,"25":null,"26":null,"27":null,"28":null,"29":null,"30":null,"31":null,"32":null,"33":null,"34":null,"35":0.012438,"36":0.074628,"37":0.031095,"38":0.093285,"39":0.031095,"40":0.031095,"41":1.013697,"42":null,"43":null},"safari":{"3.1":null,"3.2":null,"4":0.018657,"5":0.006219,"5.1":0.043533,"6":0.018657,"6.1":0.018657,"7":0.024876,"7.1":null,"8":0.136818,"9":0.055971,"9.1":0.167913,"10":0.242541,"0":null},"ios_saf":{"3.2":0,"4.0-4.1":0,"4.2-4.3":0,"5.0-5.1":0,"6.0-6.1":0,"7.0-7.1":0.0408112464855,"8":0,"8.1-8.4":0.0527145267104,"9.0-9.2":0.0406223055295,"9.3":0.266028865979,"10-10.1":1.4142230553},"android":{"2.1":0,"2.2":0,"2.3":0.0104039050132,"3":0,"4":0.090167176781,"4.1":0.286107387863,"4.2-4.3":0.816706543536,"4.4":1.92472242744,"4.4.3-4.4.4":1.47215255937,"53":null},"op_mob":{"10":0,"11":0,"11.1":0,"11.5":0,"12":0,"12.1":0.00633594303086,"0":0.228093949111},"ie":{"5.5":null,"6":0.0143470883721,"7":0.0215206325581,"8":0.530842269767,"9":0.129123795349,"10":0.143470883721,"11":0.703007330233},"edge":{"12":0.043533,"13":0.105723,"14":0.24876},"bb":{"7":0.014175,"10":null},"ie_mob":{"10":0.15434496,"11":0.72261504},"and_ff":{"0":0.17766},"samsung":{"0":2.5515},"and_uc":{"0":0.63882},"op_mini":{"0":3.07307010786},"and_chr":{"0":25.173189}},"total":97.669035}