{"id":"TO","name":"Tonga","month":"2016-11","access_date":"2016-12-03","data":{"firefox":{"2":null,"3":null,"3.5":null,"3.6":0.022554,"4":0.03759,"5":null,"6":null,"7":null,"8":null,"9":null,"10":null,"11":null,"12":0.022554,"13":null,"14":null,"15":null,"16":null,"17":null,"18":0.022554,"19":null,"20":null,"21":null,"22":null,"23":null,"24":null,"25":null,"26":null,"27":null,"28":null,"29":0.03759,"30":null,"31":null,"32":0.030072,"33":null,"34":null,"35":0.045108,"36":null,"37":0.022554,"38":0.060144,"39":0.045108,"40":0.045108,"41":0.060144,"42":0.067662,"43":0.729246,"44":0.240576,"45":0.022554,"46":0.060144,"47":0.496188,"48":0.984858,"49":20.291082,"50":17.975538,"51":1.31565,"52":0.007518,"53":null},"chrome":{"4":0.015036,"5":null,"6":null,"7":null,"8":null,"9":null,"10":0.030072,"11":null,"12":null,"13":null,"14":null,"15":null,"16":null,"17":null,"18":0.007518,"19":null,"20":null,"21":null,"22":null,"23":null,"24":null,"25":null,"26":null,"27":null,"28":null,"29":0.022554,"30":null,"31":null,"32":null,"33":null,"34":0.007518,"35":0.015036,"36":0.135324,"37":0.015036,"38":null,"39":null,"40":0.07518,"41":0.022554,"42":0.022554,"43":0.135324,"44":0.022554,"45":0.120288,"46":0.308238,"47":0.022554,"48":null,"49":0.52626,"50":0.240576,"51":0.18795,"52":0.293202,"53":0.872088,"54":19.366368,"55":0.022554,"56":0.015036,"57":null},"opera":{"9":null,"9.5-9.6":null,"10.0-10.1":0,"10.5":null,"10.6":null,"11":null,"11.1":null,"11.5":null,"11.6":null,"12":null,"12.1":0.060144,"15":null,"16":null,"17":null,"18":null,"19":null,"20":null,"21":null,"22":null,"23":null,"24":null,"25":null,"26":null,"27":null,"28":null,"29":null,"30":null,"31":null,"32":null,"33":null,"34":null,"35":null,"36":null,"37":0.007518,"38":null,"39":null,"40":null,"41":0.142842,"42":null,"43":null},"safari":{"3.1":null,"3.2":null,"4":0,"5":0.03759,"5.1":0.022554,"6":0.015036,"6.1":0.11277,"7":0.045108,"7.1":null,"8":0.383418,"9":0.165396,"9.1":0.285684,"10":0.293202,"0":null},"ios_saf":{"3.2":0,"4.0-4.1":0,"4.2-4.3":0,"5.0-5.1":0,"6.0-6.1":0,"7.0-7.1":0.100697634489,"8":0,"8.1-8.4":0.130067777882,"9.0-9.2":0.100231441737,"9.3":0.656399395189,"10-10.1":3.4894527507},"android":{"2.1":0,"2.2":0,"2.3":0.00452050131926,"3":0,"4":0.0391776781003,"4.1":0.12431378628,"4.2-4.3":0.354859353562,"4.4":0.836292744063,"4.4.3-4.4.4":0.639650936675,"53":null},"op_mob":{"10":0,"11":0,"11.1":0,"11.5":0,"12":0,"12.1":0.00241630550119,"0":0.0869869980427},"ie":{"5.5":null,"6":null,"7":null,"8":0.422568622754,"9":0.107562922156,"10":0.276590371257,"11":3.04249408383},"edge":{"12":0.15036,"13":0.541296,"14":1.323168},"bb":{"7":0.004966,"10":null},"ie_mob":{"10":0.174366192,"11":0.816350808},"and_ff":{"0":0.004966},"samsung":{"0":2.090686},"and_uc":{"0":1.152112},"op_mini":{"0":1.17196069646},"and_chr":{"0":14.222492}},"total":98.781739}