{"id":"TR","name":"Turkey","month":"2016-11","access_date":"2016-12-03","data":{"firefox":{"2":null,"3":null,"3.5":null,"3.6":0.003664,"4":null,"5":null,"6":null,"7":null,"8":null,"9":null,"10":null,"11":null,"12":null,"13":null,"14":null,"15":null,"16":null,"17":null,"18":null,"19":null,"20":null,"21":null,"22":null,"23":null,"24":null,"25":null,"26":null,"27":null,"28":null,"29":null,"30":null,"31":null,"32":null,"33":0.003664,"34":0.007328,"35":0.003664,"36":0.007328,"37":0.007328,"38":0.010992,"39":0.007328,"40":0.007328,"41":0.007328,"42":0.010992,"43":0.032976,"44":0.032976,"45":0.01832,"46":0.021984,"47":0.087936,"48":0.05496,"49":0.809744,"50":0.425024,"51":0.003664,"52":null,"53":null},"chrome":{"4":null,"5":null,"6":null,"7":null,"8":null,"9":null,"10":null,"11":0.032976,"12":0.003664,"13":null,"14":null,"15":0.007328,"16":0.007328,"17":null,"18":0.007328,"19":null,"20":null,"21":0.003664,"22":0.168544,"23":0.010992,"24":0.003664,"25":0.010992,"26":0.058624,"27":0.007328,"28":0.007328,"29":0.010992,"30":0.007328,"31":0.01832,"32":0.007328,"33":0.01832,"34":0.076944,"35":0.025648,"36":0.014656,"37":0.014656,"38":0.051296,"39":0.043968,"40":0.032976,"41":0.01832,"42":0.025648,"43":0.102592,"44":0.095264,"45":0.062288,"46":0.120912,"47":0.131904,"48":0.186864,"49":2.114128,"50":0.161216,"51":0.34808,"52":0.399376,"53":0.87936,"54":23.859968,"55":0.051296,"56":0.014656,"57":null},"opera":{"9":null,"9.5-9.6":null,"10.0-10.1":0,"10.5":null,"10.6":null,"11":null,"11.1":null,"11.5":null,"11.6":null,"12":null,"12.1":0.007328,"15":null,"16":null,"17":null,"18":null,"19":null,"20":null,"21":null,"22":null,"23":null,"24":null,"25":null,"26":null,"27":null,"28":null,"29":null,"30":null,"31":0.003664,"32":null,"33":null,"34":null,"35":null,"36":0.010992,"37":0.007328,"38":0.010992,"39":null,"40":0.003664,"41":0.20152,"42":null,"43":null},"safari":{"3.1":null,"3.2":null,"4":0,"5":0.003664,"5.1":0.010992,"6":null,"6.1":0.003664,"7":0.003664,"7.1":null,"8":0.021984,"9":0.01832,"9.1":0.069616,"10":0.16488,"0":null},"ios_saf":{"3.2":0,"4.0-4.1":0,"4.2-4.3":0,"5.0-5.1":0,"6.0-6.1":0,"7.0-7.1":0.220756453608,"8":0,"8.1-8.4":0.285143752577,"9.0-9.2":0.21973443299,"9.3":1.43900503093,"10-10.1":7.6498243299},"android":{"2.1":0,"2.2":0,"2.3":0.0117644689031,"3":0,"4":0.101958730494,"4.1":0.323522894836,"4.2-4.3":0.923510808896,"4.4":2.17642674708,"4.4.3-4.4.4":1.66467234979,"53":null},"op_mob":{"10":0,"11":0,"11.1":0,"11.5":0,"12":0,"12.1":0.00135939166285,"0":0.0489380998626},"ie":{"5.5":null,"6":null,"7":0.00738592885375,"8":0.221577865613,"9":0.203113043478,"10":0.199420079051,"11":2.16777011858},"edge":{"12":0.040304,"13":0.14656,"14":0.505632},"bb":{"7":0.004752,"10":null},"ie_mob":{"10":0.0836352,"11":0.3915648},"and_ff":{"0":0.012672},"samsung":{"0":6.855552},"and_uc":{"0":0.171072},"op_mini":{"0":0.659334508475},"and_chr":{"0":39.97976}},"total":98.0475870356}