{"id":"TT","name":"Trinidad and Tobago","month":"2016-11","access_date":"2016-12-03","data":{"firefox":{"2":null,"3":null,"3.5":null,"3.6":0.025352,"4":null,"5":null,"6":null,"7":null,"8":null,"9":null,"10":null,"11":0.006338,"12":null,"13":null,"14":null,"15":null,"16":null,"17":0.006338,"18":null,"19":null,"20":null,"21":0.012676,"22":null,"23":null,"24":null,"25":null,"26":null,"27":null,"28":null,"29":0.012676,"30":null,"31":0.012676,"32":0.019014,"33":0.012676,"34":null,"35":null,"36":null,"37":0.019014,"38":0.025352,"39":0.012676,"40":0.019014,"41":0.012676,"42":0.012676,"43":0.069718,"44":0.019014,"45":0.082394,"46":0.025352,"47":0.22183,"48":0.215492,"49":3.257732,"50":1.863372,"51":0.06338,"52":null,"53":null},"chrome":{"4":null,"5":null,"6":null,"7":null,"8":null,"9":null,"10":null,"11":0.019014,"12":0.012676,"13":null,"14":null,"15":null,"16":null,"17":null,"18":0.006338,"19":null,"20":null,"21":0.012676,"22":0.09507,"23":null,"24":null,"25":null,"26":0.03169,"27":0.006338,"28":0.019014,"29":null,"30":0.006338,"31":0.019014,"32":0.019014,"33":0.012676,"34":0.06338,"35":0.038028,"36":0.03169,"37":0.025352,"38":0.038028,"39":0.03169,"40":0.03169,"41":0.03169,"42":0.019014,"43":0.107746,"44":0.050704,"45":0.038028,"46":0.038028,"47":0.069718,"48":0.044366,"49":1.197882,"50":0.12676,"51":0.6338,"52":0.297886,"53":1.121826,"54":34.269566,"55":0.41197,"56":0.19014,"57":0.006338},"opera":{"9":null,"9.5-9.6":null,"10.0-10.1":0,"10.5":null,"10.6":null,"11":null,"11.1":null,"11.5":null,"11.6":null,"12":null,"12.1":0.025352,"15":null,"16":null,"17":null,"18":null,"19":null,"20":null,"21":null,"22":null,"23":null,"24":null,"25":null,"26":null,"27":null,"28":0.025352,"29":0.076056,"30":null,"31":null,"32":null,"33":0.019014,"34":null,"35":null,"36":0.012676,"37":0.266196,"38":0.019014,"39":null,"40":0.019014,"41":0.386618,"42":0.006338,"43":null},"safari":{"3.1":null,"3.2":null,"4":0,"5":0.03169,"5.1":0.057042,"6":0.006338,"6.1":0.057042,"7":0.044366,"7.1":null,"8":0.152112,"9":0.114084,"9.1":0.608448,"10":1.48943,"0":null},"ios_saf":{"3.2":0,"4.0-4.1":0,"4.2-4.3":0,"5.0-5.1":0,"6.0-6.1":0,"7.0-7.1":0.124871797563,"8":0,"8.1-8.4":0.161292738519,"9.0-9.2":0.124293687389,"9.3":0.813979124857,"10-10.1":4.32715465167},"android":{"2.1":0,"2.2":0,"2.3":0.00665868375424,"3":0,"4":0.0577085925368,"4.1":0.183113803242,"4.2-4.3":0.522706674708,"4.4":1.23185649453,"4.4.3-4.4.4":0.942203751225,"53":null},"op_mob":{"10":0,"11":0,"11.1":0,"11.5":0,"12":0,"12.1":0.00110837529671,"0":0.0399015106817},"ie":{"5.5":null,"6":null,"7":0.0444839946809,"8":0.209710260638,"9":0.324097675532,"10":0.241484542553,"11":3.9590755266},"edge":{"12":0.139436,"13":0.41197,"14":2.383088},"bb":{"7":0.060423,"10":null},"ie_mob":{"10":0.10956704,"11":0.51297296},"and_ff":{"0":0.047606},"samsung":{"0":4.863136},"and_uc":{"0":0.483384},"op_mini":{"0":0.537586114022},"and_chr":{"0":26.745348}},"total":98.229017}