{"id":"TV","name":"Tuvalu","month":"2016-11","access_date":"2016-12-03","data":{"firefox":{"2":null,"3":null,"3.5":null,"3.6":null,"4":null,"5":null,"6":null,"7":null,"8":null,"9":null,"10":null,"11":null,"12":0.233324,"13":null,"14":null,"15":null,"16":null,"17":null,"18":null,"19":null,"20":null,"21":null,"22":null,"23":null,"24":null,"25":null,"26":null,"27":null,"28":null,"29":0.152558,"30":null,"31":null,"32":null,"33":null,"34":null,"35":null,"36":null,"37":null,"38":null,"39":null,"40":null,"41":null,"42":null,"43":2.144786,"44":0.843556,"45":null,"46":0.080766,"47":0.690998,"48":2.82681,"49":11.62133,"50":1.678138,"51":0.080766,"52":null,"53":null},"chrome":{"4":null,"5":null,"6":null,"7":null,"8":null,"9":null,"10":null,"11":null,"12":null,"13":null,"14":null,"15":null,"16":null,"17":null,"18":0.152558,"19":null,"20":2.449902,"21":null,"22":null,"23":null,"24":null,"25":null,"26":null,"27":null,"28":null,"29":null,"30":null,"31":0.152558,"32":null,"33":null,"34":null,"35":0.233324,"36":0.080766,"37":0.385882,"38":null,"39":null,"40":null,"41":0.610232,"42":null,"43":null,"44":null,"45":null,"46":0.080766,"47":null,"48":0.690998,"49":0.53844,"50":1.30123,"51":2.216578,"52":2.216578,"53":7.49329,"54":36.999802,"55":0.080766,"56":null,"57":null},"opera":{"9":null,"9.5-9.6":null,"10.0-10.1":0,"10.5":null,"10.6":null,"11":null,"11.1":null,"11.5":null,"11.6":null,"12":null,"12.1":null,"15":null,"16":null,"17":null,"18":null,"19":null,"20":null,"21":null,"22":null,"23":null,"24":null,"25":null,"26":null,"27":null,"28":null,"29":null,"30":null,"31":null,"32":null,"33":null,"34":null,"35":null,"36":null,"37":null,"38":null,"39":null,"40":null,"41":null,"42":null,"43":null},"safari":{"3.1":null,"3.2":null,"4":0,"5":null,"5.1":null,"6":null,"6.1":0.080766,"7":null,"7.1":null,"8":null,"9":null,"9.1":0.996114,"10":0.152558,"0":null},"ios_saf":{"3.2":0,"4.0-4.1":0,"4.2-4.3":0,"5.0-5.1":0,"6.0-6.1":0,"7.0-7.1":0.0923111527648,"8":0,"8.1-8.4":0.119235238988,"9.0-9.2":0.0918837863168,"9.3":0.601731958763,"10-10.1":3.19883786317},"android":{"2.1":0,"2.2":0,"2.3":0.0037961613268,"3":0,"4":0.0329000648323,"4.1":0.104394436487,"4.2-4.3":0.297998664154,"4.4":0.702289845458,"4.4.3-4.4.4":0.537156827742,"53":null},"op_mob":{"10":0,"11":0,"11.1":0,"11.5":0,"12":0,"12.1":0.000178854620414,"0":0.0064387663349},"ie":{"5.5":null,"6":null,"7":null,"8":0.152558,"9":0.690998,"10":0.385882,"11":8.947078},"edge":{"12":1.148672,"13":0.233324,"14":0.080766},"bb":{"7":0,"10":null},"ie_mob":{"10":0.016432416,"11":0.076933584},"and_ff":{"0":0.186732},"samsung":{"0":0.280098},"and_uc":{"0":null},"op_mini":{"0":0.0867483790447},"and_chr":{"0":4.209784}},"total":99.5513}