{"id":"TW","name":"Taiwan","month":"2016-11","access_date":"2016-12-03","data":{"firefox":{"2":null,"3":null,"3.5":null,"3.6":null,"4":null,"5":null,"6":null,"7":null,"8":null,"9":null,"10":null,"11":null,"12":null,"13":null,"14":null,"15":null,"16":null,"17":null,"18":null,"19":null,"20":null,"21":0.033756,"22":0.005626,"23":0.005626,"24":0.005626,"25":0.005626,"26":null,"27":0.005626,"28":0.005626,"29":0.005626,"30":null,"31":0.005626,"32":null,"33":0.011252,"34":0.011252,"35":0.011252,"36":0.011252,"37":0.02813,"38":0.02813,"39":0.011252,"40":0.011252,"41":0.016878,"42":0.016878,"43":0.090016,"44":0.033756,"45":0.078764,"46":0.08439,"47":0.326308,"48":0.129398,"49":2.58796,"50":0.585104,"51":0.011252,"52":null,"53":null},"chrome":{"4":null,"5":null,"6":null,"7":null,"8":null,"9":null,"10":null,"11":0.05626,"12":null,"13":null,"14":null,"15":null,"16":null,"17":null,"18":null,"19":null,"20":null,"21":null,"22":0.005626,"23":null,"24":null,"25":null,"26":null,"27":0.016878,"28":0.011252,"29":0.016878,"30":0.011252,"31":0.039382,"32":0.011252,"33":0.08439,"34":0.016878,"35":0.02813,"36":0.016878,"37":0.016878,"38":0.101268,"39":0.078764,"40":0.022504,"41":0.061886,"42":0.045008,"43":0.129398,"44":0.061886,"45":0.191284,"46":0.08439,"47":0.129398,"48":0.135024,"49":2.497944,"50":0.2813,"51":0.883282,"52":0.438828,"53":1.080192,"54":31.556234,"55":0.05626,"56":0.05626,"57":0.011252},"opera":{"9":null,"9.5-9.6":null,"10.0-10.1":0,"10.5":null,"10.6":null,"11":null,"11.1":null,"11.5":null,"11.6":null,"12":0.005626,"12.1":0.016878,"15":null,"16":null,"17":null,"18":null,"19":null,"20":null,"21":null,"22":null,"23":null,"24":null,"25":null,"26":null,"27":null,"28":0.045008,"29":null,"30":null,"31":null,"32":null,"33":null,"34":null,"35":null,"36":0.011252,"37":0.016878,"38":0.11252,"39":null,"40":null,"41":0.129398,"42":null,"43":null},"safari":{"3.1":null,"3.2":null,"4":0.005626,"5":0.016878,"5.1":0.02813,"6":null,"6.1":0.022504,"7":0.02813,"7.1":0.005626,"8":0.101268,"9":0.106894,"9.1":0.405072,"10":0.922664,"0":null},"ios_saf":{"3.2":0,"4.0-4.1":0,"4.2-4.3":0,"5.0-5.1":0,"6.0-6.1":0,"7.0-7.1":0.279445765698,"8":0,"8.1-8.4":0.360950780694,"9.0-9.2":0.278152035301,"9.3":1.82157239863,"10-10.1":9.68357201968},"android":{"2.1":0,"2.2":0,"2.3":0.00414388315115,"3":0,"4":0.0359136539766,"4.1":0.113956786657,"4.2-4.3":0.325294827365,"4.4":0.766618382963,"4.4.3-4.4.4":0.586359465888,"53":null},"op_mob":{"10":0,"11":0,"11.1":0,"11.5":0,"12":0,"12.1":0.000443983425644,"0":0.0159834033232},"ie":{"5.5":null,"6":0.0342448238134,"7":0.0228298825422,"8":0.998807361223,"9":0.376693061947,"10":0.348155708769,"11":5.30224022043},"edge":{"12":0.039382,"13":0.247544,"14":1.04081},"bb":{"7":0.0065595,"10":null},"ie_mob":{"10":0.021550144,"11":0.100893856},"and_ff":{"0":0.021865},"samsung":{"0":2.908045},"and_uc":{"0":0.153055},"op_mini":{"0":0.215341613251},"and_chr":{"0":28.569281}},"total":99.0575935587}