{"id":"TZ","name":"Tanzania","month":"2016-11","access_date":"2016-12-03","data":{"firefox":{"2":null,"3":0.004905,"3.5":0.003924,"3.6":0.007848,"4":0.011772,"5":0.002943,"6":0.012753,"7":0.003924,"8":0.003924,"9":0.002943,"10":0.014715,"11":0.013734,"12":0.01962,"13":0.01962,"14":0.00981,"15":0.007848,"16":0.01962,"17":0.012753,"18":0.014715,"19":0.010791,"20":0.008829,"21":0.011772,"22":0.004905,"23":0.016677,"24":0.004905,"25":0.004905,"26":0.006867,"27":0.008829,"28":0.004905,"29":0.024525,"30":0.017658,"31":0.008829,"32":0.018639,"33":0.015696,"34":0.013734,"35":0.013734,"36":0.011772,"37":0.014715,"38":0.022563,"39":0.013734,"40":0.020601,"41":0.014715,"42":0.01962,"43":0.128511,"44":0.086328,"45":0.035316,"46":0.032373,"47":0.26487,"48":0.116739,"49":1.027107,"50":0.522873,"51":0.063765,"52":0.000981,"53":null},"chrome":{"4":null,"5":null,"6":null,"7":null,"8":null,"9":0.001962,"10":0.002943,"11":0.018639,"12":null,"13":0.000981,"14":0.000981,"15":null,"16":null,"17":null,"18":0.001962,"19":null,"20":0.002943,"21":0.006867,"22":0.004905,"23":0.002943,"24":null,"25":0.002943,"26":0.002943,"27":0.001962,"28":0.002943,"29":0.003924,"30":0.001962,"31":0.007848,"32":0.000981,"33":0.020601,"34":0.001962,"35":0.000981,"36":0.023544,"37":0.000981,"38":0.005886,"39":0.000981,"40":0.003924,"41":0.002943,"42":0.003924,"43":0.062784,"44":0.002943,"45":0.017658,"46":0.007848,"47":0.015696,"48":0.013734,"49":0.105948,"50":0.021582,"51":0.103005,"52":0.05886,"53":0.081423,"54":3.721914,"55":0.016677,"56":0.011772,"57":null},"opera":{"9":null,"9.5-9.6":null,"10.0-10.1":0,"10.5":null,"10.6":0.002943,"11":0.001962,"11.1":0.001962,"11.5":0.002943,"11.6":0.005886,"12":0.003924,"12.1":0.01962,"15":0.002943,"16":0.000981,"17":0.001962,"18":0.000981,"19":0.002943,"20":0.001962,"21":null,"22":0.001962,"23":null,"24":null,"25":null,"26":null,"27":null,"28":0.001962,"29":0.010791,"30":0.001962,"31":null,"32":0.001962,"33":0.005886,"34":0.003924,"35":0.006867,"36":0.018639,"37":0.310977,"38":0.005886,"39":0.005886,"40":0.025506,"41":0.282528,"42":0.003924,"43":null},"safari":{"3.1":null,"3.2":null,"4":0,"5":0.001962,"5.1":0.011772,"6":0.00981,"6.1":0.002943,"7":0.006867,"7.1":0.002943,"8":0.020601,"9":0.034335,"9.1":0.06867,"10":0.105948,"0":null},"ios_saf":{"3.2":0,"4.0-4.1":0,"4.2-4.3":0,"5.0-5.1":0,"6.0-6.1":0,"7.0-7.1":0.0111587628866,"8":0,"8.1-8.4":0.0144134020619,"9.0-9.2":0.0111071019473,"9.3":0.07273860252,"10-10.1":0.386682130584},"android":{"2.1":0,"2.2":0,"2.3":0.00862900866943,"3":0,"4":0.0747847418017,"4.1":0.237297738409,"4.2-4.3":0.67737718055,"4.4":1.59636660384,"4.4.3-4.4.4":1.22100472672,"53":null},"op_mob":{"10":0,"11":0,"11.1":0,"11.5":0,"12":0,"12.1":0.134758717361,"0":4.85131382501},"ie":{"5.5":null,"6":0.00397071428571,"7":0.000992678571429,"8":0.112172678571,"9":0.0168755357143,"10":0.0357364285714,"11":0.247176964286},"edge":{"12":0.03924,"13":0.05886,"14":0.070632},"bb":{"7":0.01804,"10":null},"ie_mob":{"10":0.06667584,"11":0.31216416},"and_ff":{"0":0.01804},"samsung":{"0":0.74866},"and_uc":{"0":6.4944},"op_mini":{"0":65.3609074576},"and_chr":{"0":7.077383}},"total":98.143442}