{"id":"UA","name":"Ukraine","month":"2016-11","access_date":"2016-12-03","data":{"firefox":{"2":0.147543,"3":0.390555,"3.5":0.702999,"3.6":1.032801,"4":0.069432,"5":0.026037,"6":0.026037,"7":0.008679,"8":0.017358,"9":0.026037,"10":0.043395,"11":0.034716,"12":0.043395,"13":0.026037,"14":0.034716,"15":0.043395,"16":0.078111,"17":0.026037,"18":0.026037,"19":0.034716,"20":0.060753,"21":0.052074,"22":0.043395,"23":0.043395,"24":0.069432,"25":0.052074,"26":0.026037,"27":0.008679,"28":0.034716,"29":0.017358,"30":0.017358,"31":0.043395,"32":0.034716,"33":0.052074,"34":0.043395,"35":0.095469,"36":0.08679,"37":0.026037,"38":0.112827,"39":0.026037,"40":0.026037,"41":0.034716,"42":0.043395,"43":0.208296,"44":0.060753,"45":0.26037,"46":0.182259,"47":0.668283,"48":0.295086,"49":4.651944,"50":2.872749,"51":0.043395,"52":null,"53":null},"chrome":{"4":0.130185,"5":0.095469,"6":0.08679,"7":0.069432,"8":0.060753,"9":0.043395,"10":0.043395,"11":0.08679,"12":0.08679,"13":0.08679,"14":0.08679,"15":0.095469,"16":0.095469,"17":0.130185,"18":0.199617,"19":0.104148,"20":0.104148,"21":0.164901,"22":0.164901,"23":0.147543,"24":0.147543,"25":0.104148,"26":0.104148,"27":0.121506,"28":0.060753,"29":0.034716,"30":0.034716,"31":0.069432,"32":0.043395,"33":0.043395,"34":0.043395,"35":0.078111,"36":0.034716,"37":0.052074,"38":0.069432,"39":0.164901,"40":0.182259,"41":0.147543,"42":0.08679,"43":0.407913,"44":0.043395,"45":0.08679,"46":0.069432,"47":0.095469,"48":0.216975,"49":2.829354,"50":0.251691,"51":1.032801,"52":0.477345,"53":0.937332,"54":34.499025,"55":0.121506,"56":0.26037,"57":0.008679},"opera":{"9":null,"9.5-9.6":0.008679,"10.0-10.1":0.095469,"10.5":0.112827,"10.6":0.303765,"11":0.08679,"11.1":0.104148,"11.5":0.182259,"11.6":0.729036,"12":0.746394,"12.1":3.610464,"15":0.026037,"16":0.017358,"17":0.017358,"18":0.043395,"19":0.017358,"20":0.060753,"21":0.026037,"22":0.017358,"23":0.017358,"24":0.026037,"25":0.060753,"26":0.034716,"27":0.234333,"28":0.034716,"29":0.026037,"30":0.034716,"31":0.026037,"32":0.026037,"33":0.026037,"34":0.034716,"35":0.043395,"36":0.676962,"37":0.138864,"38":0.199617,"39":0.078111,"40":0.156222,"41":5.311548,"42":0.034716,"43":null},"safari":{"3.1":0.052074,"3.2":0.026037,"4":0.303765,"5":0.477345,"5.1":0.286407,"6":0.08679,"6.1":0.026037,"7":0.043395,"7.1":0.017358,"8":0.078111,"9":0.060753,"9.1":0.295086,"10":0.998085,"0":null},"ios_saf":{"3.2":0,"4.0-4.1":0,"4.2-4.3":0,"5.0-5.1":0,"6.0-6.1":0,"7.0-7.1":0.0505507029053,"8":0,"8.1-8.4":0.0652946579194,"9.0-9.2":0.0503166718734,"9.3":0.329515693013,"10-10.1":1.75172227429},"android":{"2.1":0,"2.2":0,"2.3":0.00234701093102,"3":0,"4":0.0203407614022,"4.1":0.0645428006031,"4.2-4.3":0.184240358085,"4.4":0.434197022239,"4.4.3-4.4.4":0.33210204674,"53":null},"op_mob":{"10":0,"11":0,"11.1":0,"11.5":0,"12":0,"12.1":0.00308960313164,"0":0.111225712739},"ie":{"5.5":null,"6":0.018496976378,"7":0.0277454645669,"8":1.02658218898,"9":0.416181968504,"10":0.62889719685,"11":1.40577020472},"edge":{"12":0.034716,"13":0.138864,"14":0.503382},"bb":{"7":0.005288,"10":null},"ie_mob":{"10":0.036762176,"11":0.172113824},"and_ff":{"0":0.01322},"samsung":{"0":0.577714},"and_uc":{"0":0.559206},"op_mini":{"0":1.49852468413},"and_chr":{"0":7.139532}},"total":91.955475}