{"id":"UG","name":"Uganda","month":"2016-11","access_date":"2016-12-03","data":{"firefox":{"2":null,"3":0.028017,"3.5":0.007641,"3.6":0.033111,"4":0.02547,"5":0.010188,"6":0.005094,"7":0.012735,"8":0.02547,"9":0.015282,"10":0.022923,"11":0.030564,"12":0.038205,"13":0.033111,"14":0.028017,"15":0.02547,"16":0.028017,"17":0.038205,"18":0.040752,"19":0.02547,"20":0.045846,"21":0.035658,"22":0.02547,"23":0.07641,"24":0.048393,"25":0.030564,"26":0.015282,"27":0.017829,"28":0.030564,"29":0.056034,"30":0.061128,"31":0.066222,"32":0.033111,"33":0.035658,"34":0.040752,"35":0.058581,"36":0.043299,"37":0.07641,"38":0.099333,"39":0.12735,"40":0.351486,"41":0.099333,"42":0.073863,"43":0.601092,"44":0.427896,"45":0.219042,"46":0.140085,"47":0.84051,"48":0.425349,"49":3.92238,"50":2.279565,"51":0.310734,"52":0.007641,"53":null},"chrome":{"4":null,"5":0.005094,"6":null,"7":null,"8":null,"9":null,"10":null,"11":0.035658,"12":null,"13":null,"14":null,"15":null,"16":0.002547,"17":null,"18":0.010188,"19":0.005094,"20":0.002547,"21":null,"22":0.005094,"23":0.010188,"24":0.012735,"25":0.010188,"26":0.015282,"27":null,"28":0.010188,"29":0.005094,"30":0.005094,"31":0.040752,"32":0.002547,"33":0.096786,"34":0.005094,"35":0.005094,"36":0.002547,"37":0.002547,"38":0.012735,"39":0.010188,"40":0.012735,"41":0.005094,"42":0.012735,"43":0.068769,"44":0.007641,"45":0.02547,"46":0.007641,"47":0.028017,"48":0.015282,"49":0.374409,"50":0.045846,"51":0.094239,"52":0.089145,"53":0.338751,"54":8.573202,"55":0.05094,"56":0.043299,"57":null},"opera":{"9":0.012735,"9.5-9.6":null,"10.0-10.1":0,"10.5":null,"10.6":null,"11":0.007641,"11.1":null,"11.5":0.002547,"11.6":0.010188,"12":null,"12.1":0.010188,"15":null,"16":0.002547,"17":null,"18":0.005094,"19":null,"20":null,"21":null,"22":null,"23":null,"24":null,"25":null,"26":null,"27":null,"28":null,"29":0.012735,"30":null,"31":null,"32":null,"33":0.007641,"34":0.007641,"35":0.012735,"36":0.02547,"37":0.132444,"38":0.007641,"39":0.012735,"40":0.02547,"41":0.351486,"42":0.005094,"43":null},"safari":{"3.1":null,"3.2":null,"4":0,"5":0.005094,"5.1":0.017829,"6":0.005094,"6.1":0.010188,"7":0.030564,"7.1":null,"8":0.038205,"9":0.091692,"9.1":0.112068,"10":0.137538,"0":null},"ios_saf":{"3.2":0,"4.0-4.1":0,"4.2-4.3":0,"5.0-5.1":0,"6.0-6.1":0,"7.0-7.1":0.0194462530459,"8":0,"8.1-8.4":0.025118076851,"9.0-9.2":0.0193562240966,"9.3":0.126760760596,"10-10.1":0.673866685411},"android":{"2.1":0,"2.2":0,"2.3":0.00854580701093,"3":0,"4":0.0740636607614,"4.1":0.235009692801,"4.2-4.3":0.670845850358,"4.4":1.58097429702,"4.4.3-4.4.4":1.20923169205,"53":null},"op_mob":{"10":0,"11":0,"11.1":0,"11.5":0,"12":0,"12.1":0.107150259859,"0":3.85740935493},"ie":{"5.5":null,"6":0.0077259,"7":null,"8":0.2008734,"9":0.0746837,"10":0.1004367,"11":0.7751653},"edge":{"12":0.124803,"13":0.104427,"14":0.119709},"bb":{"7":0.0409915,"10":null},"ie_mob":{"10":0.187577104,"11":0.878201896},"and_ff":{"0":0.014906},"samsung":{"0":0.842189},"and_uc":{"0":3.897919},"op_mini":{"0":51.9702053852},"and_chr":{"0":8.096124}},"total":98.4471285}