{"id":"US","name":"United States of America","month":"2016-11","access_date":"2016-12-03","data":{"firefox":{"2":null,"3":0.016623,"3.5":null,"3.6":0.016623,"4":null,"5":null,"6":null,"7":null,"8":null,"9":null,"10":null,"11":0.016623,"12":0.005541,"13":null,"14":null,"15":null,"16":0.011082,"17":null,"18":null,"19":null,"20":null,"21":0.011082,"22":null,"23":null,"24":0.011082,"25":0.005541,"26":null,"27":0.011082,"28":0.011082,"29":0.011082,"30":0.005541,"31":0.033246,"32":null,"33":0.016623,"34":0.011082,"35":0.022164,"36":0.027705,"37":0.022164,"38":0.083115,"39":0.05541,"40":0.05541,"41":0.066492,"42":0.05541,"43":0.116361,"44":0.044328,"45":0.249345,"46":0.116361,"47":0.354624,"48":0.365706,"49":3.512994,"50":1.778661,"51":0.016623,"52":null,"53":null},"chrome":{"4":null,"5":null,"6":null,"7":null,"8":null,"9":null,"10":0.005541,"11":0.016623,"12":null,"13":null,"14":null,"15":null,"16":null,"17":null,"18":0.016623,"19":null,"20":null,"21":0.011082,"22":0.005541,"23":0.011082,"24":null,"25":0.005541,"26":null,"27":0.011082,"28":null,"29":0.016623,"30":null,"31":0.027705,"32":0.022164,"33":0.016623,"34":0.033246,"35":0.016623,"36":0.022164,"37":0.038787,"38":0.038787,"39":0.044328,"40":0.05541,"41":0.116361,"42":0.05541,"43":0.260427,"44":0.171771,"45":0.094197,"46":0.066492,"47":0.066492,"48":0.193935,"49":1.130364,"50":0.199476,"51":0.72033,"52":0.648297,"53":2.210859,"54":23.117052,"55":0.099738,"56":0.05541,"57":0.016623},"opera":{"9":null,"9.5-9.6":null,"10.0-10.1":0,"10.5":null,"10.6":null,"11":null,"11.1":null,"11.5":null,"11.6":null,"12":null,"12.1":0.022164,"15":null,"16":null,"17":null,"18":null,"19":null,"20":null,"21":null,"22":null,"23":null,"24":null,"25":null,"26":null,"27":null,"28":0.011082,"29":null,"30":null,"31":null,"32":null,"33":null,"34":null,"35":null,"36":0.011082,"37":0.011082,"38":0.060951,"39":null,"40":0.011082,"41":0.16623,"42":null,"43":null},"safari":{"3.1":null,"3.2":null,"4":0.022164,"5":0.049869,"5.1":0.138525,"6":0.016623,"6.1":0.105279,"7":0.05541,"7.1":0.022164,"8":0.238263,"9":0.288132,"9.1":1.523775,"10":2.82591,"0":null},"ios_saf":{"3.2":0,"4.0-4.1":0,"4.2-4.3":0,"5.0-5.1":0,"6.0-6.1":0,"7.0-7.1":0.51973468791,"8":0,"8.1-8.4":0.671323971884,"9.0-9.2":0.517328508799,"9.3":3.38790018786,"10-10.1":18.0102506435},"android":{"2.1":0,"2.2":0,"2.3":0.00171435356201,"3":0,"4":0.0148577308707,"4.1":0.0471447229551,"4.2-4.3":0.134576754617,"4.4":0.317155408971,"4.4.3-4.4.4":0.242581029024,"53":null},"op_mob":{"10":0,"11":0,"11.1":0,"11.5":0,"12":0,"12.1":0.000264795485779,"0":0.00953263748803},"ie":{"5.5":null,"6":0.0336051735314,"7":0.0448068980419,"8":0.324850010804,"9":0.347253459824,"10":0.36405604659,"11":7.1691036867},"edge":{"12":0.066492,"13":0.338001,"14":2.648598},"bb":{"7":0.013377,"10":null},"ie_mob":{"10":0.0392392,"11":0.1837108},"and_ff":{"0":0.062426},"samsung":{"0":3.041038},"and_uc":{"0":0.387933},"op_mini":{"0":0.128431567026},"and_chr":{"0":17.42781}},"total":98.8505012755}