{"id":"UY","name":"Uruguay","month":"2016-11","access_date":"2016-12-03","data":{"firefox":{"2":null,"3":0.026288,"3.5":null,"3.6":0.072292,"4":null,"5":null,"6":null,"7":null,"8":null,"9":null,"10":null,"11":null,"12":0.026288,"13":null,"14":null,"15":null,"16":0.026288,"17":0.151156,"18":null,"19":null,"20":0.046004,"21":null,"22":null,"23":null,"24":0.006572,"25":0.637484,"26":0.006572,"27":0.269452,"28":0.019716,"29":0.013144,"30":0.013144,"31":0.006572,"32":0.013144,"33":0.768924,"34":0.013144,"35":0.092008,"36":0.006572,"37":0.03286,"38":0.216876,"39":0.03286,"40":0.085436,"41":0.019716,"42":0.039432,"43":0.374604,"44":0.03286,"45":0.19716,"46":0.06572,"47":0.36146,"48":0.216876,"49":3.404296,"50":1.859876,"51":0.019716,"52":null,"53":null},"chrome":{"4":null,"5":0.006572,"6":null,"7":null,"8":null,"9":null,"10":null,"11":0.019716,"12":null,"13":null,"14":null,"15":null,"16":null,"17":null,"18":0.03286,"19":null,"20":null,"21":null,"22":0.019716,"23":null,"24":null,"25":0.006572,"26":0.03286,"27":0.03286,"28":null,"29":0.006572,"30":null,"31":0.019716,"32":0.013144,"33":null,"34":0.03286,"35":0.026288,"36":0.026288,"37":0.026288,"38":0.046004,"39":0.105152,"40":0.03286,"41":0.019716,"42":0.06572,"43":0.138012,"44":0.078864,"45":0.059148,"46":1.169816,"47":0.092008,"48":3.345148,"49":2.977116,"50":0.354888,"51":0.506044,"52":0.308884,"53":0.867504,"54":36.816344,"55":0.118296,"56":0.078864,"57":0.013144},"opera":{"9":null,"9.5-9.6":null,"10.0-10.1":0,"10.5":null,"10.6":null,"11":null,"11.1":null,"11.5":null,"11.6":null,"12":null,"12.1":0.013144,"15":null,"16":null,"17":null,"18":null,"19":null,"20":null,"21":null,"22":null,"23":null,"24":null,"25":null,"26":null,"27":null,"28":null,"29":null,"30":null,"31":null,"32":null,"33":null,"34":null,"35":null,"36":0.046004,"37":0.039432,"38":0.059148,"39":null,"40":0.013144,"41":0.42718,"42":null,"43":null},"safari":{"3.1":null,"3.2":null,"4":0.006572,"5":0.006572,"5.1":0.013144,"6":null,"6.1":0.019716,"7":0.006572,"7.1":null,"8":0.078864,"9":0.09858,"9.1":0.308884,"10":0.729492,"0":null},"ios_saf":{"3.2":0,"4.0-4.1":0,"4.2-4.3":0,"5.0-5.1":0,"6.0-6.1":0,"7.0-7.1":0.0682586316776,"8":0,"8.1-8.4":0.0881673992502,"9.0-9.2":0.0679426194939,"9.3":0.444945154639,"10-10.1":2.36535119494},"android":{"2.1":0,"2.2":0,"2.3":0.00454442668677,"3":0,"4":0.0393850312853,"4.1":0.124971733886,"4.2-4.3":0.356737494911,"4.4":0.840718937052,"4.4.3-4.4.4":0.643036376178,"53":null},"op_mob":{"10":0,"11":0,"11.1":0,"11.5":0,"12":0,"12.1":0.00172099729313,"0":0.0619559025528},"ie":{"5.5":null,"6":0.00688726199262,"7":null,"8":0.303039527675,"9":0.151519763838,"10":0.110196191882,"11":1.29480525461},"edge":{"12":0.046004,"13":0.170872,"14":0.552048},"bb":{"7":0.0188595,"10":null},"ie_mob":{"10":0.373568976,"11":1.748982024},"and_ff":{"0":0.061722},"samsung":{"0":1.933956},"and_uc":{"0":0.133731},"op_mini":{"0":0.834721100154},"and_chr":{"0":26.039456}},"total":97.4249085}