{"id":"UZ","name":"Uzbekistan","month":"2016-11","access_date":"2016-12-03","data":{"firefox":{"2":0.053163,"3":0.125658,"3.5":0.256149,"3.6":0.845775,"4":0.038664,"5":0.028998,"6":0.033831,"7":null,"8":null,"9":0.028998,"10":0.04833,"11":0.043497,"12":0.014499,"13":0.053163,"14":0.009666,"15":0.043497,"16":0.014499,"17":0.033831,"18":0.024165,"19":0.067662,"20":0.014499,"21":0.024165,"22":0.043497,"23":0.028998,"24":0.04833,"25":0.038664,"26":0.038664,"27":0.009666,"28":0.009666,"29":0.014499,"30":0.04833,"31":0.009666,"32":0.033831,"33":0.038664,"34":0.014499,"35":0.04833,"36":0.062829,"37":0.024165,"38":0.067662,"39":0.057996,"40":0.09666,"41":0.019332,"42":0.043497,"43":0.246483,"44":0.028998,"45":0.057996,"46":0.077328,"47":0.299646,"48":0.169155,"49":2.218347,"50":1.043928,"51":0.009666,"52":null,"53":null},"chrome":{"4":0.038664,"5":0.067662,"6":0.053163,"7":0.04833,"8":0.024165,"9":0.019332,"10":0.04833,"11":0.067662,"12":0.149823,"13":0.028998,"14":0.072495,"15":0.053163,"16":0.299646,"17":0.101493,"18":0.19332,"19":0.067662,"20":0.072495,"21":0.14499,"22":0.154656,"23":0.111159,"24":0.091827,"25":0.057996,"26":0.077328,"27":0.091827,"28":0.043497,"29":0.028998,"30":0.009666,"31":0.111159,"32":0.038664,"33":0.053163,"34":0.014499,"35":0.130491,"36":0.014499,"37":0.033831,"38":0.033831,"39":0.207819,"40":0.154656,"41":0.053163,"42":0.086994,"43":0.067662,"44":0.028998,"45":0.140157,"46":0.04833,"47":0.082161,"48":0.086994,"49":2.155518,"50":0.053163,"51":0.275481,"52":0.246483,"53":0.594459,"54":21.598677,"55":0.024165,"56":0.086994,"57":null},"opera":{"9":null,"9.5-9.6":0.024165,"10.0-10.1":0.072495,"10.5":0.04833,"10.6":0.125658,"11":0.053163,"11.1":0.04833,"11.5":0.067662,"11.6":0.236817,"12":0.280314,"12.1":1.217916,"15":0.033831,"16":0.004833,"17":0.004833,"18":0.033831,"19":0.014499,"20":0.038664,"21":0.009666,"22":0.004833,"23":0.019332,"24":0.028998,"25":0.04833,"26":0.009666,"27":0.285147,"28":0.04833,"29":0.009666,"30":0.014499,"31":0.009666,"32":0.014499,"33":0.009666,"34":0.014499,"35":0.014499,"36":0.405972,"37":0.043497,"38":0.038664,"39":0.091827,"40":0.062829,"41":1.720548,"42":0.038664,"43":null},"safari":{"3.1":0.038664,"3.2":0.009666,"4":0.09666,"5":0.212652,"5.1":0.062829,"6":0.028998,"6.1":0.009666,"7":0.009666,"7.1":0.004833,"8":0.062829,"9":0.014499,"9.1":0.130491,"10":0.227151,"0":null},"ios_saf":{"3.2":0,"4.0-4.1":0,"4.2-4.3":0,"5.0-5.1":0,"6.0-6.1":0,"7.0-7.1":0.101112427366,"8":0,"8.1-8.4":0.130603552015,"9.0-9.2":0.100644314277,"9.3":0.659103230241,"10-10.1":3.5038264761},"android":{"2.1":0,"2.2":0,"2.3":0.0121998070109,"3":0,"4":0.105731660761,"4.1":0.335494692801,"4.2-4.3":0.957684850358,"4.4":2.25696429702,"4.4.3-4.4.4":1.72627269205,"53":null},"op_mob":{"10":0,"11":0,"11.1":0,"11.5":0,"12":0,"12.1":0.0126497145713,"0":0.455389724566},"ie":{"5.5":null,"6":0.0196620585366,"7":0.00983102926829,"8":0.884792634146,"9":0.162211982927,"10":0.290015363415,"11":0.648847931707},"edge":{"12":0.024165,"13":0.067662,"14":0.062829},"bb":{"7":0.0077505,"10":null},"ie_mob":{"10":0.050925952,"11":0.238426048},"and_ff":{"0":0.025835},"samsung":{"0":3.508393},"and_uc":{"0":16.622239},"op_mini":{"0":6.13538656086},"and_chr":{"0":12.681742}},"total":93.3476935}