{"id":"VA","name":"Holy See (Vatican City State)","month":"2016-11","access_date":"2016-12-03","data":{"firefox":{"2":null,"3":null,"3.5":null,"3.6":null,"4":null,"5":null,"6":null,"7":null,"8":null,"9":null,"10":null,"11":0.008595,"12":null,"13":null,"14":null,"15":0.08595,"16":null,"17":null,"18":null,"19":null,"20":null,"21":null,"22":null,"23":null,"24":null,"25":null,"26":null,"27":null,"28":null,"29":null,"30":1.06578,"31":null,"32":null,"33":null,"34":null,"35":0.335205,"36":0.32661,"37":null,"38":0.01719,"39":0.05157,"40":null,"41":null,"42":0.10314,"43":0.025785,"44":null,"45":null,"46":0.20628,"47":0.128925,"48":0.39537,"49":10.821105,"50":5.921955,"51":0.008595,"52":null,"53":null},"chrome":{"4":null,"5":null,"6":null,"7":null,"8":null,"9":null,"10":null,"11":null,"12":null,"13":null,"14":null,"15":null,"16":null,"17":null,"18":0.025785,"19":null,"20":null,"21":0.01719,"22":0.06876,"23":null,"24":null,"25":null,"26":null,"27":null,"28":null,"29":null,"30":0.01719,"31":null,"32":null,"33":null,"34":null,"35":null,"36":null,"37":0.077355,"38":null,"39":null,"40":0.025785,"41":0.025785,"42":null,"43":0.094545,"44":0.008595,"45":null,"46":null,"47":null,"48":null,"49":3.42081,"50":0.146115,"51":0.060165,"52":0.094545,"53":0.63603,"54":32.81571,"55":0.077355,"56":0.008595,"57":null},"opera":{"9":null,"9.5-9.6":null,"10.0-10.1":0,"10.5":null,"10.6":null,"11":null,"11.1":null,"11.5":null,"11.6":null,"12":null,"12.1":null,"15":null,"16":null,"17":null,"18":null,"19":null,"20":null,"21":null,"22":null,"23":null,"24":null,"25":null,"26":null,"27":null,"28":0.008595,"29":null,"30":null,"31":null,"32":null,"33":null,"34":null,"35":null,"36":null,"37":null,"38":null,"39":null,"40":null,"41":0.094545,"42":null,"43":null},"safari":{"3.1":null,"3.2":null,"4":0,"5":0.06876,"5.1":0.13752,"6":0.008595,"6.1":0.05157,"7":0.060165,"7.1":0.008595,"8":0.094545,"9":0.060165,"9.1":0.524295,"10":2.312055,"0":null},"ios_saf":{"3.2":0,"4.0-4.1":0,"4.2-4.3":0,"5.0-5.1":0,"6.0-6.1":0,"7.0-7.1":0.0694131283974,"8":0,"8.1-8.4":0.0896586241799,"9.0-9.2":0.0690917713215,"9.3":0.452470762887,"10-10.1":2.40535771321},"android":{"2.1":0,"2.2":0,"2.3":0.00109546928006,"3":0,"4":0.00949406709386,"4.1":0.0301254052017,"4.2-4.3":0.0859943384847,"4.4":0.202661816811,"4.4.3-4.4.4":0.155008903129,"53":null},"op_mob":{"10":0,"11":0,"11.1":0,"11.5":0,"12":0,"12.1":0.000121029442385,"0":0.00435705992587},"ie":{"5.5":null,"6":null,"7":null,"8":0.352395,"9":0.49851,"10":0.403965,"11":20.774115},"edge":{"12":0.111735,"13":0.24066,"14":1.933875},"bb":{"7":0.002106,"10":null},"ie_mob":{"10":0.015567552,"11":0.072884448},"and_ff":{"0":0.046332},"samsung":{"0":0.732888},"and_uc":{"0":0.004212},"op_mini":{"0":0.0587019106317},"and_chr":{"0":9.505179}},"total":98.879751}