{"id":"VC","name":"Saint Vincent and the Grenadines","month":"2016-11","access_date":"2016-12-03","data":{"firefox":{"2":null,"3":null,"3.5":null,"3.6":null,"4":null,"5":null,"6":null,"7":null,"8":null,"9":null,"10":null,"11":0.013062,"12":null,"13":null,"14":null,"15":null,"16":0.084903,"17":null,"18":null,"19":null,"20":null,"21":null,"22":null,"23":null,"24":null,"25":null,"26":0.013062,"27":null,"28":null,"29":null,"30":null,"31":0.026124,"32":null,"33":null,"34":null,"35":0.013062,"36":0.013062,"37":0.032655,"38":0.039186,"39":0.06531,"40":null,"41":null,"42":null,"43":0.111027,"44":0.013062,"45":0.052248,"46":0.182868,"47":0.594321,"48":0.437577,"49":3.415713,"50":2.860578,"51":0.208992,"52":null,"53":0.006531},"chrome":{"4":null,"5":null,"6":null,"7":null,"8":null,"9":null,"10":null,"11":0.013062,"12":null,"13":null,"14":0.013062,"15":null,"16":null,"17":null,"18":0.013062,"19":null,"20":null,"21":null,"22":0.071841,"23":null,"24":null,"25":null,"26":null,"27":0.006531,"28":null,"29":0.013062,"30":null,"31":null,"32":0.058779,"33":0.006531,"34":0.013062,"35":0.013062,"36":0.013062,"37":0.013062,"38":0.032655,"39":0.026124,"40":0.026124,"41":0.013062,"42":0.013062,"43":0.293895,"44":0.026124,"45":0.026124,"46":0.026124,"47":0.058779,"48":0.143682,"49":1.286607,"50":0.306957,"51":0.920871,"52":0.646569,"53":0.868623,"54":35.561295,"55":0.084903,"56":0.215523,"57":0.013062},"opera":{"9":null,"9.5-9.6":null,"10.0-10.1":0,"10.5":null,"10.6":null,"11":null,"11.1":null,"11.5":null,"11.6":null,"12":null,"12.1":0.019593,"15":null,"16":null,"17":null,"18":null,"19":null,"20":null,"21":null,"22":null,"23":null,"24":null,"25":null,"26":null,"27":null,"28":0.013062,"29":0.026124,"30":null,"31":null,"32":null,"33":0.013062,"34":null,"35":null,"36":0.013062,"37":0.267771,"38":0.091434,"39":0.013062,"40":0.013062,"41":0.881685,"42":null,"43":null},"safari":{"3.1":null,"3.2":null,"4":0.039186,"5":0.026124,"5.1":0.124089,"6":null,"6.1":0.039186,"7":null,"7.1":0.019593,"8":0.052248,"9":0.071841,"9.1":0.346143,"10":0.986181,"0":null},"ios_saf":{"3.2":0,"4.0-4.1":0,"4.2-4.3":0,"5.0-5.1":0,"6.0-6.1":0,"7.0-7.1":0.109395418932,"8":0,"8.1-8.4":0.14130241612,"9.0-9.2":0.108888958659,"9.3":0.713096064147,"10-10.1":3.79085514214},"android":{"2.1":0,"2.2":0,"2.3":0.0101049498681,"3":0,"4":0.08757623219,"4.1":0.277886121372,"4.2-4.3":0.793238564644,"4.4":1.86941572559,"4.4.3-4.4.4":1.42985040633,"53":null},"op_mob":{"10":0,"11":0,"11.1":0,"11.5":0,"12":0,"12.1":0.0015018416691,"0":0.0540663000875},"ie":{"5.5":null,"6":null,"7":null,"8":0.156744,"9":0.19593,"10":0.254709,"11":3.637767},"edge":{"12":0.163275,"13":0.685755,"14":2.436063},"bb":{"7":0.13615825,"10":null},"ie_mob":{"10":0.105624112,"11":0.494512888},"and_ff":{"0":0.024283},"samsung":{"0":2.553184},"and_uc":{"0":0.891533},"op_mini":{"0":0.728425858243},"and_chr":{"0":24.30093}},"total":98.23026625}