{"id":"VE","name":"Venezuela","month":"2016-11","access_date":"2016-12-03","data":{"firefox":{"2":0.07644,"3":0.053508,"3.5":0.015288,"3.6":0.244608,"4":0.007644,"5":null,"6":null,"7":null,"8":0.504504,"9":null,"10":null,"11":0.015288,"12":0.022932,"13":0.015288,"14":0.015288,"15":null,"16":0.015288,"17":null,"18":null,"19":null,"20":0.015288,"21":0.015288,"22":0.007644,"23":0.068796,"24":0.015288,"25":0.015288,"26":0.068796,"27":0.397488,"28":0.015288,"29":0.045864,"30":0.03822,"31":0.03822,"32":0.022932,"33":0.030576,"34":0.030576,"35":0.03822,"36":0.03822,"37":0.045864,"38":0.084084,"39":0.068796,"40":0.107016,"41":0.061152,"42":0.053508,"43":0.298116,"44":0.07644,"45":0.26754,"46":0.107016,"47":0.64974,"48":0.405132,"49":5.12148,"50":3.080532,"51":0.045864,"52":null,"53":null},"chrome":{"4":null,"5":null,"6":0.068796,"7":null,"8":null,"9":null,"10":null,"11":0.045864,"12":0.015288,"13":0.015288,"14":null,"15":null,"16":null,"17":null,"18":0.022932,"19":null,"20":0.03822,"21":0.015288,"22":0.015288,"23":0.007644,"24":0.030576,"25":0.022932,"26":0.022932,"27":0.03822,"28":0.007644,"29":0.022932,"30":0.030576,"31":0.030576,"32":0.022932,"33":0.022932,"34":0.030576,"35":0.030576,"36":0.053508,"37":0.084084,"38":0.061152,"39":0.07644,"40":0.068796,"41":0.122304,"42":0.045864,"43":0.1911,"44":0.107016,"45":0.099372,"46":0.1911,"47":0.175812,"48":0.160524,"49":6.130488,"50":0.221676,"51":1.093092,"52":0.64974,"53":1.253616,"54":43.769544,"55":0.160524,"56":0.03822,"57":null},"opera":{"9":null,"9.5-9.6":null,"10.0-10.1":0,"10.5":null,"10.6":null,"11":null,"11.1":null,"11.5":null,"11.6":null,"12":null,"12.1":0.007644,"15":null,"16":null,"17":null,"18":null,"19":null,"20":null,"21":null,"22":null,"23":null,"24":null,"25":null,"26":null,"27":null,"28":null,"29":0.007644,"30":null,"31":null,"32":null,"33":0.015288,"34":null,"35":null,"36":0.061152,"37":0.045864,"38":0.07644,"39":0.015288,"40":0.015288,"41":0.565656,"42":null,"43":null},"safari":{"3.1":null,"3.2":null,"4":0.015288,"5":0.022932,"5.1":0.03822,"6":null,"6.1":0.022932,"7":0.007644,"7.1":0.007644,"8":0.061152,"9":0.03822,"9.1":0.206388,"10":0.366912,"0":null},"ios_saf":{"3.2":0,"4.0-4.1":0,"4.2-4.3":0,"5.0-5.1":0,"6.0-6.1":0,"7.0-7.1":0.0383305192127,"8":0,"8.1-8.4":0.0495102539831,"9.0-9.2":0.0381530631053,"9.3":0.249858199313,"10-10.1":1.32825896439},"android":{"2.1":0,"2.2":0,"2.3":0.0123242759141,"3":0,"4":0.106810391255,"4.1":0.338917587637,"4.2-4.3":0.967455659254,"4.4":2.2799910441,"4.4.3-4.4.4":1.74388504184,"53":null},"op_mob":{"10":0,"11":0,"11.1":0,"11.5":0,"12":0,"12.1":0.00468671286387,"0":0.168721663099},"ie":{"5.5":null,"6":0.016108045977,"7":0.032216091954,"8":0.459079310345,"9":0.136918390805,"10":0.120810344828,"11":1.33696781609},"edge":{"12":0.061152,"13":0.137592,"14":0.366912},"bb":{"7":0.33292625,"10":null},"ie_mob":{"10":0.111174976,"11":0.520501024},"and_ff":{"0":0.075424},"samsung":{"0":0.685887},"and_uc":{"0":0.341765},"op_mini":{"0":2.27315762404},"and_chr":{"0":14.030504}},"total":97.63592725}