{"id":"VG","name":"British Virgin Islands","month":"2016-11","access_date":"2016-12-03","data":{"firefox":{"2":null,"3":0.026132,"3.5":null,"3.6":null,"4":null,"5":null,"6":null,"7":null,"8":null,"9":null,"10":null,"11":0.006533,"12":0.013066,"13":null,"14":null,"15":null,"16":null,"17":null,"18":null,"19":null,"20":null,"21":0.019599,"22":null,"23":0.013066,"24":null,"25":null,"26":null,"27":null,"28":null,"29":null,"30":null,"31":null,"32":0.143726,"33":null,"34":null,"35":null,"36":null,"37":0.013066,"38":0.006533,"39":null,"40":0.039198,"41":0.026132,"42":0.039198,"43":0.026132,"44":0.032665,"45":0.026132,"46":0.078396,"47":0.293985,"48":0.418112,"49":2.162423,"50":1.933768,"51":0.06533,"52":null,"53":null},"chrome":{"4":null,"5":null,"6":null,"7":null,"8":null,"9":null,"10":null,"11":null,"12":0.013066,"13":null,"14":null,"15":null,"16":null,"17":null,"18":0.032665,"19":null,"20":0.013066,"21":null,"22":0.078396,"23":null,"24":null,"25":0.013066,"26":null,"27":null,"28":null,"29":0.006533,"30":null,"31":0.032665,"32":0.013066,"33":0.006533,"34":null,"35":0.032665,"36":0.026132,"37":null,"38":0.013066,"39":null,"40":0.013066,"41":0.045731,"42":0.039198,"43":0.248254,"44":0.019599,"45":null,"46":0.013066,"47":0.124127,"48":0.006533,"49":2.057895,"50":0.078396,"51":0.601036,"52":0.150259,"53":2.469474,"54":29.868876,"55":0.006533,"56":0.13066,"57":null},"opera":{"9":null,"9.5-9.6":null,"10.0-10.1":0,"10.5":null,"10.6":null,"11":null,"11.1":null,"11.5":null,"11.6":null,"12":null,"12.1":null,"15":null,"16":null,"17":null,"18":null,"19":null,"20":null,"21":null,"22":null,"23":null,"24":null,"25":null,"26":null,"27":null,"28":null,"29":0.13066,"30":null,"31":null,"32":null,"33":null,"34":null,"35":null,"36":null,"37":0.071863,"38":0.019599,"39":0.104528,"40":null,"41":0.182924,"42":null,"43":null},"safari":{"3.1":null,"3.2":null,"4":0.013066,"5":null,"5.1":0.091462,"6":null,"6.1":0.052264,"7":0.026132,"7.1":0.013066,"8":0.13066,"9":0.254787,"9.1":1.790042,"10":2.815723,"0":null},"ios_saf":{"3.2":0,"4.0-4.1":0,"4.2-4.3":0,"5.0-5.1":0,"6.0-6.1":0,"7.0-7.1":0.29844143955,"8":0,"8.1-8.4":0.385486859419,"9.0-9.2":0.297059766219,"9.3":1.9453960504,"10-10.1":10.3418248844},"android":{"2.1":0,"2.2":0,"2.3":0.00362251187335,"3":0,"4":0.0313951029024,"4.1":0.0996190765172,"4.2-4.3":0.284367182058,"4.4":0.67016469657,"4.4.3-4.4.4":0.512585430079,"53":null},"op_mob":{"10":0,"11":0,"11.1":0,"11.5":0,"12":0,"12.1":0.000351998750677,"0":0.0126719550244},"ie":{"5.5":null,"6":null,"7":0.0467148036086,"8":0.613965990285,"9":0.52720992644,"10":0.180185671062,"11":8.24849960861},"edge":{"12":0.398513,"13":1.019148,"14":3.567018},"bb":{"7":0.03206975,"10":null},"ie_mob":{"10":0.050035744,"11":0.234258256},"and_ff":{"0":0.038137},"samsung":{"0":4.070258},"and_uc":{"0":0.176817},"op_mini":{"0":0.170727046225},"and_chr":{"0":16.945168}},"total":98.43530275}