{"id":"VI","name":"Virgin Islands (US)","month":"2016-11","access_date":"2016-12-03","data":{"firefox":{"2":null,"3":null,"3.5":null,"3.6":null,"4":null,"5":null,"6":null,"7":null,"8":null,"9":null,"10":0.02246,"11":0.01123,"12":0.005615,"13":null,"14":null,"15":null,"16":0.005615,"17":null,"18":null,"19":null,"20":null,"21":0.04492,"22":null,"23":0.01123,"24":null,"25":0.01123,"26":null,"27":null,"28":0.005615,"29":null,"30":null,"31":0.01123,"32":0.02246,"33":0.005615,"34":null,"35":null,"36":null,"37":0.039305,"38":0.06738,"39":null,"40":0.01123,"41":0.03369,"42":0.01123,"43":0.05615,"44":0.01123,"45":0.04492,"46":0.005615,"47":0.21337,"48":0.207755,"49":4.06526,"50":2.1337,"51":0.016845,"52":null,"53":null},"chrome":{"4":null,"5":null,"6":null,"7":null,"8":null,"9":null,"10":null,"11":null,"12":null,"13":null,"14":null,"15":null,"16":null,"17":null,"18":0.016845,"19":null,"20":null,"21":null,"22":0.01123,"23":null,"24":null,"25":null,"26":null,"27":0.016845,"28":0.016845,"29":0.005615,"30":null,"31":0.016845,"32":0.01123,"33":0.005615,"34":0.01123,"35":0.01123,"36":0.016845,"37":0.016845,"38":null,"39":0.10107,"40":0.01123,"41":0.07861,"42":0.016845,"43":0.16845,"44":0.03369,"45":0.01123,"46":0.03369,"47":0.02246,"48":0.15722,"49":1.195995,"50":0.016845,"51":0.286365,"52":0.241445,"53":1.016315,"54":24.32418,"55":0.174065,"56":0.07861,"57":null},"opera":{"9":null,"9.5-9.6":null,"10.0-10.1":0,"10.5":null,"10.6":null,"11":null,"11.1":null,"11.5":null,"11.6":null,"12":0.005615,"12.1":0.01123,"15":null,"16":null,"17":null,"18":null,"19":null,"20":null,"21":null,"22":null,"23":null,"24":null,"25":null,"26":null,"27":null,"28":0.061765,"29":null,"30":null,"31":null,"32":null,"33":null,"34":null,"35":0.005615,"36":null,"37":0.016845,"38":null,"39":null,"40":null,"41":0.05615,"42":null,"43":null},"safari":{"3.1":null,"3.2":null,"4":0,"5":0.01123,"5.1":0.20214,"6":0.005615,"6.1":0.06738,"7":0.028075,"7.1":0.028075,"8":0.218985,"9":0.35936,"9.1":1.274605,"10":1.802415,"0":null},"ios_saf":{"3.2":0,"4.0-4.1":0,"4.2-4.3":0,"5.0-5.1":0,"6.0-6.1":0,"7.0-7.1":0.466338264292,"8":0,"8.1-8.4":0.602353591378,"9.0-9.2":0.464179290847,"9.3":3.03983461168,"10-10.1":16.1599162418},"android":{"2.1":0,"2.2":0,"2.3":0.00277741424802,"3":0,"4":0.0240709234828,"4.1":0.0763788918206,"4.2-4.3":0.21802701847,"4.4":0.513821635884,"4.4.3-4.4.4":0.393004116095,"53":null},"op_mob":{"10":0,"11":0,"11.1":0,"11.5":0,"12":0,"12.1":0.000126029234165,"0":0.00453705242993},"ie":{"5.5":null,"6":null,"7":null,"8":0.095455,"9":0.275135,"10":0.16845,"11":8.60218},"edge":{"12":0.25829,"13":0.578345,"14":4.946815},"bb":{"7":0.0230265,"10":null},"ie_mob":{"10":0.095720064,"11":0.448143936},"and_ff":{"0":0.048246},"samsung":{"0":4.815828},"and_uc":{"0":0.144738},"op_mini":{"0":0.0611269183359},"and_chr":{"0":16.852548}},"total":98.7349475}