{"id":"VN","name":"Viet Nam","month":"2016-11","access_date":"2016-12-03","data":{"firefox":{"2":null,"3":0.048027,"3.5":null,"3.6":0.027444,"4":null,"5":null,"6":null,"7":null,"8":null,"9":null,"10":null,"11":null,"12":0.013722,"13":null,"14":null,"15":null,"16":null,"17":null,"18":null,"19":null,"20":null,"21":0.006861,"22":0.048027,"23":0.006861,"24":null,"25":null,"26":0.006861,"27":null,"28":null,"29":0.006861,"30":0.006861,"31":0.013722,"32":0.006861,"33":0.027444,"34":null,"35":0.013722,"36":0.041166,"37":0.013722,"38":0.198969,"39":0.096054,"40":0.020583,"41":0.027444,"42":0.034305,"43":0.356772,"44":0.041166,"45":0.246996,"46":0.34305,"47":1.550586,"48":0.425382,"49":2.065161,"50":1.283007,"51":0.034305,"52":null,"53":null},"chrome":{"4":null,"5":null,"6":null,"7":null,"8":null,"9":null,"10":0.006861,"11":0.013722,"12":null,"13":null,"14":null,"15":null,"16":null,"17":0.013722,"18":0.006861,"19":0.020583,"20":0.020583,"21":0.013722,"22":0.020583,"23":0.013722,"24":null,"25":null,"26":0.013722,"27":0.006861,"28":0.013722,"29":0.041166,"30":0.006861,"31":0.048027,"32":0.020583,"33":0.013722,"34":0.020583,"35":0.006861,"36":0.006861,"37":0.013722,"38":0.027444,"39":0.102915,"40":0.013722,"41":0.075471,"42":0.027444,"43":0.466548,"44":0.082332,"45":0.075471,"46":0.349911,"47":0.157803,"48":0.253857,"49":2.216103,"50":0.61749,"51":4.027407,"52":0.521436,"53":0.82332,"54":26.62068,"55":0.150942,"56":0.061749,"57":null},"opera":{"9":null,"9.5-9.6":null,"10.0-10.1":0,"10.5":null,"10.6":null,"11":null,"11.1":null,"11.5":null,"11.6":null,"12":0.006861,"12.1":0.034305,"15":null,"16":null,"17":null,"18":null,"19":null,"20":null,"21":null,"22":null,"23":null,"24":null,"25":null,"26":null,"27":null,"28":0.013722,"29":null,"30":null,"31":null,"32":null,"33":null,"34":0.006861,"35":null,"36":null,"37":0.020583,"38":0.658656,"39":0.013722,"40":0.006861,"41":0.192108,"42":null,"43":null},"safari":{"3.1":null,"3.2":null,"4":0.027444,"5":0.013722,"5.1":0.013722,"6":null,"6.1":0.006861,"7":0.041166,"7.1":null,"8":0.089193,"9":0.102915,"9.1":0.397938,"10":0.706683,"0":null},"ios_saf":{"3.2":0,"4.0-4.1":0,"4.2-4.3":0,"5.0-5.1":0,"6.0-6.1":0,"7.0-7.1":0.207438770384,"8":0,"8.1-8.4":0.26794174508,"9.0-9.2":0.206478405707,"9.3":1.35219346621,"10-10.1":7.18832961262},"android":{"2.1":0,"2.2":0,"2.3":0.00545923332077,"3":0,"4":0.0473133554467,"4.1":0.150128916321,"4.2-4.3":0.42854981568,"4.4":1.00995816434,"4.4.3-4.4.4":0.772481514889,"53":null},"op_mob":{"10":0,"11":0,"11.1":0,"11.5":0,"12":0,"12.1":0.00189414525465,"0":0.0681892291675},"ie":{"5.5":null,"6":0.0233361401274,"7":0.0155574267516,"8":0.964560458599,"9":0.29559110828,"10":0.24114011465,"11":0.902330751592},"edge":{"12":0.027444,"13":0.27444,"14":0.34305},"bb":{"7":0.03845275,"10":null},"ie_mob":{"10":0.227615168,"11":1.065652832},"and_ff":{"0":0.040807},"samsung":{"0":0.882059},"and_uc":{"0":1.870844},"op_mini":{"0":0.918701625578},"and_chr":{"0":14.889403}},"total":81.10770175}