{"id":"VU","name":"Vanuatu","month":"2016-11","access_date":"2016-12-03","data":{"firefox":{"2":null,"3":null,"3.5":null,"3.6":null,"4":null,"5":null,"6":0.134178,"7":null,"8":null,"9":null,"10":0.018297,"11":0.018297,"12":0.225663,"13":null,"14":null,"15":null,"16":0.048792,"17":null,"18":0.048792,"19":null,"20":0.012198,"21":0.018297,"22":0.042693,"23":0.024396,"24":null,"25":null,"26":null,"27":null,"28":0.012198,"29":0.079287,"30":0.012198,"31":null,"32":0.201267,"33":0.006099,"34":0.079287,"35":0.024396,"36":null,"37":null,"38":0.158574,"39":0.115881,"40":0.085386,"41":0.030495,"42":null,"43":0.256158,"44":0.396435,"45":0.036594,"46":0.06099,"47":1.140513,"48":0.494019,"49":6.147792,"50":4.263201,"51":0.408633,"52":null,"53":null},"chrome":{"4":null,"5":null,"6":null,"7":null,"8":null,"9":null,"10":null,"11":0.018297,"12":0.024396,"13":null,"14":0.018297,"15":null,"16":null,"17":null,"18":0.018297,"19":null,"20":null,"21":null,"22":null,"23":null,"24":0.042693,"25":0.073188,"26":0.012198,"27":0.012198,"28":0.030495,"29":null,"30":null,"31":0.048792,"32":0.006099,"33":0.012198,"34":0.103683,"35":0.006099,"36":null,"37":0.012198,"38":null,"39":0.054891,"40":0.396435,"41":0.030495,"42":null,"43":0.06099,"44":0.128079,"45":0.067089,"46":0.042693,"47":0.170772,"48":0.109782,"49":0.811167,"50":0.036594,"51":0.457425,"52":0.213465,"53":0.823365,"54":27.402807,"55":0.048792,"56":0.097584,"57":null},"opera":{"9":null,"9.5-9.6":null,"10.0-10.1":0,"10.5":null,"10.6":null,"11":null,"11.1":null,"11.5":null,"11.6":null,"12":null,"12.1":null,"15":null,"16":null,"17":null,"18":null,"19":null,"20":null,"21":null,"22":null,"23":null,"24":null,"25":null,"26":null,"27":null,"28":null,"29":null,"30":null,"31":null,"32":null,"33":null,"34":null,"35":null,"36":0.012198,"37":0.012198,"38":null,"39":0.006099,"40":0.006099,"41":0.146376,"42":null,"43":null},"safari":{"3.1":null,"3.2":null,"4":0,"5":0.012198,"5.1":0.097584,"6":0.048792,"6.1":0.067089,"7":0.06099,"7.1":null,"8":0.054891,"9":0.140277,"9.1":0.439128,"10":0.884355,"0":null},"ios_saf":{"3.2":0,"4.0-4.1":0,"4.2-4.3":0,"5.0-5.1":0,"6.0-6.1":0,"7.0-7.1":0.123194091846,"8":0,"8.1-8.4":0.159125701968,"9.0-9.2":0.122623748828,"9.3":0.803042969072,"10-10.1":4.26901748828},"android":{"2.1":0,"2.2":0,"2.3":0.0154657813796,"3":0,"4":0.134036771956,"4.1":0.425308987938,"4.2-4.3":1.2140638383,"4.4":2.86116955522,"4.4.3-4.4.4":2.18840806521,"53":null},"op_mob":{"10":0,"11":0,"11.1":0,"11.5":0,"12":0,"12.1":0.000440899262899,"0":0.0158723734644},"ie":{"5.5":null,"6":null,"7":null,"8":1.16436435468,"9":0.326514871946,"10":0.332675529907,"11":5.48914624347},"edge":{"12":0.286653,"13":0.54891,"14":1.171008},"bb":{"7":0,"10":null},"ie_mob":{"10":0.067971024,"11":0.318227976},"and_ff":{"0":1.494083},"samsung":{"0":2.297689},"and_uc":{"0":0.979151},"op_mini":{"0":0.213845727273},"and_chr":{"0":24.17193}},"total":99.174773}