{"id":"WF","name":"Wallis and Futuna","month":"2016-11","access_date":"2016-12-03","data":{"firefox":{"2":null,"3":null,"3.5":null,"3.6":0.031338,"4":null,"5":null,"6":null,"7":null,"8":null,"9":null,"10":null,"11":null,"12":null,"13":null,"14":0.308157,"15":null,"16":null,"17":0.015669,"18":null,"19":null,"20":null,"21":null,"22":null,"23":null,"24":null,"25":null,"26":null,"27":null,"28":null,"29":null,"30":null,"31":null,"32":null,"33":null,"34":null,"35":null,"36":null,"37":null,"38":0.433509,"39":0.078345,"40":0.015669,"41":null,"42":null,"43":0.370833,"44":0.078345,"45":1.091607,"46":0.047007,"47":0.459624,"48":0.047007,"49":6.069126,"50":2.465256,"51":null,"52":null,"53":null},"chrome":{"4":null,"5":null,"6":null,"7":null,"8":null,"9":null,"10":null,"11":null,"12":null,"13":null,"14":null,"15":null,"16":null,"17":null,"18":null,"19":null,"20":null,"21":null,"22":null,"23":0.229812,"24":null,"25":0.062676,"26":null,"27":0.584976,"28":null,"29":null,"30":null,"31":0.094014,"32":null,"33":null,"34":0.861795,"35":null,"36":null,"37":null,"38":0.078345,"39":null,"40":null,"41":null,"42":null,"43":null,"44":null,"45":null,"46":null,"47":0.125352,"48":null,"49":1.493778,"50":0.031338,"51":0.047007,"52":0.031338,"53":0.506631,"54":24.730905,"55":0.031338,"56":0.015669,"57":null},"opera":{"9":null,"9.5-9.6":null,"10.0-10.1":0,"10.5":null,"10.6":null,"11":null,"11.1":null,"11.5":null,"11.6":null,"12":null,"12.1":null,"15":null,"16":null,"17":null,"18":null,"19":null,"20":null,"21":null,"22":null,"23":null,"24":null,"25":null,"26":null,"27":null,"28":null,"29":null,"30":null,"31":null,"32":null,"33":null,"34":null,"35":null,"36":null,"37":0.433509,"38":null,"39":null,"40":0.062676,"41":0.109683,"42":null,"43":null},"safari":{"3.1":null,"3.2":null,"4":0.047007,"5":null,"5.1":null,"6":null,"6.1":0.015669,"7":null,"7.1":null,"8":0.182805,"9":0.245481,"9.1":0.015669,"10":0.308157,"0":null},"ios_saf":{"3.2":0,"4.0-4.1":0,"4.2-4.3":0,"5.0-5.1":0,"6.0-6.1":0,"7.0-7.1":0.0530797675726,"8":0,"8.1-8.4":0.068561366448,"9.0-9.2":0.0528340279079,"9.3":0.346001447881,"10-10.1":1.83936139019},"android":{"2.1":0,"2.2":0,"2.3":0.00305742404825,"3":0,"4":0.0264976750848,"4.1":0.0840791613268,"4.2-4.3":0.240007787787,"4.4":0.565623448926,"4.4.3-4.4.4":0.432625502827,"53":null},"op_mob":{"10":0,"11":0,"11.1":0,"11.5":0,"12":0,"12.1":0.000247075917212,"0":0.00889473301961},"ie":{"5.5":null,"6":null,"7":null,"8":0.031338,"9":0.125352,"10":0.047007,"11":4.54401},"edge":{"12":0.015669,"13":0.725997,"14":0.015669},"bb":{"7":0,"10":null},"ie_mob":{"10":0.40776472,"11":1.90908028},"and_ff":{"0":0.343944},"samsung":{"0":6.773786},"and_uc":{"0":0.277066},"op_mini":{"0":0.119837191063},"and_chr":{"0":38.222188}},"total":99.136701}