{"id":"WS","name":"Samoa","month":"2016-11","access_date":"2016-12-03","data":{"firefox":{"2":null,"3":0.030465,"3.5":null,"3.6":0.048744,"4":null,"5":0.012186,"6":0.067023,"7":null,"8":null,"9":null,"10":0.073116,"11":0.048744,"12":0.06093,"13":null,"14":0.079209,"15":null,"16":0.018279,"17":null,"18":0.036558,"19":0.170604,"20":0.006093,"21":null,"22":0.012186,"23":null,"24":null,"25":null,"26":0.006093,"27":0.006093,"28":null,"29":null,"30":0.127953,"31":null,"32":null,"33":null,"34":0.018279,"35":0.231534,"36":null,"37":4.807377,"38":0.054837,"39":0.012186,"40":0.085302,"41":0.018279,"42":0.036558,"43":0.505719,"44":0.036558,"45":0.103581,"46":0.018279,"47":0.396045,"48":0.310743,"49":6.15393,"50":3.387708,"51":0.012186,"52":0.006093,"53":null},"chrome":{"4":null,"5":null,"6":null,"7":null,"8":null,"9":null,"10":null,"11":null,"12":null,"13":null,"14":0.091395,"15":null,"16":null,"17":null,"18":0.109674,"19":0.030465,"20":null,"21":null,"22":null,"23":null,"24":0.109674,"25":0.042651,"26":0.054837,"27":0.030465,"28":null,"29":0.024372,"30":null,"31":0.012186,"32":null,"33":null,"34":0.036558,"35":0.036558,"36":0.012186,"37":0.024372,"38":null,"39":null,"40":0.018279,"41":0.042651,"42":0.018279,"43":0.06093,"44":0.036558,"45":0.048744,"46":0.024372,"47":0.152325,"48":0.030465,"49":1.115019,"50":0.164511,"51":0.158418,"52":0.12186,"53":0.907857,"54":27.979056,"55":0.103581,"56":0.018279,"57":null},"opera":{"9":null,"9.5-9.6":null,"10.0-10.1":0,"10.5":null,"10.6":null,"11":null,"11.1":null,"11.5":null,"11.6":null,"12":null,"12.1":null,"15":null,"16":null,"17":null,"18":null,"19":null,"20":null,"21":null,"22":null,"23":null,"24":null,"25":null,"26":null,"27":null,"28":null,"29":null,"30":null,"31":null,"32":null,"33":null,"34":null,"35":null,"36":null,"37":0.042651,"38":null,"39":0.012186,"40":null,"41":0.012186,"42":null,"43":null},"safari":{"3.1":null,"3.2":null,"4":0.006093,"5":0.036558,"5.1":0.006093,"6":null,"6.1":0.12186,"7":null,"7.1":0.030465,"8":0.048744,"9":0.554463,"9.1":0.377766,"10":0.743346,"0":null},"ios_saf":{"3.2":0,"4.0-4.1":0,"4.2-4.3":0,"5.0-5.1":0,"6.0-6.1":0,"7.0-7.1":0.0308458931584,"8":0,"8.1-8.4":0.0398426119963,"9.0-9.2":0.0307030880975,"9.3":0.201069525773,"10-10.1":1.06889588097},"android":{"2.1":0,"2.2":0,"2.3":0.00141376554844,"3":0,"4":0.0122526347531,"4.1":0.038878552582,"4.2-4.3":0.110980595552,"4.4":0.261546626461,"4.4.3-4.4.4":0.200047825104,"53":null},"op_mob":{"10":0,"11":0,"11.1":0,"11.5":0,"12":0,"12.1":0.0435515061842,"0":1.56785422263},"ie":{"5.5":null,"6":null,"7":null,"8":0.676323,"9":1.182042,"10":0.377766,"11":5.855373},"edge":{"12":0.201069,"13":0.456975,"14":0.725067},"bb":{"7":0,"10":null},"ie_mob":{"10":0.019941328,"11":0.093361672},"and_ff":{"0":0.023442},"samsung":{"0":1.476846},"and_uc":{"0":7.817907},"op_mini":{"0":21.1234272712},"and_chr":{"0":5.287422}},"total":99.533303}