{"id":"YE","name":"Yemen","month":"2016-11","access_date":"2016-12-03","data":{"firefox":{"2":0.048075,"3":0.022435,"3.5":null,"3.6":0.022435,"4":0.009615,"5":0.003205,"6":0.028845,"7":null,"8":0.00641,"9":0.02564,"10":0.016025,"11":0.02564,"12":0.054485,"13":0.048075,"14":0.01282,"15":0.10256,"16":0.0641,"17":0.016025,"18":0.157045,"19":0.028845,"20":0.016025,"21":0.195505,"22":0.048075,"23":0.092945,"24":0.04487,"25":0.16025,"26":0.10256,"27":0.067305,"28":0.05128,"29":0.086535,"30":0.08333,"31":0.04487,"32":0.08333,"33":0.073715,"34":0.092945,"35":0.13461,"36":0.182685,"37":0.073715,"38":0.0641,"39":0.16025,"40":0.099355,"41":0.14102,"42":0.099355,"43":0.746765,"44":0.253195,"45":0.471135,"46":0.17948,"47":0.721125,"48":0.503185,"49":2.355675,"50":0.95509,"51":0.035255,"52":null,"53":null},"chrome":{"4":null,"5":0.00641,"6":0.009615,"7":null,"8":0.035255,"9":null,"10":0.00641,"11":0.09615,"12":0.00641,"13":0.016025,"14":0.02564,"15":0.022435,"16":0.00641,"17":0.022435,"18":0.028845,"19":0.060895,"20":0.01282,"21":0.00641,"22":0.16025,"23":0.086535,"24":0.176275,"25":0.022435,"26":0.04487,"27":0.054485,"28":0.03846,"29":0.041665,"30":0.163455,"31":0.323705,"32":0.22435,"33":0.19871,"34":0.060895,"35":0.150635,"36":0.07692,"37":0.080125,"38":0.08974,"39":0.36537,"40":0.16666,"41":0.22435,"42":0.05128,"43":0.298065,"44":0.13461,"45":0.182685,"46":0.16666,"47":0.26281,"48":0.21153,"49":1.24995,"50":0.17307,"51":0.41665,"52":0.2564,"53":0.964705,"54":10.08934,"55":0.041665,"56":0.01282,"57":null},"opera":{"9":null,"9.5-9.6":null,"10.0-10.1":0.016025,"10.5":null,"10.6":null,"11":null,"11.1":null,"11.5":null,"11.6":null,"12":null,"12.1":null,"15":null,"16":null,"17":null,"18":0.01282,"19":0.003205,"20":0.003205,"21":0.009615,"22":null,"23":null,"24":null,"25":null,"26":null,"27":null,"28":0.05769,"29":0.04487,"30":0.01923,"31":0.016025,"32":0.003205,"33":0.028845,"34":0.02564,"35":0.03205,"36":0.00641,"37":0.08974,"38":0.01923,"39":0.03205,"40":0.035255,"41":0.1282,"42":null,"43":null},"safari":{"3.1":null,"3.2":null,"4":0.003205,"5":0.0641,"5.1":0.060895,"6":null,"6.1":null,"7":0.01923,"7.1":null,"8":0.03205,"9":0.01923,"9.1":0.035255,"10":0.048075,"0":null},"ios_saf":{"3.2":0,"4.0-4.1":0,"4.2-4.3":0,"5.0-5.1":0,"6.0-6.1":0,"7.0-7.1":0.10776787254,"8":0,"8.1-8.4":0.139200168697,"9.0-9.2":0.107268947204,"9.3":0.702486872852,"10-10.1":3.73445613871},"android":{"2.1":0,"2.2":0,"2.3":0.0444032657369,"3":0,"4":0.384828303053,"4.1":1.22108980776,"4.2-4.3":3.48565636035,"4.4":8.21460416133,"4.4.3-4.4.4":6.28306210177,"53":null},"op_mob":{"10":0,"11":0,"11.1":0,"11.5":0,"12":0,"12.1":0.00747268496231,"0":0.269016658643},"ie":{"5.5":null,"6":0.0065876443418,"7":0.0032938221709,"8":0.342557505774,"9":0.151515819861,"10":0.187747863741,"11":0.734522344111},"edge":{"12":0.05128,"13":0.080125,"14":0.02564},"bb":{"7":0.022087,"10":null},"ie_mob":{"10":0.027510208,"11":0.128797792},"and_ff":{"0":0.115532},"samsung":{"0":3.275672},"and_uc":{"0":5.769804},"op_mini":{"0":3.62441465639},"and_chr":{"0":31.769804}},"total":98.619665}