{"id":"YT","name":"Mayotte","month":"2016-11","access_date":"2016-12-03","data":{"firefox":{"2":null,"3":null,"3.5":null,"3.6":0.039798,"4":null,"5":null,"6":null,"7":0.013266,"8":null,"9":null,"10":null,"11":null,"12":0.006633,"13":null,"14":null,"15":0.013266,"16":0.232155,"17":0.232155,"18":0.019899,"19":null,"20":null,"21":0.006633,"22":null,"23":null,"24":0.033165,"25":null,"26":null,"27":0.006633,"28":0.013266,"29":null,"30":0.013266,"31":null,"32":0.039798,"33":0.006633,"34":0.238788,"35":0.053064,"36":0.192357,"37":0.072963,"38":0.285219,"39":0.026532,"40":0.033165,"41":0.119394,"42":0.139293,"43":0.258687,"44":0.285219,"45":0.278586,"46":0.092862,"47":0.835758,"48":0.252054,"49":7.455492,"50":2.971584,"51":0.026532,"52":0.006633,"53":0.046431},"chrome":{"4":null,"5":null,"6":null,"7":null,"8":null,"9":null,"10":null,"11":0.033165,"12":null,"13":null,"14":null,"15":null,"16":null,"17":null,"18":null,"19":null,"20":null,"21":null,"22":null,"23":null,"24":0.019899,"25":null,"26":0.019899,"27":null,"28":0.019899,"29":null,"30":null,"31":null,"32":null,"33":0.019899,"34":0.039798,"35":0.053064,"36":0.059697,"37":null,"38":null,"39":0.013266,"40":0.112761,"41":0.013266,"42":0.006633,"43":0.258687,"44":0.053064,"45":0.033165,"46":0.092862,"47":0.046431,"48":0.033165,"49":0.742896,"50":0.252054,"51":0.497475,"52":0.325017,"53":0.776061,"54":32.607828,"55":0.185724,"56":0.026532,"57":null},"opera":{"9":null,"9.5-9.6":null,"10.0-10.1":0,"10.5":null,"10.6":null,"11":null,"11.1":null,"11.5":null,"11.6":0.013266,"12":null,"12.1":null,"15":null,"16":null,"17":0.019899,"18":null,"19":null,"20":null,"21":null,"22":null,"23":null,"24":null,"25":null,"26":null,"27":null,"28":null,"29":null,"30":null,"31":null,"32":null,"33":null,"34":null,"35":0.013266,"36":0.013266,"37":0.026532,"38":null,"39":null,"40":0.099495,"41":0.895455,"42":null,"43":null},"safari":{"3.1":0.013266,"3.2":null,"4":0,"5":0.019899,"5.1":0.059697,"6":null,"6.1":0.013266,"7":0.006633,"7.1":null,"8":0.033165,"9":0.013266,"9.1":0.39798,"10":2.023065,"0":null},"ios_saf":{"3.2":0,"4.0-4.1":0,"4.2-4.3":0,"5.0-5.1":0,"6.0-6.1":0,"7.0-7.1":0.0616473402062,"8":0,"8.1-8.4":0.079627814433,"9.0-9.2":0.0613619358534,"9.3":0.401849328751,"10-10.1":2.13625158076},"android":{"2.1":0,"2.2":0,"2.3":0.00581007387863,"3":0,"4":0.0503539736148,"4.1":0.159777031662,"4.2-4.3":0.456090799472,"4.4":1.07486366755,"4.4.3-4.4.4":0.822125453826,"53":null},"op_mob":{"10":0,"11":0,"11.1":0,"11.5":0,"12":0,"12.1":0.0023413220339,"0":0.0842875932203},"ie":{"5.5":null,"6":0.039798,"7":0.006633,"8":0.139293,"9":0.099495,"10":0.072963,"11":2.752695},"edge":{"12":0.650034,"13":0.46431,"14":1.65825},"bb":{"7":0.00252525,"10":null},"ie_mob":{"10":0.117925808,"11":0.552107192},"and_ff":{"0":0.023569},"samsung":{"0":2.979795},"and_uc":{"0":0.255892},"op_mini":{"0":1.13559208475},"and_chr":{"0":27.617354}},"total":98.31542125}