{"id":"ZA","name":"South Africa","month":"2016-11","access_date":"2016-12-03","data":{"firefox":{"2":null,"3":0.011635,"3.5":null,"3.6":0.006981,"4":null,"5":null,"6":null,"7":null,"8":null,"9":null,"10":0.002327,"11":0.002327,"12":0.006981,"13":null,"14":null,"15":null,"16":0.004654,"17":null,"18":0.004654,"19":0.027924,"20":0.011635,"21":0.006981,"22":0.002327,"23":null,"24":0.002327,"25":0.004654,"26":null,"27":0.002327,"28":0.002327,"29":0.011635,"30":0.006981,"31":0.004654,"32":0.002327,"33":0.006981,"34":0.020943,"35":0.004654,"36":0.016289,"37":0.009308,"38":0.025597,"39":0.016289,"40":0.030251,"41":0.016289,"42":0.011635,"43":0.060502,"44":0.027924,"45":0.044213,"46":0.034905,"47":0.167544,"48":0.107042,"49":1.340352,"50":0.739986,"51":0.048867,"52":0.002327,"53":null},"chrome":{"4":null,"5":null,"6":null,"7":null,"8":null,"9":null,"10":null,"11":0.025597,"12":0.004654,"13":null,"14":null,"15":null,"16":null,"17":null,"18":0.009308,"19":null,"20":null,"21":0.013962,"22":0.004654,"23":0.002327,"24":null,"25":0.004654,"26":0.034905,"27":0.004654,"28":0.006981,"29":0.004654,"30":0.004654,"31":0.027924,"32":0.006981,"33":0.013962,"34":0.011635,"35":0.011635,"36":0.039559,"37":0.006981,"38":0.016289,"39":0.025597,"40":0.079118,"41":0.027924,"42":0.011635,"43":0.083772,"44":0.027924,"45":0.020943,"46":0.048867,"47":0.034905,"48":0.041886,"49":0.574769,"50":0.062829,"51":0.151255,"52":0.125658,"53":0.316472,"54":10.222511,"55":0.037232,"56":0.027924,"57":null},"opera":{"9":null,"9.5-9.6":null,"10.0-10.1":0,"10.5":null,"10.6":null,"11":null,"11.1":null,"11.5":null,"11.6":0.013962,"12":0.002327,"12.1":0.260624,"15":null,"16":null,"17":null,"18":null,"19":null,"20":null,"21":null,"22":null,"23":null,"24":null,"25":null,"26":null,"27":null,"28":0.009308,"29":null,"30":0.004654,"31":null,"32":0.002327,"33":0.004654,"34":0.004654,"35":0.011635,"36":0.016289,"37":0.079118,"38":0.006981,"39":0.004654,"40":0.011635,"41":0.183833,"42":null,"43":null},"safari":{"3.1":null,"3.2":null,"4":0,"5":0.009308,"5.1":0.025597,"6":0.006981,"6.1":0.016289,"7":0.016289,"7.1":0.051194,"8":0.060502,"9":0.065156,"9.1":0.235027,"10":0.472381,"0":null},"ios_saf":{"3.2":0,"4.0-4.1":0,"4.2-4.3":0,"5.0-5.1":0,"6.0-6.1":0,"7.0-7.1":0.0926800599813,"8":0,"8.1-8.4":0.119711744142,"9.0-9.2":0.0922509856295,"9.3":0.604136687285,"10-10.1":3.21162152296},"android":{"2.1":0,"2.2":0,"2.3":0.00683715491896,"3":0,"4":0.059255342631,"4.1":0.188021760271,"4.2-4.3":0.536716661138,"4.4":1.26487366001,"4.4.3-4.4.4":0.967457421033,"53":null},"op_mob":{"10":0,"11":0,"11.1":0,"11.5":0,"12":0,"12.1":0.0732726285762,"0":2.63781462874},"ie":{"5.5":null,"6":0.00698916014027,"7":0.0232972004676,"8":0.291215005845,"9":0.27257724547,"10":0.267917805377,"11":3.1241545827},"edge":{"12":0.081445,"13":0.246662,"14":0.646906},"bb":{"7":0.8785585,"10":null},"ie_mob":{"10":0.271440048,"11":1.270832952},"and_ff":{"0":0.030692},"samsung":{"0":6.690856},"and_uc":{"0":2.271208},"op_mini":{"0":35.5388177427},"and_chr":{"0":18.010321}},"total":96.3886665}