{"id":"ZM","name":"Zambia","month":"2016-11","access_date":"2016-12-03","data":{"firefox":{"2":0.001274,"3":0.017836,"3.5":0.003822,"3.6":0.010192,"4":0.01274,"5":0.00637,"6":0.00637,"7":0.003822,"8":0.005096,"9":0.005096,"10":0.014014,"11":0.008918,"12":0.016562,"13":0.011466,"14":0.015288,"15":0.011466,"16":0.01274,"17":0.02548,"18":0.015288,"19":0.008918,"20":0.01274,"21":0.022932,"22":0.00637,"23":0.007644,"24":0.005096,"25":0.007644,"26":0.01274,"27":0.005096,"28":0.003822,"29":0.01911,"30":0.021658,"31":0.010192,"32":0.005096,"33":0.010192,"34":0.010192,"35":0.015288,"36":0.020384,"37":0.029302,"38":0.02548,"39":0.026754,"40":0.020384,"41":0.015288,"42":0.011466,"43":0.123578,"44":0.078988,"45":0.061152,"46":0.03185,"47":0.256074,"48":0.137592,"49":1.28037,"50":0.653562,"51":0.071344,"52":null,"53":null},"chrome":{"4":0.001274,"5":null,"6":null,"7":null,"8":null,"9":null,"10":null,"11":0.02548,"12":null,"13":null,"14":null,"15":null,"16":0.001274,"17":null,"18":0.001274,"19":0.002548,"20":null,"21":0.003822,"22":0.001274,"23":0.002548,"24":null,"25":0.00637,"26":0.017836,"27":0.005096,"28":0.007644,"29":0.00637,"30":0.002548,"31":0.020384,"32":0.01911,"33":0.01911,"34":0.003822,"35":0.003822,"36":0.008918,"37":0.005096,"38":0.010192,"39":0.014014,"40":0.015288,"41":0.021658,"42":0.00637,"43":0.072618,"44":0.010192,"45":0.039494,"46":0.007644,"47":0.011466,"48":0.035672,"49":0.1274,"50":0.04459,"51":0.135044,"52":0.14014,"53":0.194922,"54":4.06406,"55":0.022932,"56":0.017836,"57":null},"opera":{"9":null,"9.5-9.6":0.002548,"10.0-10.1":0,"10.5":null,"10.6":0.002548,"11":0.003822,"11.1":0.00637,"11.5":0.002548,"11.6":0.015288,"12":0.008918,"12.1":0.017836,"15":0.002548,"16":0.001274,"17":0.002548,"18":0.001274,"19":null,"20":0.008918,"21":0.002548,"22":0.003822,"23":null,"24":null,"25":null,"26":null,"27":null,"28":0.021658,"29":0.007644,"30":0.002548,"31":null,"32":0.001274,"33":0.003822,"34":0.008918,"35":0.007644,"36":0.02548,"37":0.08281,"38":0.014014,"39":0.011466,"40":0.061152,"41":0.36946,"42":null,"43":null},"safari":{"3.1":null,"3.2":null,"4":0.003822,"5":0.003822,"5.1":0.026754,"6":0.001274,"6.1":0.007644,"7":0.007644,"7.1":0.014014,"8":0.024206,"9":0.024206,"9.1":0.123578,"10":0.1911,"0":null},"ios_saf":{"3.2":0,"4.0-4.1":0,"4.2-4.3":0,"5.0-5.1":0,"6.0-6.1":0,"7.0-7.1":0.0200153252109,"8":0,"8.1-8.4":0.0258531283974,"9.0-9.2":0.0199226616682,"9.3":0.130470268041,"10-10.1":0.693586616682},"android":{"2.1":0,"2.2":0,"2.3":0.00692527101395,"3":0,"4":0.0600190154542,"4.1":0.190444952884,"4.2-4.3":0.543633774595,"4.4":1.28117513758,"4.4.3-4.4.4":0.979925848473,"53":null},"op_mob":{"10":0,"11":0,"11.1":0,"11.5":0,"12":0,"12.1":0.125924525882,"0":4.53328293175},"ie":{"5.5":null,"6":0.00921052304965,"7":0.0118421010638,"8":0.252631489362,"9":0.0934210195035,"10":0.156578891844,"11":0.960525975177},"edge":{"12":0.132496,"13":0.166894,"14":0.20384},"bb":{"7":0.176661,"10":null},"ie_mob":{"10":0.282518016,"11":1.322697984},"and_ff":{"0":0.017448},"samsung":{"0":1.26498},"and_uc":{"0":7.4154},"op_mini":{"0":61.0761325424},"and_chr":{"0":6.262124}},"total":97.934635}