{"id":"ZW","name":"Zimbabwe","month":"2016-11","access_date":"2016-12-03","data":{"firefox":{"2":null,"3":0.04342,"3.5":0.00668,"3.6":0.0334,"4":0.01336,"5":null,"6":null,"7":0.00668,"8":0.00334,"9":0.00668,"10":0.0167,"11":0.0334,"12":0.02672,"13":0.00668,"14":0.09352,"15":0.02338,"16":0.00668,"17":0.00334,"18":0.01002,"19":0.00668,"20":0.01336,"21":0.02672,"22":0.02338,"23":0.01002,"24":0.04342,"25":0.01336,"26":0.00668,"27":0.0167,"28":0.02338,"29":0.04342,"30":0.03006,"31":0.07682,"32":0.01002,"33":0.02672,"34":0.0167,"35":0.02338,"36":0.02004,"37":0.05678,"38":0.08684,"39":0.0334,"40":0.06012,"41":0.04342,"42":0.0668,"43":0.24048,"44":0.22044,"45":0.14696,"46":0.09018,"47":0.65464,"48":0.34068,"49":4.28188,"50":2.25116,"51":0.26386,"52":0.01002,"53":null},"chrome":{"4":null,"5":null,"6":null,"7":null,"8":null,"9":null,"10":null,"11":0.02004,"12":null,"13":null,"14":null,"15":null,"16":null,"17":null,"18":null,"19":null,"20":0.00334,"21":null,"22":null,"23":null,"24":0.00668,"25":0.00668,"26":0.00668,"27":0.0167,"28":0.00668,"29":0.02338,"30":0.00668,"31":0.02338,"32":0.02672,"33":0.0167,"34":0.02338,"35":0.0167,"36":0.02004,"37":0.02338,"38":0.01002,"39":0.02338,"40":0.03674,"41":0.0501,"42":0.01336,"43":0.30394,"44":0.02672,"45":0.04676,"46":0.02672,"47":0.04008,"48":0.04342,"49":0.42084,"50":0.06346,"51":0.2505,"52":0.22712,"53":0.40414,"54":12.6085,"55":0.0501,"56":0.0334,"57":null},"opera":{"9":null,"9.5-9.6":null,"10.0-10.1":0,"10.5":null,"10.6":null,"11":0.00334,"11.1":null,"11.5":0.00668,"11.6":0.02004,"12":0.02004,"12.1":0.03674,"15":null,"16":0.00334,"17":null,"18":0.01002,"19":null,"20":null,"21":0.00668,"22":null,"23":null,"24":null,"25":null,"26":null,"27":null,"28":0.04342,"29":0.00668,"30":0.00334,"31":0.00334,"32":null,"33":0.01002,"34":0.0167,"35":0.02004,"36":0.05678,"37":0.08016,"38":0.0167,"39":0.0334,"40":0.09018,"41":1.16232,"42":0.01002,"43":null},"safari":{"3.1":null,"3.2":null,"4":0,"5":0.01002,"5.1":0.0334,"6":null,"6.1":0.00668,"7":0.02672,"7.1":0.00668,"8":0.05344,"9":0.09352,"9.1":0.14362,"10":0.33734,"0":null},"ios_saf":{"3.2":0,"4.0-4.1":0,"4.2-4.3":0,"5.0-5.1":0,"6.0-6.1":0,"7.0-7.1":0.0232194939082,"8":0,"8.1-8.4":0.029991846298,"9.0-9.2":0.0231119962512,"9.3":0.151356701031,"10-10.1":0.804619962512},"android":{"2.1":0,"2.2":0,"2.3":0.0081034602337,"3":0,"4":0.070229988692,"4.1":0.222845156427,"4.2-4.3":0.636121628345,"4.4":1.49914014323,"4.4.3-4.4.4":1.14663962307,"53":null},"op_mob":{"10":0,"11":0,"11.1":0,"11.5":0,"12":0,"12.1":0.0932233590139,"0":3.3560409245},"ie":{"5.5":null,"6":0.00671348370927,"7":null,"8":0.577359598997,"9":0.285323057644,"10":0.375955087719,"11":2.77266877193},"edge":{"12":0.334,"13":0.3006,"14":0.52104},"bb":{"7":0.061605,"10":null},"ie_mob":{"10":0.2813184,"11":1.3170816},"and_ff":{"0":0.0333},"samsung":{"0":1.2321},"and_uc":{"0":3.56976},"op_mini":{"0":45.2153557165},"and_chr":{"0":6.56174}},"total":98.420945}